,iter1,iter2,iter3,iter4,iter5,iter6,iter7,iter8,iter9,iter10,iter11,iter12,iter13,iter14,iter15,iter16,iter17,iter18,iter19,iter20,iter21,iter22,iter23,iter24,iter25,iter26,iter27,iter28,iter29,iter30,iter31,iter32,iter33,iter34,iter35,iter36,iter37,iter38,iter39,iter40,iter41,iter42,iter43,iter44,iter45,iter46,iter47,iter48,iter49,iter50,iter51,iter52,iter53,iter54,iter55,iter56,iter57,iter58,iter59,iter60,iter61,iter62,iter63,iter64,iter65,iter66,iter67,iter68,iter69,iter70,iter71,iter72,iter73,iter74,iter75,iter76,iter77,iter78,iter79,iter80,iter81,iter82,iter83,iter84,iter85,iter86,iter87,iter88,iter89,iter90,iter91,iter92,iter93,iter94,iter95,iter96,iter97,iter98,iter99,iter100,iter101,iter102,iter103,iter104,iter105,iter106,iter107,iter108,iter109,iter110,iter111,iter112,iter113,iter114,iter115,iter116,iter117,iter118,iter119,iter120,iter121,iter122,iter123,iter124,iter125,iter126,iter127,iter128,iter129,iter130,iter131,iter132,iter133,iter134,iter135,iter136,iter137,iter138,iter139,iter140,iter141,iter142,iter143,iter144,iter145,iter146,iter147,iter148,iter149,iter150,iter151,iter152,iter153,iter154,iter155,iter156,iter157,iter158,iter159,iter160,iter161,iter162,iter163,iter164,iter165,iter166,iter167,iter168,iter169,iter170,iter171,iter172,iter173,iter174,iter175,iter176,iter177,iter178,iter179,iter180,iter181,iter182,iter183,iter184,iter185,iter186,iter187,iter188,iter189,iter190,iter191,iter192,iter193,iter194,iter195,iter196,iter197,iter198,iter199,iter200,iter201,iter202,iter203,iter204,iter205,iter206,iter207,iter208,iter209,iter210,iter211,iter212,iter213,iter214,iter215,iter216,iter217,iter218,iter219,iter220,iter221,iter222,iter223,iter224,iter225,iter226,iter227,iter228,iter229,iter230,iter231,iter232,iter233,iter234,iter235,iter236,iter237,iter238,iter239,iter240,iter241,iter242,iter243,iter244,iter245,iter246,iter247,iter248,iter249,iter250,iter251
run1,0.3799999999999999,0.6,1.1400000000000001,1.86,2.2199999999999998,2.6199999999999997,2.8,2.96,3.7800000000000002,4.08,4.12,5.2,5.98,6.340000000000001,6.720000000000001,6.98,7.0600000000000005,8.64,8.680000000000001,8.720000000000002,8.720000000000002,9.760000000000002,9.820000000000002,10.200000000000003,11.040000000000003,11.060000000000002,11.140000000000002,11.740000000000002,12.000000000000002,12.240000000000002,12.380000000000003,12.380000000000003,12.580000000000002,12.700000000000001,12.82,13.36,14.74,15.42,15.54,15.799999999999999,16.16,16.64,17.18,17.419999999999998,17.84,17.88,17.939999999999998,17.939999999999998,18.279999999999998,18.999999999999996,19.479999999999997,20.08,20.54,20.939999999999998,21.54,21.66,21.96,21.98,22.16,22.56,23.16,23.7,23.74,23.759999999999998,23.819999999999997,23.979999999999997,25.4,25.7,26.32,26.56,26.599999999999998,26.799999999999997,27.179999999999996,27.659999999999997,27.919999999999998,28.38,28.7,28.84,29.42,29.740000000000002,29.78,30.1,30.5,31.0,31.64,32.660000000000004,33.02,33.84,34.06,34.260000000000005,34.540000000000006,34.74000000000001,34.78000000000001,35.34000000000001,35.78000000000001,35.88000000000001,35.94000000000001,36.180000000000014,36.460000000000015,36.52000000000002,36.90000000000002,37.16000000000002,37.56000000000002,37.76000000000002,38.18000000000002,38.380000000000024,39.22000000000003,39.40000000000003,39.68000000000003,40.660000000000025,41.24000000000002,41.32000000000002,41.660000000000025,42.04000000000003,44.880000000000024,45.40000000000003,45.86000000000003,46.480000000000025,46.50000000000003,46.60000000000003,46.88000000000003,47.62000000000003,48.220000000000034,49.860000000000035,53.38000000000004,53.820000000000036,54.640000000000036,56.28000000000004,56.320000000000036,56.70000000000004,56.860000000000035,57.06000000000004,59.960000000000036,60.38000000000004,60.680000000000035,61.000000000000036,61.44000000000003,62.320000000000036,62.88000000000004,63.40000000000004,63.600000000000044,63.68000000000004,64.52000000000004,64.86000000000004,65.46000000000004,65.88000000000004,66.04000000000003,66.60000000000004,67.18000000000004,67.54000000000003,69.78000000000003,69.96000000000004,70.42000000000003,70.96000000000004,71.48000000000003,72.04000000000003,72.34000000000003,72.72000000000003,76.24000000000002,76.72000000000003,77.06000000000003,77.40000000000003,77.70000000000003,78.04000000000003,78.08000000000004,78.80000000000004,79.16000000000004,79.80000000000004,81.56000000000004,81.88000000000004,82.28000000000004,82.62000000000005,83.08000000000004,83.22000000000004,83.50000000000004,83.68000000000005,83.74000000000005,83.88000000000005,87.58000000000006,88.06000000000006,88.18000000000006,89.32000000000006,91.40000000000006,94.14000000000006,95.30000000000005,96.72000000000006,97.10000000000005,97.50000000000006,97.86000000000006,98.38000000000005,98.92000000000006,99.48000000000006,100.00000000000006,100.54000000000006,101.26000000000006,101.78000000000006,102.14000000000006,102.50000000000006,102.82000000000005,102.92000000000004,103.26000000000005,103.44000000000005,103.98000000000006,105.14000000000006,108.84000000000006,109.42000000000006,110.22000000000006,111.02000000000005,111.52000000000005,112.30000000000005,112.88000000000005,113.44000000000005,114.38000000000005,114.80000000000005,115.74000000000005,116.64000000000006,117.12000000000006,117.54000000000006,118.70000000000006,119.12000000000006,119.80000000000007,120.52000000000007,121.70000000000007,122.14000000000007,122.70000000000007,122.98000000000008,123.28000000000007,124.20000000000007,124.82000000000008,125.24000000000008,125.52000000000008,129.20000000000007,129.70000000000007,129.80000000000007,130.52000000000007,132.64000000000007,132.92000000000007,133.18000000000006,133.70000000000007,134.52000000000007,135.44000000000005,137.56000000000006,140.84000000000006,141.64000000000007,142.78000000000006,143.72000000000006,144.46000000000006,145.08000000000007,145.62000000000006,146.10000000000005,148.40000000000006
run2,0.6,0.68,1.2200000000000002,1.3400000000000003,1.6600000000000004,1.9200000000000004,2.1800000000000006,2.5600000000000005,2.9400000000000004,4.5200000000000005,4.5600000000000005,4.6000000000000005,4.640000000000001,5.720000000000001,5.780000000000001,5.780000000000001,6.240000000000001,6.300000000000001,6.300000000000001,6.640000000000001,8.06,8.08,8.22,8.42,8.76,9.12,9.2,9.399999999999999,9.519999999999998,9.519999999999998,9.759999999999998,9.999999999999998,10.119999999999997,10.579999999999998,10.599999999999998,10.639999999999997,11.039999999999997,11.459999999999997,11.619999999999997,11.799999999999997,11.859999999999998,12.219999999999997,12.619999999999997,13.099999999999998,13.399999999999999,13.399999999999999,13.759999999999998,14.299999999999997,14.599999999999998,14.779999999999998,15.239999999999998,16.119999999999997,17.159999999999997,17.999999999999996,18.399999999999995,18.519999999999996,19.139999999999997,19.74,19.919999999999998,20.299999999999997,20.9,21.279999999999998,22.099999999999998,22.119999999999997,22.319999999999997,22.719999999999995,23.019999999999996,24.439999999999998,25.259999999999998,25.439999999999998,25.7,26.12,26.6,26.92,27.200000000000003,27.6,27.92,28.360000000000003,28.640000000000004,28.960000000000004,29.540000000000006,30.520000000000007,30.560000000000006,31.060000000000006,31.120000000000005,31.160000000000004,31.720000000000002,32.080000000000005,32.34,33.06,33.080000000000005,33.18000000000001,33.720000000000006,34.080000000000005,37.78000000000001,38.260000000000005,38.540000000000006,38.74000000000001,39.06000000000001,39.30000000000001,39.88000000000001,40.12000000000001,40.58000000000001,40.72000000000001,40.920000000000016,40.960000000000015,41.000000000000014,42.180000000000014,42.58000000000001,42.780000000000015,43.000000000000014,43.22000000000001,43.38000000000001,43.72000000000001,44.54000000000001,44.98000000000001,45.52000000000001,45.90000000000001,46.26000000000001,46.66000000000001,46.72000000000001,47.140000000000015,47.52000000000002,48.100000000000016,48.740000000000016,48.820000000000014,49.12000000000001,49.72000000000001,50.360000000000014,51.100000000000016,51.26000000000001,51.34000000000001,51.680000000000014,52.02000000000002,52.820000000000014,52.94000000000001,55.680000000000014,56.30000000000001,56.680000000000014,57.000000000000014,59.240000000000016,59.960000000000015,61.600000000000016,61.94000000000002,62.38000000000002,65.90000000000002,66.38000000000002,66.42000000000003,66.56000000000003,66.84000000000003,66.90000000000003,67.08000000000004,67.92000000000004,68.60000000000005,68.80000000000005,69.64000000000006,69.82000000000006,70.90000000000006,71.40000000000006,74.30000000000007,74.50000000000007,74.86000000000007,75.38000000000007,75.90000000000006,76.32000000000006,76.92000000000006,77.44000000000005,77.78000000000006,78.26000000000006,79.16000000000007,79.76000000000006,80.32000000000006,80.68000000000006,82.76000000000006,84.52000000000007,85.10000000000007,88.62000000000006,88.78000000000006,89.32000000000006,90.48000000000006,93.32000000000006,94.10000000000007,94.40000000000006,94.94000000000007,95.30000000000007,95.82000000000006,96.98000000000006,98.36000000000006,98.88000000000005,99.28000000000006,99.32000000000006,99.86000000000007,99.96000000000006,102.26000000000006,102.82000000000006,103.60000000000007,104.16000000000007,104.88000000000007,105.26000000000006,105.56000000000006,105.90000000000006,106.28000000000006,107.00000000000006,107.54000000000006,111.24000000000007,112.26000000000006,113.06000000000006,114.20000000000006,114.68000000000006,115.10000000000007,115.64000000000007,116.58000000000007,118.70000000000007,119.64000000000007,120.20000000000007,120.72000000000007,121.18000000000006,121.86000000000007,125.54000000000008,125.96000000000008,127.60000000000008,128.32000000000008,128.88000000000008,129.1800000000001,129.8000000000001,130.22000000000008,130.72000000000008,131.3000000000001,131.5800000000001,131.6800000000001,132.60000000000008,132.88000000000008,133.14000000000007,133.66000000000008,133.76000000000008,134.48000000000008,135.64000000000007,135.92000000000007,139.20000000000007,139.62000000000006,140.44000000000005,141.58000000000004,143.70000000000005,144.62000000000003,145.42000000000004,146.36000000000004,147.10000000000005,147.72000000000006,148.00000000000006,148.48000000000005,149.04000000000005
run3,0.28,0.7000000000000001,1.12,1.1400000000000001,1.9600000000000002,2.42,2.9799999999999995,3.26,3.32,3.42,4.24,4.78,5.16,5.5600000000000005,5.58,5.9,6.92,7.32,7.720000000000001,8.32,9.96,10.3,10.38,10.38,10.5,10.540000000000001,10.540000000000001,10.700000000000001,11.120000000000001,11.14,11.200000000000001,11.240000000000002,11.280000000000003,11.880000000000003,13.040000000000003,13.300000000000002,13.900000000000002,14.260000000000002,14.46,14.58,14.620000000000001,15.000000000000002,16.42,16.78,17.12,17.6,17.900000000000002,18.740000000000002,18.860000000000003,18.900000000000002,19.580000000000002,19.840000000000003,20.040000000000003,20.060000000000002,20.540000000000003,20.820000000000004,20.960000000000004,21.100000000000005,21.420000000000005,21.420000000000005,21.680000000000007,22.10000000000001,22.160000000000007,22.360000000000007,22.460000000000008,23.300000000000008,23.90000000000001,24.24000000000001,24.480000000000008,24.480000000000008,24.540000000000006,25.140000000000008,25.460000000000008,25.820000000000007,26.360000000000007,26.800000000000008,30.320000000000007,30.380000000000006,30.420000000000005,31.000000000000007,31.360000000000007,31.400000000000006,31.700000000000006,32.02,32.52,32.92,33.54,35.12,35.32,36.06,36.300000000000004,36.82000000000001,37.080000000000005,37.300000000000004,37.540000000000006,38.260000000000005,39.34,39.82,40.08,41.059999999999995,41.13999999999999,41.25999999999999,42.29999999999999,42.47999999999999,43.89999999999999,43.93999999999999,46.83999999999999,47.27999999999999,47.679999999999986,47.83999999999998,48.719999999999985,49.29999999999998,49.499999999999986,49.79999999999998,50.09999999999998,50.71999999999998,50.879999999999974,51.07999999999998,51.35999999999998,51.799999999999976,52.03999999999998,52.49999999999998,52.81999999999998,53.45999999999998,54.01999999999998,54.83999999999998,55.55999999999998,55.93999999999998,58.179999999999986,58.399999999999984,58.47999999999998,59.01999999999998,59.59999999999998,59.95999999999998,61.71999999999998,62.05999999999998,62.13999999999998,62.619999999999976,62.71999999999998,63.17999999999998,63.45999999999998,63.57999999999998,66.31999999999998,66.87999999999998,68.51999999999998,68.89999999999998,69.17999999999998,69.31999999999998,69.49999999999999,69.69999999999999,70.13999999999999,70.27999999999999,70.33999999999999,70.71999999999998,71.25999999999999,71.3,71.5,72.04,72.64,72.82000000000001,73.2,73.58,74.06,74.58,74.89999999999999,75.8,76.17999999999999,76.47999999999999,79.99999999999999,80.37999999999998,80.71999999999998,81.05999999999999,81.1,83.94,84.34,84.68,85.04,85.5,86.34,86.8,86.96,87.36,87.92,88.22,88.94,89.3,90.1,90.46,90.97999999999999,91.33999999999999,95.03999999999999,95.53999999999999,96.32,97.1,97.61999999999999,99.69999999999999,100.27999999999999,100.82,101.38,101.89999999999999,103.03999999999999,103.75999999999999,107.46,108.53999999999999,109.33999999999999,109.74,109.92,110.26,110.74000000000001,111.22000000000001,111.78000000000002,112.20000000000002,113.00000000000001,113.54000000000002,114.72000000000003,115.66000000000003,116.60000000000002,117.76000000000002,118.28000000000002,118.76000000000002,119.44000000000003,119.74000000000002,120.36000000000003,121.28000000000003,121.56000000000003,121.98000000000003,122.48000000000003,122.58000000000003,126.26000000000002,126.84000000000002,128.22000000000003,128.94000000000003,131.06000000000003,131.34000000000003,131.88000000000002,133.04000000000002,133.3,133.82000000000002,134.24,135.06,135.98,138.1,141.38,142.18,143.32,144.26,145.0,145.62,146.16,146.88,149.18
run4,1.7599999999999998,2.4399999999999995,3.3599999999999994,3.619999999999999,4.079999999999999,4.259999999999999,4.579999999999999,5.059999999999999,5.2799999999999985,6.439999999999999,6.699999999999998,6.699999999999998,6.759999999999998,7.159999999999998,7.299999999999998,7.459999999999998,7.8599999999999985,8.419999999999998,8.619999999999997,10.039999999999997,10.519999999999998,10.559999999999999,10.6,10.66,10.8,11.16,11.98,12.34,13.379999999999999,14.219999999999999,14.239999999999998,14.479999999999999,14.899999999999999,15.079999999999998,15.619999999999997,15.739999999999997,16.039999999999996,16.279999999999994,16.739999999999995,17.319999999999993,17.919999999999995,17.959999999999994,18.579999999999995,19.059999999999995,19.419999999999995,19.979999999999993,20.059999999999995,20.059999999999995,20.259999999999994,20.379999999999995,21.099999999999994,21.419999999999995,21.699999999999996,22.119999999999997,22.119999999999997,22.24,24.979999999999997,25.4,25.439999999999998,25.56,25.64,25.900000000000002,25.900000000000002,26.500000000000004,26.880000000000003,27.060000000000002,27.42,27.540000000000003,27.78,28.080000000000002,29.060000000000002,29.860000000000003,30.240000000000002,30.96,31.44,31.720000000000002,32.24,32.300000000000004,32.6,32.980000000000004,33.52,33.940000000000005,34.14000000000001,34.440000000000005,34.760000000000005,35.00000000000001,35.34000000000001,35.60000000000001,36.20000000000001,37.00000000000001,37.160000000000004,37.18000000000001,37.52000000000001,37.56000000000001,37.76000000000001,38.08000000000001,38.500000000000014,38.84000000000002,39.38000000000002,39.780000000000015,41.420000000000016,44.94000000000001,45.38000000000001,46.02000000000001,46.360000000000014,46.70000000000002,47.08000000000002,47.14000000000002,47.18000000000002,47.28000000000002,47.300000000000026,48.04000000000003,48.10000000000003,48.42000000000003,50.06000000000003,53.58000000000003,54.300000000000026,54.840000000000025,55.28000000000002,55.36000000000002,55.74000000000002,56.260000000000026,57.14000000000003,57.18000000000003,57.58000000000003,57.78000000000003,58.28000000000003,58.32000000000003,58.90000000000003,61.800000000000026,62.40000000000003,62.42000000000003,63.24000000000003,63.92000000000003,64.24000000000002,64.64000000000003,65.22000000000003,66.64000000000003,66.84000000000003,67.18000000000004,67.62000000000003,67.92000000000003,68.30000000000003,70.38000000000002,70.64000000000003,70.68000000000004,71.30000000000004,71.50000000000004,71.58000000000004,71.76000000000005,71.92000000000004,72.52000000000004,74.76000000000003,75.16000000000004,75.50000000000004,79.20000000000005,79.68000000000005,80.22000000000006,80.58000000000006,81.10000000000005,81.62000000000005,81.76000000000005,82.60000000000005,82.90000000000005,83.36000000000004,83.84000000000005,83.98000000000005,84.26000000000005,84.44000000000005,84.50000000000006,87.34000000000006,87.80000000000005,88.36000000000006,88.74000000000005,90.32000000000005,90.48000000000005,90.86000000000004,91.42000000000004,92.00000000000004,92.40000000000005,92.76000000000005,93.70000000000005,94.20000000000005,94.98000000000005,95.76000000000005,96.28000000000004,96.64000000000004,96.68000000000005,97.26000000000005,97.80000000000005,98.34000000000006,99.50000000000006,103.20000000000006,103.38000000000007,103.66000000000007,104.74000000000007,105.28000000000007,105.38000000000007,105.94000000000007,107.08000000000007,107.80000000000007,108.44000000000007,109.00000000000007,110.08000000000007,110.48000000000008,111.42000000000007,112.44000000000007,112.80000000000007,113.96000000000006,114.42000000000006,114.90000000000006,115.12000000000006,115.72000000000006,116.26000000000006,116.78000000000006,117.06000000000006,118.24000000000007,118.86000000000007,119.14000000000007,119.58000000000007,123.26000000000008,123.68000000000008,124.18000000000008,124.74000000000008,125.16000000000008,125.44000000000008,126.82000000000008,127.54000000000008,128.26000000000008,129.10000000000008,129.20000000000007,130.12000000000006,132.24000000000007,132.60000000000008,132.70000000000007,132.96000000000006,133.38000000000005,134.20000000000005,134.72000000000006,135.52000000000007,137.64000000000007,140.92000000000007,142.06000000000006,142.36000000000007,143.26000000000008,144.20000000000007,144.94000000000008,145.5600000000001,145.8400000000001,146.32000000000008,148.6200000000001
run5,0.78,1.5,1.82,2.0,2.02,2.5,2.56,3.38,3.6399999999999997,3.78,4.16,4.6,6.359999999999999,6.3999999999999995,6.76,6.96,7.2,7.32,7.4,7.4,7.720000000000001,7.720000000000001,7.760000000000001,8.58,8.94,9.34,9.459999999999999,9.6,9.959999999999999,10.26,10.64,11.120000000000001,11.14,11.200000000000001,11.88,11.96,12.000000000000002,12.040000000000003,12.460000000000003,13.840000000000003,14.380000000000003,14.980000000000002,15.380000000000003,16.060000000000002,16.180000000000003,16.740000000000002,16.860000000000003,17.040000000000003,17.040000000000003,17.520000000000003,17.800000000000004,17.800000000000004,18.840000000000003,19.460000000000004,19.660000000000004,20.260000000000005,21.680000000000007,21.980000000000008,22.58000000000001,23.42000000000001,23.660000000000007,23.720000000000006,24.140000000000008,24.540000000000006,24.700000000000006,24.720000000000006,24.760000000000005,25.100000000000005,25.700000000000006,25.880000000000006,26.080000000000005,26.400000000000006,26.720000000000006,27.120000000000005,27.700000000000003,27.900000000000002,28.200000000000003,29.020000000000003,29.520000000000003,29.560000000000002,29.62,29.66,30.22,30.58,30.9,30.919999999999998,31.159999999999997,34.86,35.12,35.36,35.74,36.2,36.400000000000006,36.440000000000005,36.92,37.9,38.019999999999996,40.099999999999994,40.239999999999995,40.31999999999999,40.66,43.49999999999999,43.559999999999995,43.94,44.199999999999996,44.3,44.519999999999996,44.8,45.98,46.379999999999995,46.63999999999999,46.839999999999996,47.099999999999994,47.839999999999996,48.44,48.96,49.58,50.36,50.94,51.099999999999994,51.44,51.76,51.86,52.4,54.04,54.5,54.92,55.32,56.160000000000004,56.440000000000005,56.580000000000005,56.760000000000005,57.2,57.400000000000006,57.46000000000001,57.620000000000005,57.900000000000006,58.080000000000005,58.540000000000006,58.900000000000006,59.50000000000001,60.02000000000001,60.56000000000001,61.00000000000001,61.220000000000006,61.580000000000005,61.660000000000004,62.080000000000005,62.720000000000006,63.06000000000001,63.44000000000001,63.72000000000001,67.24000000000001,67.96000000000001,68.60000000000001,69.08000000000001,69.64000000000001,69.98000000000002,70.54000000000002,70.74000000000002,70.92000000000003,71.26000000000003,72.34000000000003,75.24000000000004,75.78000000000004,76.24000000000004,76.68000000000004,77.02000000000004,77.56000000000004,78.40000000000005,78.92000000000004,79.38000000000004,79.76000000000003,81.18000000000004,81.98000000000003,82.14000000000003,84.88000000000002,85.26000000000002,85.30000000000003,85.34000000000003,85.84000000000003,87.42000000000003,88.00000000000003,88.90000000000003,89.00000000000003,90.64000000000003,94.16000000000003,94.68000000000002,95.04000000000002,95.62000000000002,96.16000000000003,97.32000000000002,99.56000000000002,100.08000000000001,100.62000000000002,101.02000000000002,101.82000000000002,102.34000000000002,102.64000000000001,106.34000000000002,107.42000000000002,108.22000000000001,108.94000000000001,109.32000000000001,109.62,109.96000000000001,110.34,111.48,112.2,113.0,113.56,113.96000000000001,114.44000000000001,115.00000000000001,115.36000000000001,115.84000000000002,116.26000000000002,117.20000000000002,117.74000000000002,118.68000000000002,119.70000000000002,120.26000000000002,121.42000000000002,121.84000000000002,125.52000000000001,126.24000000000001,126.54,127.16000000000001,128.08,128.5,128.78,129.28,130.0,130.58,130.68,132.8,133.08,133.34,133.86,134.28,135.1,137.22,140.5,141.42,142.55999999999997,143.49999999999997,144.23999999999998,144.85999999999999,145.14,145.61999999999998,147.92
run6,0.38,0.7599999999999999,1.02,1.26,2.0,2.62,3.02,3.32,3.36,6.26,6.34,6.42,6.4399999999999995,7.039999999999999,7.1,7.14,7.14,7.46,7.72,8.26,8.68,9.14,9.280000000000001,9.64,10.020000000000001,10.8,10.840000000000002,10.860000000000001,11.32,11.52,11.639999999999999,11.759999999999998,12.099999999999998,12.359999999999998,12.599999999999998,12.599999999999998,12.799999999999997,13.199999999999998,13.759999999999998,14.239999999999998,14.659999999999998,14.939999999999998,15.419999999999998,15.659999999999998,16.02,16.56,17.16,17.28,17.66,17.88,18.06,18.88,19.02,19.6,20.1,20.26,21.3,21.62,21.82,22.1,22.14,22.2,22.439999999999998,22.759999999999998,22.819999999999997,23.08,23.259999999999998,23.36,24.78,25.14,25.740000000000002,26.76,27.240000000000002,27.96,28.380000000000003,29.12,29.740000000000002,30.200000000000003,30.680000000000003,31.080000000000002,31.380000000000003,31.42,31.5,31.62,31.8,31.900000000000002,32.440000000000005,32.96000000000001,33.02000000000001,33.02000000000001,33.10000000000001,33.44000000000001,33.76000000000001,36.60000000000001,37.06000000000001,38.48000000000001,38.54000000000001,39.140000000000015,39.680000000000014,39.88000000000002,40.26000000000002,40.740000000000016,41.02000000000002,42.66000000000002,43.08000000000002,43.22000000000002,43.40000000000002,46.920000000000016,47.38000000000002,47.780000000000015,48.600000000000016,48.94000000000002,49.48000000000002,50.32000000000002,50.62000000000002,51.22000000000002,51.62000000000002,51.780000000000015,52.100000000000016,52.48000000000002,52.62000000000002,52.82000000000002,53.26000000000002,53.28000000000002,53.68000000000002,54.00000000000002,54.10000000000002,54.380000000000024,56.020000000000024,59.54000000000002,59.98000000000002,60.960000000000015,61.500000000000014,62.140000000000015,62.30000000000001,63.180000000000014,63.62000000000001,63.680000000000014,64.06000000000002,64.10000000000002,64.10000000000002,64.46000000000002,66.04000000000002,66.26000000000002,66.82000000000002,67.12000000000002,67.38000000000002,67.74000000000002,68.10000000000002,68.68000000000002,69.22000000000003,70.38000000000002,72.14000000000003,74.38000000000002,78.08000000000003,78.24000000000002,78.26000000000002,79.42000000000002,79.96000000000002,80.68000000000002,81.32000000000002,82.12000000000002,82.46000000000002,82.64000000000003,82.98000000000003,83.54000000000003,83.74000000000004,84.42000000000004,85.10000000000005,85.68000000000005,85.78000000000004,86.62000000000005,87.06000000000004,87.10000000000005,87.30000000000005,87.66000000000005,88.00000000000006,88.52000000000005,89.04000000000005,90.12000000000005,90.72000000000004,90.90000000000005,91.24000000000005,91.76000000000005,95.46000000000005,95.50000000000006,96.08000000000006,96.60000000000005,97.68000000000005,98.18000000000005,98.48000000000005,98.84000000000005,99.64000000000004,99.68000000000005,101.98000000000005,102.38000000000005,102.76000000000005,103.06000000000004,103.44000000000004,103.78000000000004,104.50000000000004,107.24000000000004,108.04000000000003,108.82000000000004,109.30000000000004,109.78000000000004,110.20000000000005,111.14000000000004,113.26000000000005,113.80000000000005,114.36000000000006,118.04000000000005,118.32000000000005,119.26000000000005,119.68000000000005,120.40000000000005,121.78000000000004,122.26000000000005,122.82000000000005,123.32000000000005,124.46000000000005,125.08000000000006,126.00000000000006,126.84000000000006,127.12000000000006,127.38000000000007,128.54000000000008,129.26000000000008,129.5600000000001,130.48000000000008,131.2800000000001,133.4000000000001,133.5200000000001,133.72000000000008,134.00000000000009,134.5200000000001,135.1000000000001,138.3800000000001,139.5200000000001,139.8800000000001,140.4400000000001,141.62000000000012,142.0400000000001,142.4600000000001,143.2800000000001,144.22000000000008,145.1200000000001,145.7400000000001,146.0200000000001,146.7400000000001,147.3000000000001
run7,0.94,1.08,1.62,1.98,2.2199999999999998,2.6399999999999997,2.76,4.879999999999999,5.299999999999999,5.759999999999999,5.799999999999999,6.179999999999999,6.179999999999999,6.639999999999999,7.239999999999998,7.799999999999999,8.059999999999999,8.479999999999999,8.719999999999999,8.799999999999999,8.979999999999999,9.159999999999998,9.779999999999998,10.139999999999997,10.539999999999997,11.019999999999998,11.559999999999999,12.139999999999999,12.2,12.799999999999999,13.28,13.32,13.620000000000001,13.680000000000001,13.700000000000001,14.040000000000001,14.680000000000001,15.220000000000002,15.260000000000002,15.820000000000002,16.12,16.44,16.92,17.32,17.76,17.96,18.560000000000002,19.340000000000003,19.600000000000005,20.540000000000006,20.880000000000006,20.920000000000005,21.760000000000005,21.800000000000004,21.940000000000005,22.740000000000006,23.000000000000007,23.320000000000007,23.74000000000001,23.800000000000008,24.000000000000007,24.000000000000007,24.240000000000006,24.620000000000005,25.340000000000003,25.500000000000004,25.800000000000004,26.960000000000004,27.080000000000005,27.560000000000006,27.940000000000005,28.100000000000005,28.220000000000006,28.780000000000005,28.800000000000004,29.400000000000006,29.700000000000006,29.840000000000007,30.040000000000006,30.160000000000007,30.560000000000006,30.940000000000005,30.940000000000005,31.020000000000003,31.42,31.700000000000003,31.980000000000004,32.2,32.84,32.88,33.480000000000004,33.480000000000004,33.800000000000004,33.980000000000004,34.24,34.68,35.2,36.24,36.440000000000005,36.92,37.46,38.28,38.300000000000004,38.50000000000001,39.080000000000005,40.50000000000001,40.86000000000001,41.160000000000004,41.440000000000005,42.42,42.68,42.92,43.5,43.56,43.620000000000005,44.00000000000001,44.42000000000001,44.44000000000001,46.08000000000001,49.60000000000001,50.42000000000001,50.46000000000001,50.96000000000001,51.00000000000001,51.46000000000001,54.36000000000001,55.080000000000005,55.400000000000006,55.800000000000004,56.00000000000001,56.10000000000001,56.38000000000001,56.44000000000001,57.180000000000014,57.80000000000001,58.320000000000014,58.780000000000015,58.98000000000002,59.02000000000002,59.40000000000002,59.54000000000002,60.22000000000002,60.82000000000002,61.020000000000024,61.86000000000003,62.22000000000003,62.300000000000026,62.42000000000002,65.16000000000003,65.96000000000002,66.50000000000003,66.68000000000004,66.90000000000003,67.78000000000003,68.12000000000003,68.46000000000004,68.80000000000004,68.84000000000005,69.00000000000004,69.32000000000004,70.16000000000004,70.72000000000004,71.06000000000004,72.64000000000004,73.00000000000004,73.38000000000004,74.10000000000004,74.42000000000003,74.92000000000003,75.28000000000003,75.68000000000004,75.84000000000003,76.18000000000004,76.48000000000003,76.86000000000003,77.28000000000003,78.22000000000003,78.66000000000003,79.02000000000002,81.86000000000003,82.44000000000003,84.68000000000002,85.70000000000002,89.22000000000001,89.62000000000002,89.96000000000002,90.54000000000002,91.06000000000002,91.24000000000002,94.94000000000003,95.72000000000003,97.80000000000003,98.34000000000003,100.10000000000004,100.20000000000003,101.62000000000003,102.10000000000004,102.62000000000003,103.70000000000003,104.10000000000004,105.18000000000004,106.08000000000004,106.76000000000005,107.90000000000005,108.62000000000005,109.42000000000004,109.98000000000005,110.46000000000005,111.02000000000005,111.12000000000005,111.66000000000005,112.22000000000006,112.60000000000005,113.06000000000004,113.60000000000005,114.02000000000005,114.54000000000005,115.72000000000006,116.24000000000005,116.74000000000005,117.10000000000005,117.40000000000005,117.84000000000005,118.46000000000005,118.88000000000005,119.14000000000006,120.06000000000006,120.34000000000006,120.62000000000006,121.34000000000006,121.86000000000006,121.96000000000005,125.64000000000004,126.80000000000004,127.52000000000004,128.90000000000003,129.18000000000004,129.72000000000003,130.88000000000002,132.52,133.34,134.26,136.38,139.66,140.79999999999998,141.6,142.34,142.96,143.24,145.54000000000002,146.02
run8,0.19999999999999996,0.36,0.48,0.52,0.6000000000000001,0.6000000000000001,0.6200000000000001,2.04,2.46,2.7800000000000002,3.04,3.42,3.76,4.08,4.46,4.6,6.18,6.22,6.26,6.3,7.46,7.52,7.539999999999999,7.539999999999999,7.879999999999999,8.239999999999998,8.439999999999998,8.559999999999997,9.119999999999997,9.199999999999998,9.199999999999998,9.359999999999998,9.839999999999998,10.379999999999999,10.78,10.959999999999999,11.02,11.7,12.059999999999999,12.179999999999998,12.659999999999998,13.019999999999998,13.319999999999999,13.759999999999998,14.359999999999998,14.839999999999998,14.959999999999997,15.559999999999997,15.799999999999997,16.339999999999996,16.759999999999998,17.139999999999997,17.439999999999998,17.639999999999997,17.859999999999996,18.099999999999994,18.559999999999995,18.959999999999994,19.999999999999993,20.839999999999993,21.39999999999999,21.43999999999999,22.039999999999992,22.039999999999992,22.21999999999999,22.479999999999993,23.199999999999992,23.59999999999999,23.91999999999999,23.97999999999999,24.79999999999999,25.61999999999999,25.63999999999999,25.83999999999999,27.25999999999999,27.65999999999999,27.95999999999999,28.13999999999999,28.39999999999999,28.71999999999999,28.999999999999993,29.419999999999995,29.699999999999996,30.119999999999997,30.439999999999998,31.259999999999998,31.88,32.12,32.32,32.68,32.72,33.04,33.4,33.98,34.459999999999994,35.03999999999999,35.419999999999995,35.599999999999994,36.059999999999995,36.199999999999996,38.94,39.339999999999996,39.54,40.38,40.78,40.84,41.220000000000006,41.480000000000004,42.040000000000006,42.10000000000001,42.20000000000001,42.22000000000001,43.20000000000001,44.84000000000001,44.88000000000001,48.400000000000006,48.68000000000001,49.18000000000001,49.220000000000006,49.96000000000001,50.56000000000001,50.78000000000001,51.02000000000001,51.46000000000001,55.14000000000001,55.74000000000001,55.900000000000006,56.2,56.78,56.980000000000004,57.86000000000001,58.38000000000001,58.96000000000001,59.50000000000001,59.86000000000001,62.10000000000001,62.36000000000001,62.660000000000004,63.18000000000001,63.720000000000006,63.800000000000004,64.44,65.03999999999999,65.44,65.98,66.34,66.68,66.86000000000001,67.44000000000001,67.78000000000002,67.86000000000001,68.20000000000002,68.82000000000002,69.20000000000002,69.50000000000001,69.84000000000002,70.22000000000001,70.26000000000002,71.90000000000002,75.42000000000002,75.86000000000001,76.24000000000001,78.00000000000001,78.36000000000001,79.16000000000001,79.50000000000001,79.64000000000001,80.66000000000001,81.16000000000001,81.32000000000001,82.16000000000001,82.62,83.56,83.7,83.98,84.16000000000001,84.22000000000001,84.56000000000002,85.28000000000002,85.74000000000001,86.10000000000001,86.88000000000001,87.4,88.04,90.94000000000001,91.72000000000001,92.24000000000001,92.66000000000001,92.70000000000002,93.26000000000002,96.96000000000002,97.48000000000002,98.02000000000002,98.12000000000002,98.40000000000002,98.50000000000001,100.80000000000001,101.36000000000001,102.30000000000001,103.38000000000001,103.86000000000001,104.34000000000002,107.18000000000002,107.86000000000003,108.66000000000003,109.22000000000003,109.62000000000003,110.34000000000003,110.62000000000003,112.74000000000004,113.28000000000004,115.36000000000004,119.06000000000004,120.24000000000005,120.70000000000005,121.22000000000004,121.70000000000005,122.12000000000005,122.42000000000004,123.50000000000004,124.88000000000004,125.68000000000004,126.30000000000004,126.74000000000004,127.16000000000004,128.08000000000004,128.36000000000004,128.86000000000004,129.76000000000005,130.04000000000005,131.18000000000004,131.44000000000003,132.16000000000003,132.68000000000004,132.78000000000003,133.94000000000003,134.48000000000002,135.64000000000001,135.76000000000002,136.18,137.0,137.92,140.04,143.32,144.45999999999998,145.39999999999998,146.14,146.76,147.29999999999998,148.01999999999998,148.57999999999998
run9,1.08,1.2000000000000002,1.62,2.36,2.5999999999999996,2.7199999999999998,3.1999999999999997,3.8,4.14,4.42,4.52,5.14,7.4399999999999995,8.28,8.799999999999999,9.139999999999999,9.28,9.639999999999999,11.059999999999999,11.839999999999998,12.099999999999998,12.179999999999998,12.259999999999998,12.299999999999999,12.68,13.14,13.32,13.32,13.48,13.700000000000001,14.520000000000001,15.000000000000002,15.360000000000001,15.760000000000002,16.12,16.46,16.740000000000002,17.340000000000003,17.340000000000003,17.720000000000002,17.76,17.82,18.02,18.32,18.32,18.38,18.84,19.28,19.3,19.560000000000002,19.740000000000002,20.160000000000004,20.160000000000004,20.220000000000002,20.62,21.200000000000003,21.26,21.64,22.04,22.279999999999998,22.54,22.82,23.8,25.44,26.040000000000003,26.080000000000002,26.160000000000004,26.280000000000005,26.440000000000005,26.460000000000004,27.300000000000004,27.600000000000005,28.020000000000007,28.380000000000006,30.020000000000007,30.580000000000005,31.000000000000007,31.540000000000006,31.740000000000006,32.00000000000001,33.16000000000001,33.72000000000001,34.240000000000016,34.70000000000002,35.08000000000002,35.10000000000002,35.14000000000002,35.44000000000002,35.56000000000002,35.960000000000015,36.58000000000001,37.02000000000001,37.46000000000001,38.06000000000001,41.58000000000001,41.84000000000001,42.32000000000001,43.36000000000001,45.120000000000005,45.160000000000004,47.400000000000006,47.88,48.080000000000005,48.480000000000004,49.36000000000001,49.940000000000005,50.440000000000005,50.480000000000004,50.800000000000004,51.120000000000005,51.18000000000001,51.220000000000006,51.24000000000001,51.400000000000006,51.580000000000005,51.900000000000006,52.620000000000005,54.040000000000006,54.64000000000001,54.88000000000001,55.24000000000001,55.64000000000001,56.28000000000001,56.46000000000001,56.84000000000001,56.96000000000001,59.70000000000001,60.24000000000001,60.82000000000001,61.18000000000001,61.46000000000001,61.92000000000001,62.06000000000001,62.38000000000001,62.42000000000001,62.46000000000001,62.66000000000001,63.000000000000014,63.44000000000001,63.92000000000001,64.30000000000001,64.9,65.10000000000001,65.78000000000002,66.62000000000002,66.84000000000002,67.20000000000002,68.02000000000001,69.60000000000001,70.50000000000001,70.74000000000001,71.16000000000001,71.54,71.82000000000001,71.96000000000001,72.14000000000001,72.28000000000002,72.92000000000002,73.38000000000001,76.9,77.2,78.36,78.42,78.58,78.89999999999999,79.24,79.55999999999999,79.75999999999999,80.25999999999999,80.6,80.96,81.75999999999999,82.3,82.39999999999999,82.94,83.96,84.38,84.92,85.74,86.25999999999999,86.3,86.39999999999999,86.91999999999999,87.32,87.5,87.84,87.94,90.84,91.62,95.32000000000001,95.52000000000001,96.06000000000002,98.90000000000002,99.46000000000002,99.76000000000002,100.24000000000002,100.60000000000002,102.68000000000002,103.26000000000002,103.78000000000002,104.86000000000001,105.66000000000001,106.38000000000001,106.76,107.06,107.4,107.78,108.34,109.14,110.28,111.0,114.7,115.10000000000001,115.58000000000001,116.76000000000002,117.32000000000002,117.86000000000003,119.98000000000003,120.92000000000003,121.44000000000003,122.38000000000002,123.10000000000002,123.78000000000003,125.16000000000003,125.72000000000003,126.02000000000002,126.64000000000003,127.56000000000003,127.98000000000003,128.48000000000002,128.76000000000002,129.04000000000002,129.3,129.88000000000002,130.40000000000003,131.12000000000003,132.28000000000003,132.56000000000003,132.98000000000002,133.8,137.08,138.22,139.14,141.26,142.06,143.0,143.74,144.36,144.9,145.38,145.94
run10,0.19999999999999996,0.84,1.2999999999999998,1.6199999999999999,1.6199999999999999,2.04,2.12,3.54,4.0,4.12,4.48,5.08,5.76,5.8999999999999995,5.92,6.3,6.34,7.14,7.18,7.779999999999999,7.819999999999999,9.579999999999998,9.939999999999998,9.959999999999997,10.159999999999997,10.159999999999997,10.359999999999996,10.519999999999996,10.819999999999997,11.179999999999996,11.999999999999996,12.339999999999996,15.619999999999996,15.979999999999995,16.459999999999994,17.059999999999995,17.539999999999996,18.019999999999996,18.419999999999995,18.819999999999993,19.099999999999994,19.139999999999993,19.459999999999994,19.859999999999992,20.41999999999999,20.71999999999999,21.07999999999999,21.39999999999999,21.519999999999992,21.779999999999994,22.159999999999993,22.479999999999993,22.659999999999993,24.299999999999994,24.719999999999995,24.979999999999997,25.279999999999998,25.499999999999996,25.839999999999996,26.299999999999997,26.56,26.68,26.96,27.36,27.9,28.099999999999998,28.919999999999998,29.34,29.58,29.639999999999997,29.9,33.42,34.04,34.22,34.46,34.58,34.86,35.9,36.14,36.52,37.24,37.300000000000004,37.78,37.800000000000004,37.86000000000001,37.900000000000006,38.480000000000004,38.540000000000006,38.800000000000004,39.2,39.400000000000006,40.38,40.7,40.900000000000006,41.74000000000001,42.48000000000001,43.08000000000001,43.24000000000001,43.44000000000001,43.680000000000014,44.20000000000002,44.780000000000015,44.820000000000014,45.12000000000001,45.500000000000014,45.500000000000014,45.66000000000001,46.26000000000001,46.600000000000016,46.62000000000002,47.70000000000002,47.70000000000002,47.88000000000002,47.920000000000016,48.38000000000002,48.52000000000002,48.72000000000002,48.76000000000002,49.20000000000002,49.780000000000015,50.000000000000014,50.08000000000001,50.62000000000001,51.44000000000001,52.16000000000001,52.24000000000001,52.58000000000001,52.920000000000016,53.72000000000001,53.84000000000001,56.58000000000001,56.960000000000015,57.600000000000016,58.22000000000001,58.66000000000001,59.180000000000014,61.420000000000016,61.80000000000002,61.94000000000002,62.100000000000016,62.280000000000015,62.34000000000002,62.88000000000002,63.76000000000002,64.34000000000002,64.94000000000001,65.48000000000002,65.58000000000001,67.22000000000001,67.56000000000002,68.00000000000001,68.04000000000002,68.44000000000003,68.80000000000003,72.48000000000002,73.90000000000002,74.40000000000002,74.94000000000003,75.22000000000003,75.36000000000003,75.54000000000003,75.60000000000004,75.98000000000003,79.50000000000003,79.80000000000003,80.18000000000002,80.52000000000002,81.00000000000003,81.38000000000002,84.22000000000003,84.56000000000003,85.40000000000003,86.42000000000003,86.90000000000003,88.48000000000003,89.64000000000003,90.20000000000003,90.50000000000003,91.22000000000003,91.58000000000003,91.98000000000003,92.34000000000003,92.86000000000003,93.42000000000003,94.20000000000003,94.72000000000003,95.24000000000002,97.32000000000002,97.90000000000002,97.94000000000003,98.12000000000003,98.66000000000004,102.36000000000004,102.46000000000004,102.82000000000004,103.96000000000004,104.68000000000004,105.62000000000003,105.90000000000003,106.00000000000003,108.30000000000003,108.86000000000003,109.26000000000003,110.06000000000003,110.62000000000003,111.56000000000003,112.64000000000003,113.12000000000003,113.54000000000003,113.82000000000004,114.36000000000004,116.48000000000005,116.94000000000004,117.46000000000004,120.36000000000004,121.54000000000005,122.32000000000005,122.74000000000005,123.22000000000006,123.90000000000006,124.20000000000006,125.00000000000006,125.62000000000006,126.54000000000006,126.98000000000006,127.54000000000006,127.96000000000006,128.24000000000007,128.34000000000006,129.24000000000007,129.52000000000007,130.02000000000007,130.28000000000006,131.00000000000006,132.38000000000005,136.08000000000004,136.60000000000005,137.76000000000005,138.30000000000004,139.46000000000004,139.88000000000002,140.70000000000002,141.62,143.74,144.88,145.82,146.56,147.18,147.72,148.44,149.0
run11,0.42000000000000004,0.7999999999999999,0.88,0.9,1.1600000000000001,1.62,1.8400000000000003,1.8800000000000003,2.3600000000000003,2.7600000000000002,3.3600000000000003,3.5000000000000004,4.1000000000000005,4.48,4.840000000000001,4.840000000000001,4.960000000000001,5.500000000000001,5.660000000000001,6.700000000000001,7.000000000000001,7.420000000000001,7.660000000000001,8.14,8.540000000000001,8.96,9.8,9.840000000000002,10.100000000000001,10.820000000000002,11.020000000000001,11.64,11.8,12.16,12.4,12.96,13.16,13.48,13.780000000000001,13.8,13.92,14.74,15.14,15.780000000000001,15.840000000000002,15.880000000000003,15.900000000000002,16.26,16.8,17.64,20.54,20.619999999999997,20.659999999999997,20.979999999999997,21.059999999999995,21.239999999999995,21.239999999999995,21.579999999999995,21.699999999999996,21.819999999999997,21.999999999999996,22.439999999999998,22.7,22.84,23.66,25.08,25.279999999999998,25.58,25.639999999999997,25.9,26.459999999999997,26.859999999999996,27.139999999999997,27.319999999999997,27.74,28.02,29.66,30.26,30.700000000000003,34.22,34.8,35.779999999999994,35.779999999999994,35.98,36.04,36.44,36.82,37.14,37.32,37.58,37.64,38.14,39.72,40.019999999999996,40.4,40.879999999999995,41.16,41.22,41.26,41.64,42.12,42.86,43.38,44.0,44.4,44.74,45.620000000000005,45.64000000000001,45.84000000000001,46.62000000000001,46.62000000000001,46.98000000000001,47.58000000000001,48.100000000000016,48.48000000000002,48.82000000000002,48.92000000000002,52.620000000000026,53.060000000000024,53.60000000000002,54.18000000000002,54.96000000000002,55.68000000000002,56.22000000000002,56.68000000000002,56.78000000000002,57.32000000000002,57.520000000000024,57.86000000000003,58.24000000000003,59.88000000000003,59.96000000000003,60.30000000000003,60.42000000000003,63.16000000000003,63.400000000000034,63.860000000000035,64.18000000000004,64.22000000000004,64.58000000000004,64.62000000000005,64.84000000000005,65.08000000000004,65.88000000000004,66.70000000000003,67.04000000000003,67.48000000000003,67.86000000000003,71.38000000000002,71.68000000000002,72.02000000000002,72.92000000000003,73.34000000000003,76.18000000000004,76.82000000000004,77.30000000000004,77.68000000000004,78.28000000000003,78.48000000000003,78.84000000000003,79.44000000000003,79.90000000000002,80.36000000000001,80.90000000000002,81.04000000000002,81.32000000000002,81.50000000000003,81.56000000000003,81.70000000000003,82.38000000000004,82.58000000000004,83.26000000000005,84.10000000000005,84.66000000000005,85.00000000000006,85.04000000000006,86.12000000000006,86.68000000000006,86.98000000000006,87.70000000000006,88.06000000000006,88.42000000000006,89.44000000000005,89.94000000000005,90.10000000000005,91.04000000000005,91.58000000000006,92.10000000000005,92.20000000000005,94.28000000000004,94.46000000000005,94.56000000000004,98.26000000000005,98.84000000000005,99.36000000000004,101.12000000000005,103.36000000000004,103.94000000000004,104.26000000000003,105.34000000000003,105.86000000000003,107.02000000000002,107.82000000000002,108.38000000000002,109.52000000000002,110.24000000000002,111.04000000000002,111.44000000000003,111.48000000000003,111.98000000000003,112.46000000000004,113.02000000000004,114.20000000000005,114.76000000000005,116.18000000000005,116.72000000000006,117.20000000000006,118.14000000000006,119.30000000000005,119.82000000000005,120.24000000000005,120.54000000000005,121.46000000000005,122.08000000000006,122.50000000000006,122.78000000000006,123.50000000000006,123.78000000000006,124.14000000000006,127.82000000000005,128.40000000000006,129.12000000000006,131.24000000000007,131.52000000000007,132.06000000000006,133.22000000000006,133.48000000000005,134.00000000000006,134.42000000000004,135.24000000000004,136.16000000000003,138.28000000000003,141.56000000000003,142.70000000000002,143.50000000000003,144.44000000000003,145.18000000000004,145.80000000000004,146.08000000000004,146.56000000000003,148.86000000000004
run12,0.040000000000000036,2.94,2.94,3.0,3.04,3.5999999999999996,3.6599999999999997,3.92,3.94,4.22,4.319999999999999,4.3999999999999995,4.52,7.359999999999999,7.619999999999999,7.879999999999999,8.219999999999999,8.28,8.68,8.959999999999999,9.059999999999999,9.52,10.139999999999999,10.419999999999998,10.439999999999998,11.179999999999998,11.779999999999998,12.259999999999998,12.379999999999997,12.639999999999997,12.799999999999997,13.299999999999997,13.599999999999998,13.959999999999997,13.979999999999997,14.799999999999997,15.319999999999997,15.459999999999997,16.479999999999997,16.519999999999996,16.979999999999997,17.039999999999996,17.039999999999996,17.119999999999997,17.159999999999997,17.419999999999998,17.5,17.82,18.36,18.68,19.1,19.880000000000003,20.28,20.64,21.18,21.36,21.98,21.98,22.34,23.38,23.419999999999998,23.799999999999997,24.639999999999997,24.759999999999998,24.959999999999997,25.359999999999996,26.779999999999994,27.139999999999993,27.559999999999995,27.979999999999997,28.179999999999996,28.419999999999995,28.659999999999993,28.739999999999995,28.779999999999994,29.219999999999995,29.339999999999996,30.059999999999995,30.359999999999996,30.939999999999998,31.259999999999998,31.86,32.1,33.52,33.86000000000001,34.34,35.980000000000004,36.440000000000005,36.74,36.940000000000005,37.42,37.96,38.24,38.38,38.52,38.7,39.220000000000006,39.42000000000001,39.80000000000001,40.62000000000001,41.000000000000014,41.06000000000002,41.34000000000002,42.98000000000002,46.500000000000014,47.100000000000016,47.26000000000001,47.26000000000001,47.600000000000016,48.04000000000001,48.52000000000001,48.72000000000001,49.06000000000002,49.66000000000002,50.08000000000002,50.48000000000002,50.600000000000016,50.98000000000002,52.56000000000002,53.000000000000014,53.56000000000002,54.280000000000015,54.52000000000002,54.84000000000002,55.320000000000014,55.70000000000002,55.90000000000002,56.58000000000002,57.42000000000002,58.020000000000024,58.24000000000002,58.78000000000002,59.32000000000002,60.200000000000024,60.560000000000024,61.200000000000024,61.760000000000026,62.060000000000024,62.78000000000002,63.92000000000002,67.44000000000003,67.90000000000002,68.40000000000002,68.76000000000002,69.06000000000002,69.26000000000002,71.50000000000001,71.94000000000001,72.54,72.72000000000001,73.10000000000001,73.46000000000001,73.86000000000001,74.20000000000002,74.24000000000002,74.78000000000003,74.98000000000003,78.68000000000004,78.84000000000003,79.02000000000004,79.08000000000004,79.24000000000004,79.26000000000003,80.42000000000003,80.46000000000004,81.04000000000003,81.44000000000004,81.80000000000004,82.44000000000004,83.28000000000004,83.62000000000005,83.80000000000005,84.14000000000006,84.52000000000005,86.28000000000006,86.32000000000006,86.36000000000007,86.50000000000007,86.96000000000006,87.48000000000006,90.22000000000006,92.30000000000005,92.62000000000005,93.40000000000005,93.98000000000005,94.50000000000004,95.44000000000004,95.92000000000004,96.44000000000004,96.82000000000004,97.12000000000003,97.46000000000004,97.84000000000003,98.02000000000004,98.12000000000003,98.48000000000003,99.04000000000003,99.84000000000003,100.36000000000003,101.08000000000003,102.16000000000003,105.86000000000003,106.42000000000003,107.50000000000003,108.30000000000003,108.70000000000003,109.18000000000004,109.60000000000004,110.18000000000004,111.36000000000004,111.78000000000004,112.32000000000005,113.26000000000005,113.36000000000004,114.16000000000004,114.72000000000004,115.88000000000004,116.56000000000004,116.86000000000004,117.48000000000005,118.40000000000005,118.68000000000005,119.10000000000005,119.66000000000005,119.94000000000005,120.44000000000005,121.02000000000005,124.70000000000005,126.08000000000004,127.06000000000004,127.78000000000004,129.90000000000003,130.18000000000004,131.00000000000003,131.54000000000002,132.70000000000002,132.96,133.48000000000002,133.9,134.72,135.64,137.76,141.04,141.84,142.98,143.92,144.66,145.28,145.82,146.54,148.84
run13,0.5,3.7799999999999994,3.7999999999999994,4.819999999999999,4.859999999999999,5.4399999999999995,5.739999999999999,6.06,7.04,7.08,7.14,7.699999999999999,8.54,8.54,8.94,8.959999999999999,9.0,9.06,9.52,9.54,9.6,9.799999999999999,10.159999999999998,10.239999999999998,10.399999999999999,10.62,11.1,11.7,11.74,11.86,12.399999999999999,12.779999999999998,13.139999999999997,13.439999999999998,13.519999999999998,13.719999999999997,13.759999999999998,13.799999999999999,14.059999999999999,14.44,15.219999999999999,15.28,15.879999999999999,16.48,16.48,16.66,16.8,17.2,17.48,17.740000000000002,17.880000000000003,18.240000000000002,18.360000000000003,18.440000000000005,18.780000000000005,18.900000000000006,19.620000000000005,20.160000000000004,20.580000000000005,20.660000000000004,21.000000000000004,21.000000000000004,21.740000000000002,21.860000000000003,22.380000000000003,22.62,24.04,24.52,24.7,25.12,25.18,25.56,25.82,26.22,26.84,27.14,27.54,27.66,28.04,30.78,30.880000000000003,31.200000000000003,31.44,31.64,31.96,32.14,32.52,33.0,33.38,33.64,34.04,34.66,35.12,35.599999999999994,36.059999999999995,36.16,36.44,38.739999999999995,38.94,39.36,39.7,39.980000000000004,40.540000000000006,40.980000000000004,41.580000000000005,42.400000000000006,42.940000000000005,43.220000000000006,44.86000000000001,48.38000000000001,48.38000000000001,48.78000000000001,49.14000000000001,49.16000000000001,49.32000000000001,50.040000000000006,50.36000000000001,50.52,50.720000000000006,51.760000000000005,52.00000000000001,52.46000000000001,52.60000000000001,53.24000000000001,53.82000000000001,54.24000000000001,54.28000000000001,55.92000000000001,56.46000000000001,57.34000000000001,57.38000000000001,57.96000000000001,58.36000000000001,59.18000000000001,59.52000000000001,59.96000000000001,60.20000000000001,60.40000000000001,60.70000000000001,64.38000000000001,64.96000000000001,65.00000000000001,65.34000000000002,65.78000000000002,66.16000000000001,69.68,70.16000000000001,70.46000000000001,70.98,73.22,73.82,74.24,74.58,74.62,74.80000000000001,76.22000000000001,77.80000000000001,78.34000000000002,78.56000000000002,78.94000000000001,79.32000000000001,81.08000000000001,81.36000000000001,81.50000000000001,81.68000000000002,82.32000000000002,82.38000000000002,83.18000000000002,83.86000000000003,84.06000000000003,84.74000000000004,85.58000000000004,85.90000000000003,86.36000000000003,86.72000000000003,87.06000000000003,89.90000000000003,90.46000000000004,90.76000000000003,91.48000000000003,91.96000000000004,93.04000000000003,93.40000000000003,93.76000000000003,94.12000000000003,94.66000000000004,95.26000000000003,95.46000000000004,96.40000000000003,96.92000000000003,97.28000000000003,99.36000000000003,99.88000000000002,100.46000000000002,101.26000000000002,101.44000000000003,101.54000000000002,101.86000000000001,102.36000000000001,103.74000000000001,104.28000000000002,105.44000000000001,109.14000000000001,110.30000000000001,110.82000000000001,111.62,112.18,112.98,113.7,114.26,114.66000000000001,115.74000000000001,116.16000000000001,117.10000000000001,118.28000000000002,118.76000000000002,119.90000000000002,120.44000000000003,121.34000000000003,123.46000000000004,123.98000000000003,124.70000000000003,124.98000000000003,127.88000000000004,128.66000000000003,129.08,129.52,130.08,130.38000000000002,131.3,131.92000000000002,132.34,132.62,132.88,133.38,133.48,134.2,134.72,138.42,139.57999999999998,139.85999999999999,140.67999999999998,141.59999999999997,143.71999999999997,144.85999999999996,145.79999999999995,146.53999999999996,147.15999999999997,147.69999999999996,148.17999999999995,148.73999999999995
run14,0.05999999999999994,0.14,0.14,0.38,0.64,1.46,1.88,1.9799999999999998,3.0,3.52,3.64,3.84,4.14,4.14,4.56,5.1,5.56,5.6,5.96,6.8,7.3999999999999995,7.999999999999999,8.079999999999998,8.339999999999998,9.119999999999997,9.499999999999998,9.54,9.58,9.7,10.1,10.299999999999999,10.599999999999998,10.899999999999999,11.519999999999998,11.919999999999998,12.459999999999997,12.639999999999997,13.179999999999996,13.439999999999996,14.519999999999996,14.539999999999996,15.259999999999996,15.419999999999996,16.099999999999998,16.499999999999996,16.859999999999996,17.059999999999995,17.159999999999997,17.759999999999998,18.08,18.919999999999998,19.06,19.439999999999998,19.56,19.619999999999997,19.939999999999998,19.959999999999997,20.24,20.639999999999997,20.819999999999997,21.24,21.4,21.88,22.02,22.38,22.56,22.84,23.1,24.740000000000002,25.000000000000004,25.820000000000004,26.400000000000006,27.380000000000006,27.860000000000007,28.300000000000008,28.72000000000001,29.26000000000001,32.78000000000001,33.24000000000001,33.24000000000001,33.30000000000001,33.34000000000001,33.66000000000001,34.70000000000001,36.08000000000001,36.280000000000015,36.320000000000014,37.40000000000001,37.640000000000015,38.100000000000016,38.240000000000016,38.72000000000001,38.960000000000015,39.280000000000015,39.30000000000002,40.12000000000002,40.62000000000002,42.20000000000002,42.600000000000016,42.920000000000016,43.52000000000002,43.86000000000002,43.98000000000002,44.62000000000002,44.62000000000002,44.96000000000002,45.04000000000002,45.48000000000002,45.66000000000002,45.86000000000002,45.92000000000002,46.14000000000002,46.520000000000024,47.260000000000026,47.78000000000003,48.02000000000003,48.46000000000003,48.620000000000026,48.64000000000003,49.04000000000003,51.940000000000026,52.42000000000002,53.020000000000024,54.440000000000026,54.64000000000003,55.02000000000003,55.900000000000034,55.960000000000036,56.34000000000004,56.54000000000004,56.76000000000004,57.18000000000004,57.90000000000004,58.30000000000004,58.72000000000004,59.26000000000004,59.780000000000044,60.36000000000004,60.72000000000004,61.36000000000004,61.96000000000004,62.30000000000005,62.380000000000045,62.72000000000005,62.840000000000046,63.22000000000005,65.96000000000005,66.34000000000005,66.96000000000005,67.76000000000005,68.06000000000004,68.26000000000005,68.64000000000004,69.48000000000005,71.12000000000005,71.16000000000005,71.52000000000005,72.42000000000006,72.80000000000005,73.10000000000005,76.62000000000005,77.06000000000004,77.40000000000005,77.74000000000005,77.78000000000006,78.28000000000006,78.82000000000006,81.66000000000007,82.12000000000006,82.60000000000007,82.74000000000007,83.02000000000007,83.20000000000007,83.26000000000008,83.60000000000008,84.16000000000008,84.46000000000008,84.82000000000008,85.30000000000008,86.72000000000008,86.88000000000008,87.24000000000008,87.34000000000007,91.04000000000008,91.82000000000008,92.34000000000007,94.58000000000007,95.30000000000007,97.06000000000007,99.14000000000007,99.46000000000006,99.98000000000006,100.54000000000006,100.88000000000007,101.06000000000007,101.64000000000007,102.44000000000007,103.60000000000007,103.96000000000006,104.48000000000006,105.64000000000006,106.18000000000006,106.28000000000006,106.84000000000006,107.98000000000006,108.70000000000006,109.10000000000007,109.66000000000007,110.46000000000006,110.50000000000007,111.04000000000008,114.74000000000008,115.32000000000008,116.50000000000009,116.96000000000008,117.44000000000008,118.00000000000009,118.54000000000009,119.48000000000009,120.42000000000009,121.58000000000008,122.10000000000008,125.78000000000009,126.4600000000001,126.9600000000001,127.5200000000001,127.9400000000001,128.2400000000001,128.8600000000001,129.7800000000001,130.0600000000001,130.54000000000008,130.82000000000008,131.4000000000001,132.1200000000001,134.2400000000001,134.5200000000001,134.7800000000001,135.20000000000007,136.02000000000007,139.30000000000007,140.22000000000006,142.34000000000006,143.48000000000005,144.28000000000006,145.22000000000006,145.96000000000006,146.58000000000007,146.86000000000007,147.58000000000007,149.88000000000008
run15,0.72,0.7600000000000001,0.7600000000000001,1.1800000000000002,1.56,1.6400000000000001,1.7800000000000002,1.9000000000000004,2.5000000000000004,2.7600000000000007,2.7800000000000007,3.3000000000000007,3.7800000000000007,4.5600000000000005,4.82,5.2,5.24,5.36,5.4,5.760000000000001,5.960000000000001,6.080000000000001,6.080000000000001,6.280000000000001,6.440000000000001,6.980000000000001,7.500000000000002,7.980000000000002,8.340000000000002,8.880000000000003,9.100000000000003,9.500000000000004,9.800000000000004,9.920000000000003,10.740000000000004,11.100000000000003,11.580000000000004,11.720000000000004,12.320000000000004,12.940000000000003,13.100000000000003,13.500000000000004,13.920000000000003,14.440000000000003,14.780000000000003,15.380000000000003,15.620000000000003,15.640000000000002,17.060000000000002,17.12,17.14,17.54,18.36,18.419999999999998,20.0,20.34,20.34,20.6,20.6,20.66,21.2,21.68,22.28,22.52,22.6,22.64,23.48,23.88,24.82,25.0,25.14,25.52,25.8,26.48,26.900000000000002,27.44,28.86,28.9,29.419999999999998,29.7,30.259999999999998,30.72,31.4,31.979999999999997,32.419999999999995,32.85999999999999,33.459999999999994,33.63999999999999,34.03999999999999,34.279999999999994,34.63999999999999,34.71999999999999,34.99999999999999,35.31999999999999,35.93999999999999,36.51999999999999,36.97999999999999,37.27999999999999,37.33999999999999,37.69999999999999,37.73999999999999,37.999999999999986,38.09999999999999,38.83999999999999,39.23999999999999,39.43999999999999,40.25999999999999,40.35999999999999,41.33999999999999,41.639999999999986,42.15999999999999,42.33999999999999,42.67999999999999,42.959999999999994,42.98,43.18,43.78,46.68,47.04,47.24,47.300000000000004,47.56,47.96,48.160000000000004,49.00000000000001,49.20000000000001,49.50000000000001,49.82000000000001,50.06000000000001,50.38000000000001,50.76000000000001,51.40000000000001,51.84000000000001,52.180000000000014,53.820000000000014,53.90000000000001,54.240000000000016,54.680000000000014,54.860000000000014,55.320000000000014,55.460000000000015,56.62000000000002,57.18000000000002,57.48000000000002,57.86000000000002,61.380000000000024,61.760000000000026,64.50000000000003,64.84000000000003,65.34000000000003,65.66000000000003,65.82000000000002,66.54000000000002,66.86000000000001,66.92000000000002,67.22000000000001,67.56000000000002,67.60000000000002,68.52000000000002,68.72000000000003,68.76000000000003,68.98000000000003,69.78000000000003,70.20000000000003,71.04000000000003,71.42000000000003,71.78000000000003,72.42000000000003,72.98000000000003,73.56000000000003,73.90000000000003,74.44000000000004,74.80000000000004,74.98000000000005,77.22000000000004,80.92000000000004,81.24000000000004,83.32000000000004,83.78000000000003,84.20000000000003,84.70000000000003,85.28000000000003,86.06000000000003,87.70000000000003,91.22000000000003,91.26000000000003,92.34000000000003,92.72000000000003,94.48000000000003,94.64000000000003,94.74000000000002,94.78000000000003,95.50000000000003,96.04000000000003,96.92000000000003,97.28000000000003,97.76000000000003,98.30000000000004,98.70000000000005,99.26000000000005,100.06000000000004,100.62000000000005,101.70000000000005,102.86000000000004,103.34000000000005,104.06000000000004,104.62000000000005,107.46000000000005,108.84000000000005,109.22000000000004,109.76000000000005,113.46000000000005,114.48000000000005,115.06000000000004,115.58000000000004,117.70000000000005,117.98000000000005,118.78000000000004,119.26000000000005,119.68000000000005,123.36000000000004,123.66000000000004,124.28000000000004,125.20000000000005,125.46000000000005,125.74000000000005,126.24000000000005,126.96000000000005,127.90000000000005,128.18000000000004,128.28000000000003,128.74000000000004,129.88000000000002,130.16000000000003,130.68000000000004,131.84000000000003,132.26000000000002,132.68,133.5,133.62,134.42000000000002,136.54000000000002,139.82000000000002,140.96,141.86,142.8,143.54000000000002,144.16000000000003,144.70000000000002,145.42000000000002,145.98000000000002
run16,2.9,3.28,3.7,4.640000000000001,5.44,5.48,5.960000000000001,6.540000000000001,6.620000000000001,6.660000000000001,6.700000000000001,7.740000000000001,8.100000000000001,8.22,9.64,9.88,10.08,10.16,10.4,10.540000000000001,10.8,11.48,11.64,11.82,11.88,12.100000000000001,12.400000000000002,13.220000000000002,13.580000000000002,13.620000000000003,14.520000000000003,15.000000000000004,15.400000000000004,15.520000000000003,15.880000000000003,16.160000000000004,16.640000000000004,17.240000000000006,17.540000000000006,18.140000000000008,18.140000000000008,18.76000000000001,19.300000000000008,19.620000000000008,19.640000000000008,19.700000000000006,20.020000000000007,20.500000000000007,20.880000000000006,21.440000000000005,21.740000000000006,22.120000000000005,22.420000000000005,22.880000000000006,23.020000000000007,23.44000000000001,23.980000000000008,24.24000000000001,24.300000000000008,24.44000000000001,25.04000000000001,25.36000000000001,25.48000000000001,26.100000000000012,26.440000000000012,26.82000000000001,27.96000000000001,28.68000000000001,28.92000000000001,29.120000000000008,29.160000000000007,30.000000000000007,31.180000000000007,31.640000000000008,33.720000000000006,34.220000000000006,34.220000000000006,34.480000000000004,34.86000000000001,35.260000000000005,35.260000000000005,35.32000000000001,35.78000000000001,35.78000000000001,36.18000000000001,36.82000000000001,37.66000000000001,37.84000000000001,38.16000000000001,38.42000000000001,38.62000000000001,39.06000000000001,39.44000000000001,41.74000000000001,41.78000000000001,41.82000000000001,41.940000000000005,42.02,42.46,43.06,43.480000000000004,43.660000000000004,44.080000000000005,44.88,45.28,46.44,47.16,47.36,48.2,48.720000000000006,49.10000000000001,49.82000000000001,50.38000000000001,50.56000000000001,50.90000000000001,50.98000000000001,51.26000000000001,51.680000000000014,52.04000000000001,52.30000000000001,52.640000000000015,54.280000000000015,57.80000000000001,58.140000000000015,58.280000000000015,58.740000000000016,59.30000000000002,60.12000000000002,60.14000000000002,60.340000000000025,60.92000000000002,61.22000000000002,62.64000000000002,63.22000000000002,63.28000000000002,63.340000000000025,64.08000000000003,64.60000000000002,65.00000000000003,65.44000000000003,65.72000000000003,65.74000000000002,65.94000000000003,66.54000000000002,67.18000000000002,70.02000000000002,70.80000000000003,71.40000000000002,71.64000000000001,72.18000000000002,72.64000000000001,73.52000000000001,74.44000000000001,74.88000000000001,75.60000000000001,75.78000000000002,76.18000000000002,76.34000000000002,76.36000000000001,76.56000000000002,76.60000000000002,76.90000000000002,77.26000000000002,77.60000000000002,77.96000000000002,78.30000000000003,78.84000000000003,79.32000000000004,79.68000000000004,80.00000000000003,80.10000000000002,82.34000000000002,82.92000000000002,83.42000000000002,83.46000000000002,83.62000000000002,83.94000000000001,84.96000000000001,86.54,86.96000000000001,87.50000000000001,91.02000000000001,91.18,91.68,92.2,92.62,93.0,93.54,93.9,94.98,95.02000000000001,95.42000000000002,97.18000000000002,97.38000000000002,97.76000000000002,98.32000000000002,99.26000000000002,99.74000000000002,99.96000000000002,100.44000000000003,100.96000000000002,101.24000000000002,101.34000000000002,101.90000000000002,102.26000000000002,102.66000000000003,103.00000000000003,103.18000000000004,104.00000000000003,104.68000000000004,105.46000000000004,106.62000000000003,108.00000000000003,110.74000000000002,112.86000000000003,113.38000000000002,113.92000000000003,117.62000000000003,118.14000000000003,118.70000000000003,119.24000000000004,122.94000000000004,123.66000000000004,124.24000000000004,124.66000000000004,125.74000000000004,127.38000000000004,128.36000000000004,128.64000000000004,128.92000000000004,129.18000000000004,129.90000000000003,130.42000000000004,130.52000000000004,131.68000000000004,131.80000000000004,132.08000000000004,132.18000000000004,135.46000000000004,136.26000000000005,137.08000000000004,138.00000000000003,140.12000000000003,141.26000000000002,142.06000000000003,143.00000000000003,143.74000000000004,144.36000000000004,144.90000000000003,145.38000000000002,145.94000000000003
run17,3.2799999999999994,4.319999999999999,4.699999999999999,4.739999999999999,5.579999999999999,5.8999999999999995,6.02,6.739999999999999,6.819999999999999,6.859999999999999,7.22,8.64,8.780000000000001,8.860000000000001,9.120000000000001,9.580000000000002,10.040000000000003,10.920000000000003,10.940000000000003,11.540000000000003,11.900000000000002,12.440000000000001,12.740000000000002,13.340000000000002,13.740000000000002,14.040000000000003,14.460000000000003,14.660000000000002,14.900000000000002,14.900000000000002,15.060000000000002,15.280000000000003,15.960000000000003,16.78,16.82,16.88,17.36,17.759999999999998,18.24,18.599999999999998,19.08,19.7,20.22,20.459999999999997,20.54,20.66,20.7,20.82,21.36,21.8,21.98,22.44,23.34,23.62,24.220000000000002,24.540000000000003,24.960000000000004,25.200000000000003,25.400000000000002,25.44,25.76,26.240000000000002,27.080000000000002,27.680000000000003,28.060000000000002,28.44,28.560000000000002,28.560000000000002,28.700000000000003,29.26,29.64,29.78,30.080000000000002,30.42,30.48,30.94,31.560000000000002,31.94,32.22,34.96,35.68,36.26,36.62,37.0,37.3,37.36,37.96,38.12,38.32,38.34,38.6,38.940000000000005,39.34,39.52,39.720000000000006,39.720000000000006,40.260000000000005,40.440000000000005,40.940000000000005,40.980000000000004,41.24,41.580000000000005,41.660000000000004,42.00000000000001,42.14000000000001,42.32000000000001,42.60000000000001,42.94000000000001,44.58000000000001,48.10000000000001,48.540000000000006,48.88000000000001,49.14000000000001,49.70000000000001,49.74000000000001,49.74000000000001,49.80000000000001,50.38000000000001,50.64000000000001,50.84000000000001,51.20000000000001,51.84000000000001,52.20000000000001,52.60000000000001,52.80000000000001,52.860000000000014,53.26000000000001,53.680000000000014,53.780000000000015,53.84000000000002,53.86000000000002,54.22000000000002,54.42000000000002,55.260000000000026,55.58000000000003,55.86000000000003,57.50000000000003,61.020000000000024,61.060000000000024,61.50000000000002,62.10000000000002,62.840000000000025,63.36000000000003,64.08000000000003,64.46000000000002,64.90000000000002,65.00000000000001,65.28000000000002,65.84000000000002,68.08000000000001,68.4,68.62,69.44,69.92,70.5,70.8,70.82,71.63999999999999,71.67999999999999,71.83999999999999,72.07999999999998,72.71999999999998,73.21999999999998,73.67999999999998,74.21999999999998,74.41999999999999,74.77999999999999,75.11999999999999,75.53999999999999,77.3,77.72,77.9,79.32000000000001,79.84,80.16,80.58,80.98,81.92,82.02,82.53999999999999,82.58,83.12,83.7,84.10000000000001,84.44000000000001,84.62000000000002,85.70000000000002,86.08000000000001,86.44000000000001,87.22000000000001,90.12000000000002,90.42000000000002,90.94000000000001,92.10000000000001,92.66000000000001,93.16000000000001,93.28000000000002,96.12000000000002,97.26000000000002,99.34000000000002,100.06000000000002,101.64000000000001,102.20000000000002,102.36000000000001,103.74000000000001,104.28000000000002,105.44000000000001,109.14000000000001,110.16000000000001,110.96000000000001,111.44000000000001,111.84000000000002,112.32000000000002,113.40000000000002,113.96000000000002,115.14000000000003,115.68000000000004,117.80000000000004,118.74000000000004,119.54000000000003,120.06000000000003,120.74000000000004,124.42000000000004,124.72000000000004,125.34000000000005,126.06000000000004,126.98000000000005,127.40000000000005,127.96000000000005,128.94000000000005,129.22000000000006,129.48000000000005,129.76000000000005,130.28000000000006,131.44000000000005,132.02000000000007,132.74000000000007,133.02000000000007,133.12000000000006,133.54000000000005,134.36000000000004,135.28000000000003,137.40000000000003,138.54000000000002,139.34000000000003,140.28000000000003,141.02000000000004,141.64000000000004,142.18000000000004,144.48000000000005,144.96000000000004
run18,0.44000000000000006,0.8,0.98,1.4,1.68,3.4399999999999995,3.76,5.18,6.0,7.16,7.220000000000001,7.58,7.98,8.36,8.899999999999999,9.239999999999998,9.919999999999998,9.939999999999998,10.019999999999998,10.159999999999998,10.639999999999999,10.879999999999999,11.259999999999998,11.439999999999998,11.919999999999998,11.959999999999999,12.219999999999999,12.62,12.919999999999998,13.199999999999998,13.259999999999998,13.859999999999998,14.119999999999997,14.599999999999998,14.899999999999999,14.94,14.98,15.120000000000001,15.200000000000001,15.56,16.0,16.36,16.84,17.04,17.04,17.46,17.46,17.78,18.76,18.8,19.2,20.24,20.36,21.2,21.439999999999998,22.019999999999996,22.019999999999996,22.579999999999995,22.699999999999996,23.299999999999997,23.919999999999998,24.459999999999997,24.58,24.779999999999998,25.019999999999996,25.139999999999997,25.519999999999996,25.579999999999995,25.839999999999996,25.999999999999996,26.219999999999995,26.679999999999996,26.859999999999996,27.259999999999994,27.319999999999993,27.699999999999992,27.959999999999994,28.159999999999993,28.359999999999992,28.619999999999994,29.339999999999993,30.139999999999993,30.659999999999993,31.259999999999994,31.459999999999994,31.499999999999993,31.57999999999999,32.49999999999999,33.29999999999999,33.57999999999999,34.11999999999999,34.17999999999999,34.49999999999999,34.599999999999994,34.8,36.44,39.959999999999994,40.559999999999995,40.599999999999994,40.89999999999999,41.239999999999995,41.559999999999995,42.019999999999996,42.76,42.76,43.18,43.72,43.879999999999995,43.9,44.22,44.24,44.74,47.64,48.04,48.42,48.58,48.92,49.04,51.879999999999995,52.059999999999995,52.94,53.54,54.12,54.14,54.56,54.96,55.78,57.2,57.720000000000006,58.080000000000005,58.46000000000001,59.080000000000005,59.660000000000004,59.800000000000004,60.24,61.06,62.7,63.42,63.72,64.32,66.55999999999999,66.79999999999998,66.83999999999999,67.67999999999999,68.24,68.53999999999999,69.25999999999999,69.63999999999999,73.15999999999998,73.45999999999998,73.79999999999998,74.17999999999998,75.31999999999998,75.67999999999998,76.31999999999998,76.79999999999998,77.15999999999998,77.55999999999999,77.89999999999999,81.6,82.08,82.28,82.32000000000001,82.64,83.0,83.52,83.97999999999999,84.55999999999999,84.89999999999999,84.94,85.48,85.56,85.84,85.98,86.16000000000001,86.22000000000001,86.68,87.02000000000001,87.58000000000001,88.52000000000001,89.04,89.2,91.94,92.44,92.82,94.39999999999999,96.47999999999999,97.25999999999999,98.03999999999999,98.72,99.3,99.34,100.06,100.42,100.96000000000001,101.14000000000001,101.68000000000002,102.84000000000002,106.54000000000002,107.62000000000002,108.02000000000002,108.66000000000003,109.74000000000002,110.02000000000002,110.12000000000002,110.68000000000002,111.24000000000002,111.80000000000003,112.74000000000002,113.20000000000002,113.68000000000002,114.84000000000002,115.26000000000002,115.80000000000003,116.82000000000002,117.04000000000002,117.56000000000002,117.84000000000002,118.26000000000002,118.70000000000002,119.88000000000002,120.36000000000003,124.04000000000002,124.66000000000003,124.94000000000003,125.50000000000003,125.92000000000003,126.42000000000003,127.80000000000003,128.08,128.92000000000002,131.04000000000002,131.14000000000001,132.06,132.48,133.29999999999998,133.39999999999998,133.65999999999997,134.17999999999998,134.98,137.1,140.38,141.51999999999998,141.82,142.72,143.66,144.4,145.02,145.56,146.28,148.58
run19,1.1600000000000001,1.9400000000000002,2.3600000000000003,2.4400000000000004,2.8200000000000003,2.9600000000000004,3.4200000000000004,3.4600000000000004,3.8000000000000003,4.180000000000001,4.200000000000001,4.240000000000001,4.300000000000001,4.32,4.44,4.78,4.9,5.260000000000001,5.460000000000001,5.940000000000001,6.760000000000002,7.300000000000002,7.7200000000000015,7.880000000000002,7.920000000000002,8.320000000000002,8.680000000000001,9.500000000000002,9.980000000000002,10.280000000000001,10.9,11.08,11.5,11.78,12.379999999999999,12.979999999999999,13.339999999999998,13.399999999999999,13.819999999999999,14.259999999999998,14.639999999999999,14.68,14.98,15.38,15.66,15.86,15.9,16.1,16.42,17.0,17.04,17.36,17.62,17.92,18.96,19.8,19.98,19.98,20.48,20.6,20.62,21.64,22.2,22.28,22.28,22.5,22.7,22.939999999999998,23.019999999999996,23.139999999999997,23.499999999999996,26.399999999999995,26.659999999999997,26.659999999999997,28.08,28.279999999999998,28.519999999999996,28.919999999999995,28.979999999999993,29.119999999999994,29.439999999999994,29.899999999999995,30.299999999999994,30.479999999999993,31.89999999999999,32.87999999999999,33.359999999999985,33.59999999999999,34.079999999999984,34.61999999999998,35.01999999999998,35.079999999999984,35.33999999999998,35.37999999999998,35.63999999999998,36.35999999999998,36.45999999999998,37.19999999999998,37.35999999999998,37.439999999999976,37.77999999999998,38.41999999999998,38.87999999999998,38.93999999999998,39.539999999999985,39.539999999999985,39.65999999999998,42.399999999999984,42.65999999999998,43.27999999999998,43.55999999999998,44.09999999999998,44.41999999999998,45.01999999999998,45.19999999999998,45.63999999999998,46.01999999999998,46.399999999999984,46.59999999999999,46.639999999999986,46.95999999999999,47.19999999999999,47.999999999999986,49.639999999999986,53.15999999999998,53.59999999999998,54.47999999999998,54.83999999999998,55.13999999999998,55.33999999999998,55.87999999999998,56.27999999999998,56.65999999999998,57.23999999999998,58.01999999999998,58.539999999999985,58.87999999999999,59.69999999999999,61.27999999999999,61.859999999999985,62.19999999999999,62.639999999999986,63.039999999999985,63.37999999999999,65.61999999999999,65.99999999999999,66.37999999999998,69.89999999999998,70.37999999999998,73.21999999999998,73.25999999999999,73.94,74.46,76.22,76.42,77.26,78.42,78.72,79.06,79.42,79.64,80.16,80.32,80.91999999999999,84.61999999999999,84.75999999999999,85.6,85.74,86.02,86.2,86.26,86.72,87.22,87.78,88.08,88.8,89.16,89.64,90.24,90.88,91.19999999999999,91.57999999999998,91.59999999999998,91.95999999999998,92.49999999999999,92.53999999999999,93.05999999999999,93.97999999999999,94.69999999999999,95.27999999999999,97.35999999999999,98.43999999999998,98.97999999999999,99.16,100.3,101.02,101.42,101.94,103.02,104.39999999999999,104.96,105.5,105.6,107.89999999999999,108.46,108.82,109.36,113.06,114.7,115.88000000000001,116.36000000000001,117.30000000000001,117.72000000000001,118.26000000000002,120.38000000000002,120.90000000000002,121.36000000000001,122.04000000000002,122.32000000000002,122.80000000000003,126.48000000000002,127.06000000000002,127.62000000000002,128.42000000000002,128.98000000000002,129.48000000000002,129.9,130.20000000000002,130.82000000000002,130.92000000000002,131.84,132.12,132.38,132.9,133.18,134.34,134.76,135.7,136.42,136.83999999999997,137.97999999999996,140.09999999999997,143.37999999999997,143.47999999999996,144.27999999999997,145.17999999999998,145.92,146.54,146.82,147.54,148.1
run20,0.3400000000000001,0.5,1.08,1.1400000000000001,1.54,2.38,3.02,3.3200000000000003,4.140000000000001,4.620000000000001,5.360000000000001,5.960000000000001,6.32,7.74,8.16,8.76,9.56,9.84,10.56,11.48,11.84,11.9,11.92,12.18,12.76,12.8,13.280000000000001,16.18,16.6,16.64,16.88,17.119999999999997,17.499999999999996,17.919999999999998,18.18,18.46,18.82,19.02,19.259999999999998,20.299999999999997,20.419999999999998,20.72,20.72,21.119999999999997,22.54,23.14,23.26,23.400000000000002,23.660000000000004,23.680000000000003,23.760000000000005,24.160000000000004,24.520000000000003,24.720000000000002,25.26,25.44,25.540000000000003,25.580000000000002,25.76,25.76,25.82,26.42,26.96,27.34,27.6,27.82,27.86,28.48,28.900000000000002,29.740000000000002,30.060000000000002,30.62,31.14,31.42,31.900000000000002,31.94,32.02,32.14,32.28,33.92,33.980000000000004,34.96,35.32,35.52,35.900000000000006,36.24000000000001,36.62000000000001,37.22000000000001,37.34000000000001,37.82000000000001,41.34,42.220000000000006,42.720000000000006,42.92000000000001,43.32000000000001,44.14000000000001,44.46000000000001,45.18000000000001,45.620000000000005,45.64000000000001,46.080000000000005,46.480000000000004,46.480000000000004,47.00000000000001,47.32000000000001,47.32000000000001,47.760000000000005,48.10000000000001,48.44000000000001,48.98000000000001,49.62000000000001,50.10000000000001,50.36000000000001,50.980000000000004,51.06,51.18,51.46,51.56,51.760000000000005,54.6,54.980000000000004,55.56,55.900000000000006,56.34,56.42,56.46,56.7,57.02,57.32,57.52,57.56,58.1,58.32,58.5,58.86,59.42,60.24,61.82,62.36,64.6,65.0,65.38,65.53999999999999,65.91999999999999,66.1,66.66,67.82,68.36,70.12,70.96000000000001,71.30000000000001,71.34000000000002,75.04000000000002,75.20000000000002,75.22000000000001,75.56000000000002,75.92000000000002,76.38000000000001,76.94000000000001,77.08000000000001,77.36000000000001,77.54000000000002,77.60000000000002,77.74000000000002,78.30000000000003,78.60000000000002,79.08000000000003,79.12000000000003,79.32000000000004,82.06000000000003,82.22000000000003,82.68000000000002,83.08000000000003,83.88000000000002,84.66000000000003,84.98000000000002,85.30000000000001,85.82000000000001,86.34,86.7,88.78,89.36,90.14,90.44,90.48,90.9,91.84,92.58,93.12,93.52000000000001,93.62,93.82000000000001,94.50000000000001,95.30000000000001,95.9,96.98,97.44,97.94,98.36,98.72,99.8,100.28,101.0,101.38,101.67999999999999,102.02,102.39999999999999,103.11999999999999,104.25999999999999,107.96,110.08,110.26,110.78,111.5,111.78,112.8,113.22,113.9,114.18,114.44000000000001,115.00000000000001,115.30000000000001,115.92000000000002,116.84000000000002,117.78000000000002,118.30000000000001,118.58000000000001,119.08000000000001,119.80000000000001,120.96000000000001,121.54,125.22,126.6,128.72,129.28,129.82,130.98,131.07999999999998,131.88,133.51999999999998,134.7,137.98,138.39999999999998,139.53999999999996,140.35999999999996,141.29999999999995,142.19999999999996,142.81999999999996,143.35999999999996,145.65999999999997,146.13999999999996
run21,3.6799999999999997,3.9399999999999995,3.9599999999999995,4.1,4.22,4.3,4.3,4.56,4.9799999999999995,5.4399999999999995,5.88,6.16,6.34,6.62,7.04,7.3,7.52,8.08,8.56,9.16,9.24,9.280000000000001,9.320000000000002,9.360000000000003,10.400000000000002,10.800000000000002,11.420000000000002,11.780000000000001,12.32,12.58,12.96,13.260000000000002,13.300000000000002,14.720000000000002,15.080000000000002,15.620000000000001,15.780000000000001,16.6,16.96,17.02,17.32,17.52,17.64,18.36,18.9,19.04,19.22,19.64,20.18,20.58,21.06,21.119999999999997,21.119999999999997,21.119999999999997,21.299999999999997,21.639999999999997,22.479999999999997,22.959999999999997,23.199999999999996,23.639999999999997,23.959999999999997,23.959999999999997,24.019999999999996,24.399999999999995,24.799999999999994,25.399999999999995,25.659999999999997,26.119999999999997,26.359999999999996,26.559999999999995,26.599999999999994,26.919999999999995,27.399999999999995,27.759999999999994,28.659999999999993,28.89999999999999,29.21999999999999,29.61999999999999,29.67999999999999,29.739999999999988,29.83999999999999,30.219999999999988,30.83999999999999,30.85999999999999,31.599999999999987,32.11999999999999,32.41999999999999,34.05999999999999,37.579999999999984,38.11999999999998,38.43999999999998,38.759999999999984,39.47999999999998,39.499999999999986,40.319999999999986,40.899999999999984,41.19999999999998,42.61999999999998,42.819999999999986,43.09999999999999,43.539999999999985,43.759999999999984,43.95999999999999,43.999999999999986,44.079999999999984,44.19999999999998,45.079999999999984,45.679999999999986,46.27999999999999,46.399999999999984,46.55999999999998,46.579999999999984,46.95999999999999,47.539999999999985,47.579999999999984,47.93999999999998,49.01999999999998,49.47999999999998,49.83999999999998,49.99999999999998,51.57999999999998,52.17999999999998,52.71999999999998,52.91999999999998,53.33999999999998,55.579999999999984,55.61999999999998,56.19999999999998,56.59999999999998,57.43999999999998,57.899999999999984,58.01999999999998,59.15999999999998,59.499999999999986,59.83999999999999,59.91999999999999,60.29999999999999,63.139999999999986,64.77999999999999,66.85999999999999,67.33999999999999,67.38,67.72,68.16,68.53999999999999,69.25999999999999,72.77999999999999,73.41999999999999,73.71999999999998,74.05999999999999,74.61999999999999,74.97999999999999,75.47999999999999,75.61999999999999,75.89999999999999,76.08,76.14,76.28,76.62,77.26,77.78,77.94,78.44,81.17999999999999,81.38,81.72,82.1,83.86,84.44,85.03999999999999,85.22,85.6,86.02,86.42,86.84,87.22,87.7,88.86,89.64,90.0,90.82,91.33999999999999,91.85999999999999,92.65999999999998,93.17999999999998,93.49999999999997,94.87999999999997,95.59999999999997,96.15999999999997,97.17999999999996,97.37999999999997,97.67999999999996,98.61999999999996,99.39999999999996,99.93999999999997,101.09999999999997,104.79999999999997,104.97999999999998,105.37999999999998,105.71999999999998,106.79999999999998,107.47999999999999,107.67999999999999,107.77999999999999,108.46,109.25999999999999,109.66,110.84,110.94,111.48,112.04,112.4,115.30000000000001,115.78000000000002,116.34000000000002,116.88000000000002,119.00000000000003,119.10000000000002,119.90000000000002,120.36000000000001,120.88000000000001,121.82000000000001,122.80000000000001,123.30000000000001,123.72000000000001,124.02000000000001,124.64000000000001,125.56000000000002,126.12000000000002,126.60000000000002,126.86000000000003,127.38000000000002,127.66000000000003,128.82000000000002,129.10000000000002,129.68000000000004,130.40000000000003,130.68000000000004,131.10000000000002,131.92000000000002,132.84,134.96,138.24,139.38,140.18,141.12,141.86,142.48000000000002,143.20000000000002,143.48000000000002,145.78000000000003
run22,0.38,0.72,1.0,1.46,1.72,1.92,2.3,2.78,2.78,3.5599999999999996,3.6999999999999997,4.18,4.199999999999999,4.819999999999999,4.9399999999999995,5.359999999999999,5.699999999999999,6.219999999999999,6.2799999999999985,6.3199999999999985,6.679999999999999,6.8199999999999985,6.8599999999999985,7.179999999999999,7.379999999999999,7.579999999999999,7.659999999999999,8.1,8.14,8.26,9.1,9.36,9.78,10.02,10.559999999999999,11.379999999999999,11.799999999999999,13.44,13.92,13.96,14.24,14.780000000000001,15.38,15.74,16.26,16.94,17.12,17.18,17.78,18.18,18.8,19.28,19.720000000000002,19.740000000000002,20.560000000000002,20.860000000000003,21.220000000000002,21.340000000000003,21.740000000000002,21.78,22.1,22.220000000000002,22.6,22.92,23.28,23.52,23.72,24.2,25.02,26.0,26.6,26.66,26.82,27.240000000000002,27.64,27.66,27.8,28.44,28.48,29.04,29.119999999999997,29.119999999999997,29.499999999999996,31.139999999999997,31.22,31.7,32.42,33.0,33.04,33.64,33.82,34.2,34.580000000000005,37.42,37.96,37.96,38.22,38.72,39.019999999999996,39.22,39.94,41.32,41.660000000000004,42.06,43.64,44.08,44.36,44.56,44.800000000000004,45.00000000000001,45.040000000000006,45.34,46.080000000000005,46.56,46.64,46.88,47.480000000000004,47.540000000000006,48.080000000000005,48.260000000000005,49.00000000000001,52.52000000000001,52.74000000000001,53.00000000000001,53.00000000000001,53.10000000000001,53.56000000000001,53.62000000000001,53.78000000000001,54.86000000000001,55.080000000000005,55.480000000000004,56.040000000000006,56.300000000000004,56.82000000000001,57.00000000000001,58.42000000000001,58.580000000000005,58.88,59.2,59.400000000000006,59.540000000000006,59.56000000000001,59.92000000000001,62.82000000000001,63.86000000000001,64.46000000000001,64.82000000000001,65.2,65.88000000000001,66.04,66.68,66.72000000000001,67.60000000000001,68.18,68.98,69.52000000000001,69.9,70.62,74.14,74.44,74.78,75.16,75.47999999999999,75.88,76.24,76.58,76.98,77.26,77.36,78.28,78.74,82.44,82.88,83.38,84.16,85.58,85.92,86.02,87.78,88.12,88.64,89.48,90.32000000000001,92.56,92.88,93.46,93.58,94.72,96.8,99.53999999999999,99.82,99.91999999999999,102.21999999999998,102.77999999999999,103.49999999999999,104.29999999999998,104.83999999999999,105.24,105.42,106.5,107.66,107.7,108.22,108.58,109.0,110.16,110.61999999999999,111.16,111.72,113.84,114.36,114.9,118.60000000000001,119.18,120.2,120.92,121.86,122.42,122.84,126.52000000000001,126.80000000000001,127.30000000000001,127.58000000000001,128.38000000000002,128.68000000000004,129.30000000000004,130.22000000000003,130.48000000000002,131.42000000000002,131.70000000000002,132.22000000000003,132.94000000000003,134.10000000000002,136.22000000000003,136.80000000000004,137.60000000000005,137.96000000000006,138.52000000000007,141.80000000000007,142.94000000000005,144.12000000000006,144.54000000000005,144.96000000000004,145.78000000000003,146.72000000000003,147.62000000000003,148.24000000000004,148.78000000000003,149.26000000000002,149.82000000000002
run23,0.33999999999999997,0.7999999999999999,1.24,1.28,2.4400000000000004,3.2200000000000006,3.2400000000000007,3.500000000000001,3.580000000000001,3.700000000000001,4.060000000000001,4.100000000000001,4.580000000000002,4.700000000000002,5.100000000000002,5.940000000000002,6.540000000000002,6.7200000000000015,7.540000000000002,8.160000000000002,8.240000000000002,8.500000000000002,8.860000000000001,9.260000000000002,9.300000000000002,9.620000000000003,9.640000000000002,10.120000000000003,10.420000000000003,10.840000000000003,11.220000000000002,11.700000000000003,11.820000000000002,11.860000000000003,12.460000000000003,12.460000000000003,12.600000000000003,12.880000000000003,13.080000000000002,13.200000000000001,13.340000000000002,13.940000000000001,14.180000000000001,14.580000000000002,14.840000000000002,16.6,16.84,16.92,16.96,17.3,17.880000000000003,18.180000000000003,18.680000000000003,18.880000000000003,18.880000000000003,19.200000000000003,19.520000000000003,23.220000000000002,23.28,23.64,24.18,24.34,24.56,24.619999999999997,25.659999999999997,25.899999999999995,26.279999999999994,26.739999999999995,26.939999999999994,26.979999999999993,27.459999999999994,27.779999999999994,27.959999999999994,28.559999999999995,29.459999999999994,29.919999999999995,29.999999999999993,30.139999999999993,30.399999999999995,31.119999999999994,31.739999999999995,32.019999999999996,32.379999999999995,32.76,33.58,33.78,34.08,34.68,35.48,36.04,37.46,37.58,40.419999999999995,40.48,40.72,41.0,41.04,41.1,41.36,41.64,43.94,44.68,44.74,44.74,45.28,45.38,45.400000000000006,45.580000000000005,45.980000000000004,46.50000000000001,46.88000000000001,47.30000000000001,47.500000000000014,47.500000000000014,47.780000000000015,48.22000000000001,48.40000000000001,50.04000000000001,53.56000000000002,54.02000000000002,54.460000000000015,54.500000000000014,54.920000000000016,55.12000000000002,55.280000000000015,55.30000000000002,55.64000000000002,56.200000000000024,57.620000000000026,58.020000000000024,58.620000000000026,59.50000000000003,60.04000000000003,60.86000000000003,60.90000000000003,61.300000000000026,61.46000000000002,62.18000000000002,62.54000000000002,62.880000000000024,63.260000000000026,63.700000000000024,64.08000000000003,64.44000000000003,64.98000000000003,65.62000000000003,65.84000000000003,69.36000000000003,70.00000000000003,70.48000000000003,70.66000000000004,71.00000000000004,73.90000000000005,74.44000000000005,75.02000000000005,75.22000000000006,77.46000000000005,78.30000000000005,78.98000000000006,79.18000000000006,79.86000000000007,80.70000000000007,80.84000000000007,81.18000000000008,81.74000000000008,82.04000000000008,82.54000000000008,82.96000000000008,83.02000000000008,83.38000000000008,83.90000000000008,84.24000000000008,85.82000000000008,86.14000000000007,86.30000000000007,86.78000000000007,87.30000000000007,87.48000000000008,87.80000000000007,88.52000000000007,89.66000000000007,90.04000000000006,90.40000000000006,91.48000000000006,91.52000000000007,91.90000000000006,92.20000000000006,92.54000000000006,92.92000000000006,95.66000000000005,96.18000000000005,96.90000000000005,98.98000000000005,99.38000000000005,100.16000000000005,100.46000000000005,101.04000000000005,101.14000000000004,101.68000000000005,102.22000000000006,103.38000000000005,107.08000000000006,107.64000000000006,108.16000000000005,109.18000000000005,109.98000000000005,111.06000000000004,111.48000000000005,111.88000000000005,112.36000000000006,112.92000000000006,113.02000000000005,113.82000000000005,115.00000000000006,115.42000000000006,115.96000000000006,118.08000000000007,119.02000000000007,119.54000000000006,120.48000000000006,121.46000000000006,125.14000000000007,125.86000000000007,126.42000000000007,126.72000000000007,127.34000000000007,128.26000000000008,128.68000000000006,129.18000000000006,129.46000000000006,129.72000000000006,131.10000000000005,131.38000000000005,131.90000000000006,132.48000000000008,133.20000000000007,134.36000000000007,134.64000000000007,135.06000000000006,135.88000000000005,139.16000000000005,140.08000000000004,142.20000000000005,143.34000000000003,144.14000000000004,145.08000000000004,145.82000000000005,146.44000000000005,146.98000000000005,147.46000000000004,148.02000000000004
run24,2.74,2.7600000000000002,2.7600000000000002,2.8200000000000003,2.8600000000000003,2.9400000000000004,3.0200000000000005,3.2800000000000002,3.4200000000000004,3.8400000000000003,3.8800000000000003,4.34,4.34,4.46,5.0,5.04,5.82,5.88,5.88,6.26,6.58,6.62,6.98,7.1000000000000005,7.36,7.7,7.9,8.940000000000001,9.06,9.440000000000001,9.680000000000001,9.760000000000002,10.600000000000001,10.840000000000002,11.000000000000002,11.020000000000001,12.440000000000001,12.600000000000001,12.780000000000001,13.14,13.200000000000001,13.420000000000002,13.820000000000002,13.860000000000003,14.680000000000003,14.700000000000003,16.28,16.42,16.42,16.82,17.42,17.46,17.880000000000003,18.080000000000002,18.62,19.080000000000002,19.720000000000002,20.060000000000002,20.540000000000003,20.980000000000004,21.460000000000004,22.180000000000003,22.580000000000002,24.0,24.52,25.0,25.32,25.38,25.64,26.04,26.32,26.88,27.419999999999998,27.52,27.8,27.86,28.439999999999998,28.479999999999997,28.719999999999995,29.459999999999994,30.059999999999995,30.579999999999995,30.779999999999994,30.799999999999994,30.839999999999993,31.339999999999993,31.639999999999993,32.03999999999999,32.29999999999999,32.91999999999999,33.09999999999999,33.55999999999999,33.97999999999999,34.33999999999999,34.87999999999999,34.999999999999986,35.37999999999999,35.79999999999999,36.07999999999999,36.37999999999999,36.97999999999999,37.37999999999999,37.55999999999999,37.65999999999999,37.85999999999999,38.17999999999999,38.53999999999999,38.71999999999999,39.11999999999999,39.459999999999994,40.279999999999994,41.919999999999995,45.44,49.12,49.66,50.099999999999994,50.35999999999999,50.51999999999999,50.819999999999986,51.59999999999999,52.11999999999999,53.13999999999999,54.019999999999996,54.54,55.14,55.44,57.68,58.66,59.199999999999996,59.35999999999999,60.07999999999999,60.459999999999994,60.89999999999999,61.25999999999999,61.599999999999994,62.16,63.31999999999999,63.779999999999994,64.1,64.33999999999999,64.69999999999999,65.17999999999999,65.55999999999999,66.19999999999999,66.38,66.92,67.72,67.94,68.14,68.82000000000001,69.50000000000001,70.08000000000001,70.4,70.92,71.48,71.78,72.1,72.46,73.03999999999999,73.88,74.82,75.19999999999999,75.79999999999998,76.41999999999999,76.79999999999998,78.55999999999999,78.89999999999999,79.33999999999999,79.67999999999999,80.05999999999999,83.57999999999998,83.87999999999998,84.21999999999998,84.25999999999999,84.63999999999999,84.77999999999999,85.05999999999999,85.24,85.3,85.44,89.14,89.34,89.44,90.24,91.03999999999999,91.85999999999999,92.57999999999998,92.65999999999998,92.99999999999999,93.03999999999999,93.44,94.52,95.02,95.44,95.8,99.5,99.98,100.46000000000001,102.54,103.12,104.2,104.74000000000001,104.84,105.4,107.04,109.16000000000001,109.62,110.14,113.04,113.32000000000001,114.26,114.68,115.4,115.9,116.46000000000001,117.84,118.98,119.54,120.26,121.18,122.34,123.18,123.46000000000001,124.08000000000001,124.38000000000001,125.30000000000001,126.02000000000001,126.82000000000001,126.94000000000001,129.06,129.26,129.54,129.79999999999998,130.32,130.85999999999999,132.01999999999998,132.6,132.96,133.52,136.8,137.98000000000002,139.12,139.54,139.95999999999998,140.77999999999997,141.71999999999997,142.61999999999998,143.23999999999998,143.51999999999998,143.99999999999997,146.29999999999998
run25,0.3599999999999999,0.5399999999999998,1.3599999999999999,2.78,2.88,3.2,3.22,3.8200000000000003,6.720000000000001,7.120000000000001,7.600000000000001,8.580000000000002,8.620000000000001,9.66,9.700000000000001,10.020000000000001,10.060000000000002,10.840000000000002,11.100000000000001,11.46,11.700000000000001,12.100000000000001,12.72,13.08,13.38,13.46,13.9,14.22,14.82,15.2,15.24,15.620000000000001,15.8,15.840000000000002,15.96,16.5,16.64,17.36,17.38,17.56,18.04,18.16,18.44,19.040000000000003,19.480000000000004,19.540000000000003,19.720000000000002,20.000000000000004,20.400000000000002,20.64,21.060000000000002,22.700000000000003,26.220000000000002,26.640000000000004,26.840000000000003,27.220000000000002,27.480000000000004,28.040000000000003,28.120000000000005,28.580000000000005,29.180000000000007,29.180000000000007,29.180000000000007,30.560000000000006,30.760000000000005,31.180000000000007,31.520000000000007,31.94000000000001,32.080000000000005,32.14000000000001,32.48000000000001,32.54000000000001,32.740000000000016,32.860000000000014,33.06000000000002,33.12000000000002,33.38000000000002,33.600000000000016,33.960000000000015,34.02000000000002,34.34000000000002,34.38000000000002,34.500000000000014,35.640000000000015,35.90000000000001,35.98000000000001,36.320000000000014,39.16000000000001,39.32000000000001,40.16000000000001,40.48000000000001,40.72000000000001,40.88000000000001,41.00000000000001,41.00000000000001,41.480000000000004,42.220000000000006,42.7,43.32,43.84,44.14,44.46,45.06,45.080000000000005,45.68000000000001,46.080000000000005,46.96000000000001,47.540000000000006,47.84,48.080000000000005,48.540000000000006,48.74000000000001,49.38000000000001,49.58000000000001,50.420000000000016,50.80000000000002,51.64000000000002,51.86000000000002,51.96000000000002,52.42000000000002,52.700000000000024,54.340000000000025,54.90000000000003,55.620000000000026,55.700000000000024,56.520000000000024,57.060000000000024,57.58000000000003,57.620000000000026,58.060000000000024,58.32000000000002,58.82000000000002,59.64000000000002,60.020000000000024,60.300000000000026,60.440000000000026,61.340000000000025,61.72000000000003,62.00000000000003,62.56000000000003,62.94000000000003,66.46000000000004,66.60000000000004,67.08000000000004,67.28000000000004,67.72000000000004,68.26000000000005,68.72000000000004,69.18000000000004,69.36000000000004,69.42000000000004,70.06000000000004,70.36000000000004,70.70000000000005,71.24000000000005,72.04000000000005,72.38000000000005,72.42000000000006,72.80000000000005,73.18000000000005,74.34000000000005,74.64000000000004,75.00000000000004,76.58000000000004,76.78000000000004,77.14000000000004,77.72000000000004,78.08000000000004,78.48000000000005,78.82000000000005,79.16000000000005,82.86000000000006,83.02000000000005,83.04000000000005,83.08000000000006,83.48000000000006,84.90000000000006,85.62000000000006,87.38000000000007,87.92000000000007,88.42000000000007,88.46000000000008,89.26000000000008,89.60000000000008,92.34000000000007,93.02000000000008,95.26000000000008,95.42000000000007,96.36000000000007,97.14000000000007,97.66000000000007,97.76000000000006,99.84000000000006,100.36000000000006,100.88000000000005,101.42000000000006,101.98000000000006,102.56000000000006,102.92000000000006,103.48000000000006,103.66000000000007,104.38000000000007,104.86000000000007,105.94000000000007,106.48000000000008,107.64000000000007,111.34000000000007,111.92000000000007,112.72000000000007,113.80000000000007,114.20000000000007,115.22000000000007,115.78000000000007,116.96000000000008,117.44000000000008,117.86000000000008,118.40000000000009,120.5200000000001,121.4600000000001,121.98000000000009,122.40000000000009,123.0800000000001,126.7600000000001,127.0600000000001,127.6800000000001,128.6000000000001,129.0200000000001,129.5800000000001,130.0800000000001,130.3600000000001,130.6200000000001,130.9000000000001,131.4200000000001,132.5800000000001,133.1600000000001,133.2600000000001,133.9800000000001,134.2600000000001,134.6800000000001,135.50000000000009,136.42000000000007,138.54000000000008,141.82000000000008,142.96000000000006,143.76000000000008,144.70000000000007,145.44000000000008,146.0600000000001,146.60000000000008,148.9000000000001,149.38000000000008
run26,0.22000000000000008,0.3400000000000001,0.6200000000000001,1.2400000000000002,1.3800000000000003,1.9000000000000004,2.3200000000000003,2.68,3.16,3.7600000000000002,4.32,4.4,4.4,4.86,5.04,5.46,5.48,5.5,5.76,6.02,6.279999999999999,7.859999999999999,7.9399999999999995,8.48,9.26,9.26,9.52,9.559999999999999,10.02,10.06,10.100000000000001,10.160000000000002,10.200000000000003,10.340000000000003,10.340000000000003,10.500000000000004,10.860000000000003,11.340000000000003,11.560000000000004,11.960000000000004,12.080000000000004,12.560000000000004,12.920000000000003,13.960000000000004,14.340000000000005,15.160000000000005,15.340000000000005,15.400000000000006,16.000000000000007,16.360000000000007,16.900000000000006,17.300000000000004,17.460000000000004,17.660000000000004,17.680000000000003,17.720000000000002,18.560000000000002,18.900000000000002,18.900000000000002,19.14,19.76,19.96,20.080000000000002,20.62,21.1,21.16,21.580000000000002,22.180000000000003,22.220000000000002,22.300000000000004,22.420000000000005,23.800000000000004,23.980000000000004,24.320000000000004,25.140000000000004,26.560000000000002,27.000000000000004,27.400000000000002,27.980000000000004,28.280000000000005,28.480000000000004,31.380000000000003,31.78,32.38,32.68,32.88,33.32,33.7,33.760000000000005,34.02,34.080000000000005,34.32000000000001,34.42000000000001,34.88000000000001,35.16000000000001,35.26000000000001,35.34000000000001,35.76000000000001,36.140000000000015,38.88000000000002,39.280000000000015,39.62000000000002,39.96000000000002,40.68000000000002,41.00000000000002,41.380000000000024,41.660000000000025,41.800000000000026,41.980000000000025,42.18000000000003,43.82000000000003,44.24000000000003,44.78000000000003,45.06000000000003,46.04000000000003,47.68000000000003,51.20000000000003,51.50000000000003,52.04000000000003,52.64000000000003,52.68000000000003,53.120000000000026,53.940000000000026,54.40000000000003,54.64000000000003,55.52000000000003,55.720000000000034,56.02000000000003,56.52000000000003,56.92000000000003,57.44000000000003,57.76000000000003,58.000000000000036,58.460000000000036,58.84000000000004,59.38000000000004,59.58000000000004,59.62000000000004,60.42000000000004,61.58000000000004,62.38000000000004,62.58000000000004,63.26000000000004,64.10000000000004,64.46000000000004,64.64000000000004,64.78000000000004,65.12000000000005,65.96000000000005,68.26000000000005,68.42000000000004,68.80000000000004,69.14000000000004,72.66000000000004,73.30000000000004,73.80000000000004,74.24000000000004,74.62000000000003,74.94000000000003,75.54000000000002,76.12000000000002,76.60000000000002,80.30000000000003,81.72000000000003,82.12000000000003,82.76000000000003,82.80000000000004,82.82000000000004,83.18000000000004,83.34000000000003,83.70000000000003,84.24000000000004,84.82000000000004,85.98000000000003,88.22000000000003,89.98000000000003,90.32000000000004,90.86000000000004,91.18000000000004,91.56000000000003,91.86000000000003,92.20000000000003,92.24000000000004,92.80000000000004,93.10000000000004,93.42000000000003,94.14000000000003,94.50000000000003,94.60000000000002,95.12000000000002,95.48000000000002,95.96000000000002,96.74000000000002,97.82000000000002,98.20000000000002,98.78000000000002,99.30000000000001,99.82000000000001,100.54,101.10000000000001,101.28000000000002,101.86000000000001,102.34000000000002,105.18000000000002,105.98000000000002,107.06000000000002,110.76000000000002,111.16000000000003,111.72000000000003,112.26000000000003,114.34000000000003,114.62000000000003,115.64000000000003,117.76000000000003,118.70000000000003,119.12000000000003,119.64000000000003,120.20000000000003,120.88000000000004,121.44000000000004,122.16000000000004,122.88000000000004,122.98000000000003,126.66000000000003,127.84000000000003,128.26000000000002,129.20000000000002,129.70000000000002,130.00000000000003,130.62000000000003,131.54000000000002,131.82000000000002,132.74,133.02,134.16,134.42,135.22,135.74,136.9,137.02,137.74,138.16,140.28,143.56,144.7,145.6,146.54,147.28,147.9,148.38,148.94
run27,0.78,1.1600000000000001,1.32,1.86,2.2600000000000002,4.02,4.26,4.64,4.68,5.279999999999999,5.34,5.9399999999999995,6.34,6.54,6.62,7.0,7.04,7.04,8.08,8.14,8.5,9.34,9.74,9.88,10.06,10.540000000000001,10.56,11.38,11.46,11.82,12.36,12.66,13.48,13.5,13.64,13.9,13.940000000000001,14.540000000000001,14.66,15.28,15.399999999999999,16.82,17.16,17.52,17.919999999999998,17.919999999999998,18.119999999999997,18.359999999999996,18.539999999999996,19.059999999999995,19.539999999999996,19.879999999999995,20.299999999999997,20.619999999999997,20.839999999999996,21.279999999999998,21.4,21.52,21.52,22.12,22.380000000000003,23.1,23.12,24.700000000000003,24.740000000000002,25.28,25.6,25.8,26.220000000000002,26.28,26.48,26.78,26.78,28.200000000000003,28.6,28.8,29.1,29.42,30.0,30.04,30.36,30.86,31.939999999999998,32.18,32.56,32.760000000000005,32.800000000000004,33.120000000000005,33.580000000000005,34.06,34.42,34.82,35.56,35.6,36.160000000000004,36.400000000000006,36.68000000000001,36.74000000000001,37.48000000000001,38.000000000000014,38.48000000000001,38.54000000000001,38.640000000000015,38.90000000000001,39.30000000000001,39.38000000000001,39.540000000000006,40.160000000000004,40.440000000000005,40.620000000000005,40.720000000000006,41.32000000000001,41.70000000000001,41.82000000000001,44.56000000000001,44.64000000000001,44.98000000000001,45.320000000000014,45.58000000000001,45.860000000000014,46.000000000000014,46.140000000000015,46.320000000000014,46.38000000000002,46.58000000000002,46.80000000000002,47.34000000000002,48.140000000000015,48.52000000000002,48.820000000000014,49.20000000000002,49.920000000000016,49.960000000000015,50.420000000000016,50.84000000000002,51.20000000000002,52.12000000000002,52.54000000000002,54.18000000000002,57.70000000000002,58.140000000000015,60.98000000000001,61.320000000000014,62.34000000000002,62.72000000000002,63.36000000000002,63.94000000000002,64.42000000000002,64.58000000000001,64.86000000000001,65.16000000000001,65.62,67.26,70.78,71.22,72.1,75.78,78.02,78.61999999999999,78.63999999999999,79.15999999999998,80.13999999999999,80.63999999999999,81.35999999999999,81.39999999999999,81.96,82.25999999999999,82.8,83.48,83.68,84.36000000000001,84.94000000000001,85.28000000000002,85.62000000000002,85.98000000000002,86.44000000000001,86.54,87.06,87.24000000000001,87.58000000000001,87.74000000000001,89.82000000000001,90.4,91.24000000000001,91.62,92.10000000000001,92.94000000000001,93.30000000000001,93.62,94.44,95.08,98.78,99.56,99.92,100.46000000000001,101.00000000000001,101.10000000000001,101.62,102.78,103.18,103.9,103.94000000000001,104.74000000000001,105.16000000000001,108.06000000000002,109.20000000000002,109.76000000000002,110.24000000000002,110.70000000000002,111.24000000000002,111.76000000000002,112.32000000000002,114.44000000000003,118.14000000000003,119.08000000000003,119.58000000000003,120.00000000000003,120.56000000000003,120.84000000000003,121.14000000000003,121.76000000000003,122.24000000000004,122.50000000000004,123.42000000000004,123.70000000000005,124.50000000000004,125.44000000000004,125.96000000000004,127.12000000000003,127.40000000000003,128.12000000000003,129.50000000000003,131.62000000000003,132.16000000000003,133.32000000000002,133.90000000000003,134.70000000000005,135.06000000000006,135.62000000000006,138.90000000000006,140.08000000000007,141.22000000000006,141.64000000000004,142.06000000000003,142.88000000000002,143.82000000000002,144.72000000000003,145.34000000000003,145.62000000000003,146.34000000000003,148.64000000000004
run28,0.36,0.5399999999999999,0.9399999999999998,1.04,3.94,4.14,4.5,4.9,5.48,6.0200000000000005,6.5600000000000005,6.82,6.9,6.94,7.54,7.74,7.78,8.200000000000001,9.620000000000001,9.760000000000002,10.240000000000002,10.840000000000002,11.220000000000002,11.560000000000002,11.560000000000002,11.640000000000002,11.660000000000002,11.720000000000002,11.760000000000003,12.100000000000003,13.140000000000004,13.440000000000005,14.060000000000004,14.460000000000004,14.640000000000004,14.900000000000004,15.140000000000004,15.500000000000004,15.620000000000003,15.820000000000002,15.940000000000001,16.32,16.56,16.64,16.96,17.380000000000003,17.500000000000004,17.520000000000003,17.560000000000002,17.680000000000003,17.900000000000002,18.480000000000004,19.300000000000004,20.120000000000005,20.720000000000006,20.980000000000008,21.700000000000006,21.700000000000006,22.080000000000005,22.580000000000005,22.780000000000005,23.100000000000005,24.520000000000003,24.700000000000003,24.840000000000003,25.280000000000005,25.560000000000006,25.740000000000006,26.160000000000007,26.220000000000006,26.480000000000008,27.040000000000006,28.020000000000007,28.420000000000005,29.160000000000004,29.220000000000002,29.46,29.84,30.12,31.76,32.38,32.980000000000004,33.02,33.540000000000006,34.02,34.480000000000004,34.88,35.260000000000005,35.42,35.480000000000004,39.18000000000001,42.7,42.900000000000006,43.24000000000001,43.30000000000001,43.30000000000001,43.88000000000001,44.76000000000001,45.60000000000001,45.760000000000005,46.14000000000001,47.900000000000006,47.92000000000001,47.96000000000001,48.440000000000005,48.88,49.480000000000004,50.02,50.540000000000006,50.900000000000006,53.14000000000001,53.50000000000001,53.900000000000006,54.06,54.080000000000005,54.080000000000005,54.480000000000004,54.800000000000004,55.52,55.620000000000005,56.160000000000004,56.64,57.72,58.26,59.08,59.66,59.94,60.239999999999995,61.39999999999999,62.03999999999999,62.599999999999994,62.89999999999999,63.15999999999999,63.43999999999999,63.57999999999999,66.32,66.38,66.42,66.62,67.10000000000001,67.14000000000001,67.48000000000002,69.12000000000002,69.46000000000002,69.90000000000002,70.28000000000002,73.80000000000001,74.10000000000001,74.48,74.56,74.9,75.24000000000001,76.82000000000001,76.86000000000001,77.00000000000001,77.60000000000001,78.10000000000001,78.48,78.82000000000001,79.02000000000001,79.70000000000002,80.38000000000002,80.56000000000003,80.92000000000003,81.28000000000003,81.44000000000003,82.28000000000003,83.00000000000003,83.78000000000003,84.14000000000003,84.44000000000003,84.92000000000003,85.44000000000003,86.24000000000002,89.94000000000003,90.48000000000003,90.94000000000003,91.16000000000003,91.58000000000003,92.36000000000003,92.82000000000002,93.14000000000001,93.38000000000001,93.74000000000001,93.78000000000002,93.98000000000002,94.82000000000002,95.62000000000002,96.18000000000002,97.10000000000002,97.56000000000002,97.88000000000001,98.46000000000001,98.56,99.08,99.36,99.46,101.75999999999999,102.32,103.11999999999999,103.75999999999999,104.24,104.96,105.52,105.92,107.0,109.84,110.26,111.2,113.28,114.1,116.22,116.76,117.04,117.5,118.22,118.74,119.17999999999999,120.19999999999999,121.38,121.67999999999999,122.6,123.22,123.78,124.2,124.48,124.98,125.24000000000001,125.66000000000001,126.80000000000001,127.32000000000001,127.60000000000001,131.28,132.66,133.82,134.76,135.48,135.6,136.14,137.29999999999998,138.1,140.22,143.5,144.64,145.54,146.48,147.22,147.84,148.38,148.85999999999999,149.42
run29,0.22000000000000008,0.3400000000000001,3.08,3.34,3.42,3.76,4.1,4.38,5.0,7.84,7.98,8.32,8.52,8.56,8.74,8.8,9.24,9.72,11.360000000000001,14.88,15.020000000000001,17.1,17.44,17.92,18.48,18.52,18.54,18.58,18.58,19.08,19.24,19.279999999999998,19.339999999999996,20.379999999999995,20.439999999999994,20.519999999999996,20.539999999999996,20.579999999999995,20.779999999999994,21.359999999999992,21.39999999999999,21.859999999999992,22.179999999999993,22.55999999999999,22.59999999999999,22.71999999999999,22.879999999999992,23.05999999999999,23.11999999999999,23.43999999999999,23.97999999999999,24.01999999999999,24.099999999999987,24.35999999999999,24.35999999999999,24.95999999999999,25.73999999999999,26.75999999999999,27.59999999999999,27.73999999999999,28.09999999999999,28.47999999999999,29.29999999999999,30.11999999999999,31.539999999999992,31.93999999999999,32.23999999999999,32.69999999999999,32.83999999999999,33.07999999999999,33.69999999999999,34.05999999999999,34.25999999999999,34.55999999999999,34.679999999999986,34.97999999999998,35.259999999999984,35.65999999999998,35.81999999999998,35.83999999999998,36.039999999999985,36.639999999999986,37.05999999999999,37.11999999999999,37.39999999999999,37.65999999999999,37.87999999999999,38.21999999999999,38.47999999999999,38.59999999999999,39.319999999999986,39.859999999999985,40.45999999999999,40.999999999999986,42.41999999999999,42.61999999999999,42.85999999999999,42.97999999999999,42.97999999999999,43.39999999999999,43.79999999999999,44.03999999999999,44.11999999999999,44.43999999999999,44.75999999999999,45.21999999999999,45.39999999999999,45.87999999999999,46.359999999999985,46.41999999999999,46.819999999999986,47.19999999999999,47.45999999999999,48.19999999999999,48.29999999999999,48.65999999999999,49.01999999999999,51.91999999999999,52.499999999999986,53.039999999999985,53.43999999999998,54.079999999999984,54.51999999999998,54.51999999999998,54.69999999999998,54.93999999999998,55.579999999999984,56.73999999999998,57.01999999999998,57.99999999999998,58.51999999999998,58.83999999999998,59.43999999999998,59.639999999999986,60.319999999999986,61.15999999999999,61.17999999999999,61.779999999999994,62.16,62.559999999999995,62.739999999999995,63.12,63.16,64.8,65.24,68.75999999999999,69.13999999999999,70.71999999999998,70.91999999999999,71.39999999999999,71.99999999999999,72.57999999999998,72.93999999999998,73.47999999999999,74.63999999999999,76.87999999999998,78.63999999999999,79.03999999999999,79.61999999999999,79.96,80.3,80.75999999999999,81.05999999999999,84.75999999999999,84.8,85.0,85.82,86.53999999999999,87.03999999999999,87.41999999999999,87.97999999999999,88.49999999999999,92.19999999999999,92.61999999999999,93.19999999999999,93.99999999999999,94.77999999999999,95.13999999999999,95.32,95.74,96.1,96.19999999999999,97.27999999999999,97.82,98.38,98.89999999999999,99.97999999999999,100.49999999999999,100.77999999999999,100.87999999999998,101.43999999999998,101.99999999999999,102.79999999999998,103.67999999999998,104.23999999999998,104.53999999999998,104.85999999999997,105.57999999999997,105.95999999999997,106.25999999999996,106.63999999999996,106.97999999999996,108.11999999999996,108.83999999999996,109.23999999999997,109.71999999999997,110.07999999999997,110.61999999999998,111.53999999999998,111.99999999999997,112.47999999999998,112.99999999999997,113.53999999999998,114.05999999999997,115.21999999999997,115.89999999999998,116.17999999999998,116.65999999999998,117.49999999999999,121.17999999999998,122.35999999999999,122.97999999999999,123.39999999999999,123.82,124.1,124.6,125.97999999999999,126.07999999999998,126.99999999999999,127.43999999999998,127.79999999999998,129.92,130.2,130.76,131.56,132.28,132.54,133.06,133.48,134.29999999999998,135.1,138.38,139.51999999999998,139.82,141.94,142.84,143.78,144.52,145.06,145.78,148.08
run30,0.72,1.54,2.96,3.98,4.3,7.579999999999999,7.6,9.18,9.24,9.64,10.200000000000001,10.580000000000002,10.840000000000002,11.060000000000002,11.160000000000002,11.180000000000001,11.280000000000001,12.920000000000002,13.120000000000001,14.040000000000001,14.32,15.96,16.16,16.34,16.46,16.5,16.58,17.119999999999997,17.199999999999996,17.199999999999996,17.279999999999994,17.539999999999996,17.939999999999994,18.719999999999995,18.859999999999996,19.219999999999995,19.239999999999995,19.299999999999994,19.339999999999993,19.779999999999994,19.819999999999993,19.819999999999993,20.05999999999999,20.179999999999993,20.23999999999999,21.05999999999999,21.41999999999999,21.77999999999999,22.25999999999999,22.79999999999999,23.21999999999999,23.59999999999999,23.99999999999999,24.47999999999999,24.91999999999999,28.43999999999999,28.73999999999999,28.73999999999999,29.199999999999992,29.659999999999993,30.699999999999992,31.539999999999992,31.659999999999993,31.999999999999993,32.379999999999995,32.67999999999999,32.879999999999995,32.94,32.98,33.239999999999995,33.959999999999994,34.25999999999999,34.73999999999999,35.01999999999999,35.59999999999999,36.19999999999999,37.179999999999986,37.499999999999986,38.23999999999999,38.83999999999999,40.21999999999999,40.419999999999995,40.66,41.019999999999996,41.63999999999999,42.35999999999999,42.559999999999995,42.959999999999994,43.3,44.12,44.44,44.96,45.38,45.64,45.68,46.18,46.6,46.68,47.1,47.440000000000005,47.78000000000001,48.02000000000001,48.34000000000001,48.82000000000001,48.940000000000005,49.1,49.120000000000005,49.440000000000005,50.080000000000005,50.7,50.900000000000006,50.940000000000005,51.06,53.800000000000004,54.34,54.720000000000006,54.720000000000006,55.120000000000005,55.660000000000004,56.02,56.900000000000006,57.18000000000001,57.620000000000005,57.980000000000004,58.440000000000005,58.580000000000005,59.220000000000006,59.260000000000005,59.620000000000005,59.86000000000001,60.06000000000001,60.36000000000001,60.74000000000001,60.78000000000001,61.12000000000001,61.56000000000001,62.040000000000006,62.24000000000001,62.92000000000001,63.06000000000001,63.10000000000001,63.70000000000001,64.60000000000001,64.88000000000001,65.02000000000001,65.20000000000002,65.26000000000002,65.42000000000002,65.96000000000002,66.42000000000002,66.74000000000001,67.34,67.86,68.28,68.88,69.25999999999999,69.55999999999999,69.89999999999999,73.41999999999999,73.79999999999998,74.39999999999998,74.57999999999998,74.95999999999998,75.35999999999999,78.19999999999999,78.53999999999999,78.69999999999999,78.88,78.94,79.32,79.72,83.4,83.92,84.48,84.78,85.14,85.86,86.66,88.89999999999999,89.39999999999999,89.94,90.62,91.14,93.22,93.26,94.68,96.44000000000001,96.92000000000002,98.00000000000001,98.58000000000001,99.16000000000001,100.10000000000001,100.38000000000001,100.48,101.04,101.76,102.28,102.84,103.24000000000001,103.58000000000001,103.76000000000002,104.12000000000002,104.28000000000002,104.38000000000001,105.18,106.32000000000001,106.88000000000001,108.04,108.5,108.98,110.06,110.62,111.16000000000001,112.32000000000001,116.02000000000001,116.60000000000001,118.72000000000001,119.66000000000001,120.20000000000002,120.72000000000001,123.62000000000002,124.80000000000003,125.02000000000002,125.64000000000003,126.42000000000003,126.84000000000003,130.54000000000002,131.10000000000002,131.60000000000002,131.88000000000002,132.14000000000001,132.98000000000002,134.14000000000001,134.42000000000002,135.14000000000001,135.72000000000003,136.00000000000003,136.52000000000004,137.32000000000005,137.74000000000004,138.56000000000003,140.68000000000004,141.60000000000002,142.74,143.54000000000002,143.84000000000003,144.78000000000003,145.52000000000004,146.14000000000004,146.68000000000004,148.98000000000005
run31,0.28,0.76,0.8400000000000001,1.1,1.2400000000000002,1.2600000000000002,1.6800000000000002,1.7200000000000002,2.1,2.1,2.48,2.48,2.54,2.54,3.0,3.04,3.38,3.4,3.74,3.8600000000000003,3.9400000000000004,3.9800000000000004,4.1000000000000005,4.460000000000001,4.660000000000001,4.780000000000001,4.820000000000001,4.980000000000001,5.860000000000001,6.080000000000001,6.380000000000001,6.780000000000001,7.260000000000002,7.620000000000001,8.440000000000001,9.040000000000001,9.24,9.3,9.700000000000001,9.760000000000002,10.180000000000001,10.720000000000002,10.720000000000002,11.240000000000002,11.440000000000001,12.120000000000001,12.72,12.96,13.200000000000001,13.46,13.9,14.200000000000001,14.780000000000001,14.96,15.120000000000001,15.940000000000001,17.520000000000003,18.560000000000002,19.400000000000002,19.8,20.32,21.04,21.22,21.48,22.02,22.62,23.16,24.58,24.88,25.08,25.86,26.18,26.72,27.08,27.619999999999997,28.08,28.5,28.68,28.96,29.02,29.12,29.540000000000003,30.1,30.48,30.740000000000002,30.76,32.4,35.92,35.940000000000005,36.92,37.32,37.8,38.519999999999996,39.12,39.18,39.22,39.96,40.44,40.96,41.56,41.92,42.32,42.94,43.059999999999995,43.44,43.72,43.96,44.58,45.16,45.199999999999996,45.699999999999996,45.99999999999999,46.81999999999999,49.71999999999999,50.03999999999999,50.239999999999995,50.919999999999995,51.199999999999996,51.63999999999999,51.98,52.059999999999995,52.4,52.5,52.78,53.24,55.54,57.18,57.38,57.940000000000005,58.18000000000001,58.50000000000001,58.96000000000001,59.10000000000001,59.74000000000001,59.78000000000001,60.080000000000005,60.28000000000001,60.720000000000006,61.080000000000005,61.50000000000001,61.70000000000001,62.54000000000001,63.38000000000002,63.860000000000014,64.22000000000001,65.12000000000002,65.40000000000002,65.54000000000002,65.72000000000003,66.10000000000002,66.40000000000002,69.92000000000002,70.30000000000001,70.42000000000002,73.16000000000001,73.50000000000001,73.84000000000002,73.88000000000002,73.94000000000003,74.08000000000003,74.34000000000003,74.38000000000004,74.82000000000004,75.42000000000003,75.60000000000004,75.98000000000003,76.38000000000004,78.46000000000004,78.62000000000003,79.26000000000003,80.42000000000003,80.74000000000002,81.10000000000002,81.88000000000002,82.22000000000003,82.68000000000002,83.08000000000003,85.92000000000003,86.48000000000003,87.20000000000003,87.68000000000004,88.00000000000003,88.32000000000002,88.54000000000002,88.92000000000002,89.94000000000001,90.10000000000001,90.64000000000001,91.22000000000001,91.74000000000001,91.78000000000002,92.32000000000002,92.42000000000002,96.12000000000002,98.36000000000001,98.94000000000001,99.74000000000001,100.30000000000001,101.38000000000001,102.10000000000001,103.04,103.84,104.34,104.68,104.86000000000001,106.62000000000002,107.10000000000002,108.18000000000002,108.58000000000003,109.14000000000003,110.28000000000003,111.08000000000003,112.26000000000003,113.20000000000003,113.56000000000003,115.68000000000004,116.20000000000003,116.68000000000004,116.98000000000003,117.36000000000003,117.92000000000003,118.84000000000003,119.46000000000004,119.88000000000004,120.38000000000004,120.66000000000004,120.92000000000004,121.28000000000004,124.96000000000004,126.34000000000003,126.92000000000003,127.44000000000003,127.54000000000002,128.26000000000002,128.54000000000002,129.70000000000002,130.24,131.4,131.82,132.64,133.55999999999997,135.67999999999998,138.95999999999998,140.09999999999997,140.89999999999998,141.83999999999997,142.57999999999998,143.2,143.73999999999998,144.45999999999998,145.01999999999998
run32,3.2799999999999994,3.6999999999999993,4.52,4.539999999999999,4.899999999999999,5.719999999999999,5.759999999999999,6.079999999999999,6.079999999999999,7.499999999999999,7.8999999999999995,8.58,8.620000000000001,9.180000000000001,9.660000000000002,10.260000000000002,10.400000000000002,10.480000000000002,11.080000000000002,11.46,11.9,12.280000000000001,12.48,12.66,13.28,13.32,13.360000000000001,13.840000000000002,14.260000000000002,14.64,14.940000000000001,15.48,15.540000000000001,15.580000000000002,15.980000000000002,16.8,16.82,17.42,17.900000000000002,18.26,18.46,18.580000000000002,18.78,19.220000000000002,19.300000000000004,19.560000000000006,19.980000000000008,20.10000000000001,20.22000000000001,20.40000000000001,20.82000000000001,21.100000000000012,21.240000000000013,21.380000000000013,21.720000000000013,21.840000000000014,22.040000000000013,22.040000000000013,22.400000000000013,23.000000000000014,23.060000000000013,23.380000000000013,23.640000000000015,23.900000000000016,23.900000000000016,24.140000000000015,24.480000000000015,25.520000000000014,26.360000000000014,26.600000000000012,26.880000000000013,27.360000000000014,27.620000000000015,28.180000000000014,28.900000000000013,29.320000000000014,29.380000000000013,29.780000000000012,30.16000000000001,30.420000000000012,30.64000000000001,30.66000000000001,30.86000000000001,31.84000000000001,31.90000000000001,32.26000000000001,32.360000000000014,34.000000000000014,37.52000000000001,37.98000000000001,38.30000000000001,38.62000000000001,41.360000000000014,41.66000000000001,41.70000000000001,42.30000000000001,42.88000000000001,42.92000000000001,43.42000000000001,44.16000000000001,44.76000000000001,45.280000000000015,45.680000000000014,45.70000000000002,46.000000000000014,46.240000000000016,46.70000000000002,47.02000000000002,47.86000000000002,48.060000000000024,48.10000000000002,48.54000000000002,49.18000000000002,49.380000000000024,49.60000000000002,49.76000000000002,49.80000000000002,50.18000000000002,50.26000000000002,50.62000000000002,51.20000000000002,51.920000000000016,52.22000000000001,52.420000000000016,52.72000000000001,53.62000000000001,53.90000000000001,54.44000000000001,54.98000000000001,55.62000000000001,55.94000000000001,56.34000000000001,58.58000000000001,58.74000000000001,58.900000000000006,59.080000000000005,59.14000000000001,60.02000000000001,60.02000000000001,60.54000000000001,60.88000000000002,60.960000000000015,61.30000000000002,61.920000000000016,62.30000000000002,62.600000000000016,62.94000000000002,63.66000000000002,65.30000000000001,68.82000000000001,69.26,69.80000000000001,70.28000000000002,70.66000000000001,70.70000000000002,71.10000000000002,71.44000000000003,75.12000000000003,75.70000000000003,76.04000000000003,76.40000000000003,76.86000000000003,78.62000000000003,79.02000000000004,79.82000000000004,80.66000000000004,80.80000000000004,81.08000000000004,81.26000000000005,81.32000000000005,81.78000000000004,82.12000000000005,83.14000000000004,83.32000000000005,83.82000000000005,84.18000000000005,85.12000000000005,85.64000000000004,86.18000000000005,86.56000000000004,88.14000000000004,89.22000000000004,89.78000000000004,90.30000000000004,92.38000000000004,92.96000000000004,93.74000000000004,94.10000000000004,94.28000000000004,94.38000000000004,94.90000000000003,95.44000000000004,95.72000000000004,95.82000000000004,98.12000000000003,98.68000000000004,100.06000000000003,100.16000000000003,100.70000000000003,101.86000000000003,102.02000000000002,103.10000000000002,103.90000000000002,107.60000000000002,108.08000000000003,108.88000000000002,110.04000000000002,110.44000000000003,113.28000000000003,113.84000000000003,114.56000000000003,116.68000000000004,117.16000000000004,117.54000000000003,118.72000000000004,119.26000000000005,120.20000000000005,120.66000000000004,123.56000000000004,124.08000000000004,124.86000000000004,125.28000000000004,125.96000000000005,129.66000000000005,130.08000000000004,130.38000000000005,131.00000000000006,131.92000000000004,132.20000000000005,132.70000000000005,133.84000000000003,134.10000000000002,134.38000000000002,134.96000000000004,135.48000000000005,136.20000000000005,137.36000000000004,137.64000000000004,137.76000000000005,138.18000000000004,139.00000000000003,139.92000000000002,142.04000000000002,143.18,143.98000000000002,144.92000000000002,145.66000000000003,146.28000000000003,146.82000000000002,147.3,147.86
run33,0.10000000000000009,0.6200000000000001,0.9000000000000001,1.1400000000000001,1.1800000000000002,1.6400000000000001,1.84,2.58,2.58,3.42,3.5,3.54,3.8600000000000003,3.9800000000000004,4.760000000000001,5.32,5.680000000000001,5.720000000000001,6.16,6.54,7.02,7.14,7.54,7.7,7.98,8.18,8.799999999999999,9.159999999999998,9.7,9.899999999999999,10.139999999999999,10.259999999999998,10.859999999999998,11.579999999999998,11.819999999999999,13.899999999999999,14.219999999999999,14.399999999999999,14.879999999999999,14.92,15.76,15.92,16.12,16.68,16.7,16.84,17.18,17.48,17.62,17.8,17.86,17.88,18.96,19.080000000000002,19.44,19.84,19.9,20.279999999999998,20.339999999999996,20.739999999999995,21.339999999999996,21.619999999999997,22.22,22.599999999999998,23.22,23.48,23.7,23.78,23.78,24.040000000000003,24.380000000000003,24.980000000000004,25.280000000000005,25.700000000000006,27.120000000000005,27.380000000000006,27.440000000000005,27.640000000000004,27.960000000000004,28.100000000000005,28.160000000000004,28.260000000000005,28.340000000000003,28.680000000000003,29.060000000000002,31.800000000000004,32.14000000000001,32.50000000000001,32.50000000000001,32.900000000000006,33.64000000000001,34.16000000000001,34.76000000000001,35.24000000000001,35.52000000000001,36.50000000000001,36.92000000000001,37.16000000000001,37.20000000000001,37.38000000000001,37.76000000000001,37.960000000000015,38.640000000000015,38.680000000000014,39.08000000000001,40.000000000000014,40.02000000000002,40.38000000000002,41.100000000000016,41.360000000000014,41.820000000000014,43.460000000000015,43.500000000000014,47.02000000000001,47.16000000000001,47.54000000000001,47.84000000000001,48.14000000000001,48.580000000000005,49.040000000000006,49.580000000000005,49.92000000000001,50.400000000000006,50.940000000000005,51.260000000000005,51.64000000000001,51.82000000000001,52.16000000000001,52.20000000000001,52.66000000000001,53.14000000000001,53.50000000000001,53.92000000000001,54.34000000000001,55.98000000000001,59.500000000000014,59.94000000000001,60.26000000000001,61.08000000000001,61.960000000000015,62.02000000000002,62.02000000000002,62.66000000000002,63.240000000000016,63.54000000000001,63.56000000000002,63.600000000000016,64.42000000000002,64.80000000000001,66.22000000000001,66.38000000000001,68.14000000000001,68.34000000000002,68.92000000000002,69.26000000000002,69.46000000000002,70.50000000000003,71.30000000000003,72.02000000000002,72.20000000000003,72.68000000000004,73.28000000000003,73.80000000000003,74.34000000000003,76.58000000000003,79.48000000000003,80.64000000000003,81.16000000000003,81.70000000000003,82.20000000000003,83.00000000000003,83.44000000000003,84.38000000000002,84.90000000000002,85.32000000000002,85.84000000000002,86.48000000000002,87.30000000000001,87.84000000000002,87.94000000000001,88.34000000000002,88.88000000000002,89.46000000000002,90.02000000000002,90.42000000000003,90.76000000000003,93.60000000000004,93.78000000000004,95.36000000000004,96.04000000000005,96.54000000000005,96.70000000000005,97.06000000000004,97.46000000000005,98.04000000000005,99.12000000000005,99.68000000000005,99.72000000000006,100.10000000000005,100.40000000000005,100.76000000000005,101.30000000000005,102.46000000000005,106.16000000000005,106.64000000000006,107.42000000000006,107.88000000000005,108.90000000000005,109.62000000000005,111.74000000000005,112.28000000000006,112.50000000000006,113.12000000000006,114.06000000000006,114.56000000000006,114.98000000000006,115.26000000000006,118.94000000000005,120.08000000000006,120.64000000000006,121.56000000000006,121.84000000000006,122.32000000000006,122.58000000000007,123.74000000000007,124.46000000000006,125.30000000000007,125.42000000000007,126.80000000000007,127.08000000000007,127.18000000000006,129.30000000000007,130.10000000000008,130.6200000000001,131.2000000000001,132.0000000000001,132.36000000000013,132.92000000000013,136.20000000000013,137.34000000000012,138.52000000000012,138.82000000000014,139.24000000000012,139.6600000000001,140.4800000000001,141.4200000000001,142.3200000000001,142.9400000000001,143.2200000000001,143.9400000000001,146.24000000000012
run34,0.5,0.7999999999999998,1.2599999999999998,1.5599999999999998,1.6199999999999999,2.46,3.2800000000000002,4.2,4.24,4.5600000000000005,4.6000000000000005,4.86,4.92,4.92,5.4799999999999995,5.9399999999999995,6.34,7.18,7.8999999999999995,7.92,8.18,8.32,8.36,8.44,8.48,8.56,8.56,9.18,9.42,9.46,9.860000000000001,10.120000000000001,10.540000000000001,11.120000000000001,11.14,12.18,12.54,12.78,13.16,13.52,14.0,14.36,14.52,14.7,15.02,15.559999999999999,16.34,16.6,16.82,17.3,17.44,17.5,17.8,17.8,19.22,19.419999999999998,19.54,19.66,19.94,20.3,20.84,21.18,21.72,21.959999999999997,22.779999999999998,24.199999999999996,24.239999999999995,24.439999999999994,24.619999999999994,25.099999999999994,25.159999999999993,25.759999999999994,26.039999999999996,26.139999999999997,26.539999999999996,26.919999999999995,27.179999999999996,27.199999999999996,27.619999999999997,28.159999999999997,28.219999999999995,28.539999999999996,29.279999999999994,29.799999999999994,30.079999999999995,31.059999999999995,31.099999999999994,31.419999999999995,31.499999999999993,31.939999999999994,32.059999999999995,32.21999999999999,32.239999999999995,32.44,32.559999999999995,33.16,33.54,34.019999999999996,34.48,34.8,35.18,35.62,35.86,36.16,36.36,36.4,37.04,37.64,39.28,42.8,43.62,43.82,44.7,45.040000000000006,45.760000000000005,46.18000000000001,46.400000000000006,46.440000000000005,47.28000000000001,47.86000000000001,47.86000000000001,48.20000000000001,48.28000000000001,48.62000000000001,49.42000000000001,49.540000000000006,50.68000000000001,51.300000000000004,51.68000000000001,54.52,54.7,56.34,56.68000000000001,57.120000000000005,58.28,58.64,58.68,58.839999999999996,59.4,60.0,60.14,61.72,63.96,64.24,64.38,64.56,64.62,65.26,65.74000000000001,66.30000000000001,66.60000000000001,67.32000000000001,70.84,71.3,71.78,72.3,72.64,73.16,73.32,73.86,74.22,74.8,75.16,78.06,78.26,79.0,79.54,79.82000000000001,79.92,80.48,82.56,82.88,83.39999999999999,83.49999999999999,83.69999999999999,84.38,85.17999999999999,85.77999999999999,85.96,86.36,86.74,87.11999999999999,87.41999999999999,87.75999999999999,88.13999999999999,90.87999999999998,91.59999999999998,92.01999999999998,92.51999999999998,93.59999999999998,93.99999999999999,94.37999999999998,96.13999999999999,96.65999999999998,97.25999999999998,97.65999999999998,98.11999999999998,98.59999999999998,99.01999999999998,99.31999999999998,100.09999999999998,100.77999999999999,101.13999999999999,101.49999999999999,101.89999999999999,102.24,103.32,107.02,107.2,107.74000000000001,109.86000000000001,110.38000000000001,110.86000000000001,111.88000000000001,112.82000000000001,113.4,114.02000000000001,114.44000000000001,114.72000000000001,115.28000000000002,115.56000000000002,115.82000000000002,116.32000000000002,117.26000000000002,118.18000000000002,118.98000000000002,119.50000000000001,119.78000000000002,120.50000000000001,121.66000000000001,125.34,126.72,128.84,129.38,130.54,131.12,131.68,131.78,132.58,135.86,137.04000000000002,138.18,138.6,139.01999999999998,139.83999999999997,140.77999999999997,141.67999999999998,142.29999999999998,142.83999999999997,143.55999999999997,145.85999999999999
run35,0.84,0.92,1.2999999999999998,1.6199999999999999,3.2,4.28,5.7,6.18,6.3,6.72,6.8,7.359999999999999,7.499999999999999,7.52,7.52,7.579999999999999,7.619999999999999,7.699999999999999,7.739999999999999,8.08,8.54,8.899999999999999,8.899999999999999,9.419999999999998,9.859999999999998,10.319999999999997,10.439999999999996,10.819999999999997,10.819999999999997,11.019999999999996,11.259999999999996,11.679999999999996,11.839999999999996,12.319999999999997,12.539999999999997,12.719999999999997,13.079999999999997,13.559999999999997,14.099999999999998,14.159999999999998,14.54,14.58,15.4,15.76,16.24,16.38,16.779999999999998,16.779999999999998,17.58,17.599999999999998,17.639999999999997,18.099999999999998,18.339999999999996,18.619999999999997,19.019999999999996,19.619999999999997,19.74,20.139999999999997,20.74,20.939999999999998,21.279999999999998,21.679999999999996,21.959999999999997,22.139999999999997,22.56,22.98,23.54,24.14,24.400000000000002,24.520000000000003,24.780000000000005,25.040000000000006,25.440000000000005,25.480000000000004,25.780000000000005,26.100000000000005,26.160000000000004,26.520000000000003,27.1,27.14,27.46,28.2,28.3,28.36,28.98,29.36,29.62,30.46,31.54,31.56,32.28,32.800000000000004,33.06,33.56,34.580000000000005,34.64000000000001,35.24000000000001,35.78000000000001,38.52000000000001,39.00000000000001,39.46000000000001,40.080000000000005,40.480000000000004,40.720000000000006,42.14000000000001,42.440000000000005,42.92,43.5,43.7,43.900000000000006,44.88,45.06,46.7,50.22,53.9,54.94,55.66,56.099999999999994,56.12,56.32,56.62,57.5,57.66,57.86,58.16,58.76,61.0,61.16,61.699999999999996,62.22,63.04,63.42,64.14,64.46,65.03999999999999,65.85999999999999,66.45999999999998,66.99999999999999,67.37999999999998,69.13999999999999,69.65999999999998,69.83999999999999,70.25999999999999,71.03999999999999,71.22,71.62,71.96000000000001,72.26,72.9,73.2,73.58,74.08,74.42,76.06,79.58,79.92,80.0,80.34,80.68,80.78,81.32000000000001,81.36000000000001,81.72000000000001,82.08000000000001,85.78000000000002,86.06000000000002,86.42000000000002,86.58000000000001,86.72000000000001,87.00000000000001,87.18000000000002,87.24000000000002,87.38000000000002,87.72000000000003,87.94000000000003,88.48000000000003,89.06000000000003,91.96000000000004,93.12000000000003,93.44000000000003,93.90000000000002,94.14000000000001,94.50000000000001,94.54000000000002,94.74000000000002,95.58000000000003,96.38000000000002,96.94000000000003,97.50000000000003,98.28000000000003,98.92000000000003,99.44000000000003,99.56000000000003,101.64000000000003,104.48000000000003,104.86000000000003,105.40000000000003,105.72000000000003,106.08000000000003,106.76000000000003,106.96000000000004,107.64000000000004,107.74000000000004,108.66000000000004,109.28000000000004,110.00000000000004,110.56000000000004,110.96000000000005,111.00000000000006,111.94000000000005,112.42000000000006,112.98000000000006,113.92000000000006,115.06000000000006,115.34000000000006,116.50000000000006,117.04000000000006,117.56000000000006,117.98000000000006,118.08000000000006,121.78000000000006,122.58000000000006,123.02000000000005,124.20000000000006,124.92000000000006,125.20000000000006,125.62000000000006,126.18000000000006,126.90000000000006,127.82000000000006,128.10000000000005,128.60000000000005,129.98000000000005,132.10000000000005,132.36000000000004,132.88000000000005,133.30000000000004,134.12000000000003,134.66000000000003,135.82000000000002,136.62000000000003,138.74000000000004,142.02000000000004,143.16000000000003,144.06000000000003,145.00000000000003,145.74000000000004,146.36000000000004,146.64000000000004,147.12000000000003,149.42000000000004
run36,1.02,1.62,1.9600000000000002,2.68,3.24,3.6,3.8,4.24,4.74,4.76,5.14,5.739999999999999,5.9399999999999995,6.1,6.4799999999999995,6.52,6.52,7.3,7.54,7.66,7.78,8.32,8.38,8.760000000000002,9.120000000000001,9.360000000000001,9.660000000000002,9.740000000000002,9.780000000000003,11.200000000000003,11.400000000000002,12.220000000000002,12.340000000000002,12.380000000000003,12.440000000000003,12.620000000000003,13.040000000000003,13.460000000000003,13.480000000000002,13.500000000000002,13.540000000000003,13.540000000000003,14.360000000000003,14.500000000000004,15.060000000000004,15.140000000000004,15.320000000000004,15.620000000000005,15.900000000000004,16.520000000000003,16.880000000000003,17.28,17.880000000000003,18.060000000000002,19.700000000000003,20.140000000000004,23.660000000000004,26.560000000000002,26.860000000000003,27.340000000000003,27.340000000000003,28.380000000000003,28.500000000000004,28.960000000000004,29.220000000000006,29.640000000000008,30.040000000000006,30.440000000000005,30.780000000000005,31.380000000000006,31.740000000000006,31.940000000000005,32.260000000000005,32.56,34.32,35.16,35.54,35.8,35.959999999999994,37.379999999999995,37.959999999999994,38.93999999999999,39.25999999999999,39.599999999999994,39.99999999999999,40.35999999999999,40.57999999999999,40.75999999999999,41.15999999999999,41.43999999999999,41.93999999999999,42.31999999999999,42.599999999999994,42.839999999999996,43.31999999999999,43.89999999999999,44.15999999999999,45.03999999999999,48.739999999999995,48.739999999999995,49.13999999999999,49.57999999999999,49.73999999999999,49.79999999999999,50.27999999999999,50.47999999999999,50.53999999999999,50.779999999999994,50.81999999999999,50.879999999999995,51.13999999999999,51.53999999999999,51.559999999999995,51.66,52.4,52.92,53.54,56.28,56.6,57.06,57.2,57.24,57.620000000000005,57.660000000000004,57.86000000000001,58.440000000000005,58.86000000000001,59.18000000000001,59.82000000000001,60.14000000000001,60.36000000000001,61.080000000000005,61.160000000000004,61.64,62.24,64.48,65.08,65.53999999999999,65.8,66.1,66.3,66.84,67.0,67.82,68.17999999999999,68.22,68.42,69.10000000000001,69.78000000000002,70.62000000000002,71.52000000000002,71.98000000000002,72.62000000000002,72.96000000000002,73.04000000000002,73.38000000000002,73.86000000000003,74.24000000000002,74.54000000000002,74.88000000000002,75.26000000000002,75.30000000000003,76.94000000000003,80.46000000000002,80.90000000000002,81.04000000000002,81.40000000000002,81.94000000000003,82.28000000000003,82.82000000000004,82.96000000000004,83.24000000000004,83.42000000000004,83.48000000000005,83.82000000000005,84.98000000000005,85.82000000000005,86.24000000000005,86.74000000000005,88.32000000000005,88.64000000000004,89.00000000000004,89.72000000000004,90.66000000000004,91.24000000000004,91.76000000000003,92.12000000000003,92.92000000000003,93.44000000000003,94.22000000000003,97.06000000000003,97.62000000000003,97.72000000000003,98.24000000000002,98.78000000000003,99.34000000000003,103.04000000000003,104.12000000000003,104.92000000000003,105.32000000000004,105.80000000000004,106.88000000000004,107.44000000000004,107.86000000000004,108.40000000000005,108.50000000000004,110.80000000000004,112.88000000000004,113.44000000000004,114.16000000000004,115.34000000000005,116.14000000000004,116.62000000000005,118.74000000000005,119.28000000000006,120.22000000000006,120.74000000000005,121.20000000000005,121.62000000000005,121.92000000000004,122.54000000000005,123.46000000000005,124.18000000000005,124.46000000000005,124.72000000000006,125.00000000000006,128.68000000000006,130.06000000000006,131.20000000000005,131.78000000000006,132.30000000000007,132.40000000000006,133.12000000000006,134.28000000000006,134.56000000000006,135.10000000000005,136.26000000000005,136.38000000000005,136.80000000000004,137.62000000000003,138.54000000000002,140.66000000000003,143.94000000000003,145.08,145.88000000000002,146.82000000000002,147.56000000000003,148.18000000000004,148.46000000000004,148.94000000000003,149.50000000000003
run37,0.3799999999999999,0.5599999999999998,0.6399999999999999,0.68,0.8,1.0999999999999999,4.8,4.92,6.300000000000001,6.640000000000001,7.000000000000001,7.020000000000001,7.060000000000001,7.2200000000000015,7.760000000000002,7.820000000000002,8.180000000000001,8.860000000000001,9.400000000000002,9.700000000000003,9.700000000000003,10.740000000000002,10.980000000000002,11.100000000000001,11.920000000000002,11.960000000000003,12.320000000000002,12.740000000000002,13.140000000000002,13.580000000000002,13.840000000000002,14.320000000000002,14.800000000000002,15.480000000000002,16.32,16.7,16.84,16.92,16.92,17.14,17.54,18.16,18.28,18.48,18.92,19.400000000000002,20.000000000000004,20.260000000000005,20.640000000000004,21.240000000000006,21.840000000000007,22.140000000000008,22.860000000000007,23.460000000000008,23.620000000000008,23.90000000000001,24.300000000000008,24.480000000000008,24.620000000000008,24.620000000000008,24.800000000000008,24.840000000000007,24.860000000000007,25.200000000000006,25.440000000000005,25.500000000000004,25.540000000000003,26.080000000000002,26.62,26.62,26.68,26.88,27.419999999999998,27.799999999999997,28.58,29.159999999999997,29.58,30.36,31.24,31.639999999999997,31.999999999999996,32.199999999999996,32.72,33.04,33.28,33.74,33.940000000000005,33.980000000000004,34.300000000000004,35.040000000000006,35.28000000000001,35.36000000000001,35.620000000000005,35.760000000000005,35.940000000000005,36.00000000000001,36.64000000000001,36.84000000000001,37.14000000000001,37.74000000000001,38.10000000000001,38.94000000000001,39.320000000000014,39.62000000000001,39.960000000000015,40.34000000000002,40.62000000000002,41.240000000000016,41.52000000000002,41.66000000000002,42.22000000000002,42.30000000000002,45.140000000000015,45.94000000000001,46.66000000000001,47.22000000000001,47.54000000000001,47.90000000000001,48.820000000000014,49.000000000000014,49.34000000000002,49.600000000000016,51.680000000000014,51.72000000000001,52.140000000000015,52.20000000000002,52.600000000000016,52.70000000000002,52.76000000000002,53.08000000000002,53.28000000000002,53.880000000000024,54.24000000000002,54.620000000000026,54.96000000000003,55.70000000000003,56.220000000000034,56.500000000000036,56.52000000000004,56.94000000000004,58.58000000000004,62.10000000000004,62.44000000000004,62.48000000000004,62.94000000000004,63.14000000000004,64.78000000000004,68.30000000000004,68.76000000000003,69.24000000000004,69.96000000000004,70.54000000000003,70.86000000000003,71.08000000000003,71.10000000000002,71.92000000000002,73.34000000000002,74.16000000000001,74.46000000000001,74.50000000000001,74.66000000000001,75.00000000000001,75.38000000000001,75.86000000000001,76.40000000000002,76.86000000000001,77.28000000000002,79.04000000000002,79.48000000000002,80.64000000000001,82.06000000000002,82.16000000000001,82.80000000000001,83.78000000000002,84.30000000000001,85.14000000000001,86.72000000000001,87.30000000000001,87.58000000000001,87.68,88.24000000000001,88.80000000000001,89.32000000000001,90.46000000000001,91.18,91.58000000000001,91.62000000000002,92.42000000000002,92.96000000000002,93.36000000000003,94.44000000000003,94.62000000000003,97.52000000000004,97.86000000000004,98.44000000000004,100.68000000000004,101.20000000000003,101.60000000000004,101.96000000000004,102.12000000000003,102.62000000000003,103.12000000000003,103.50000000000003,106.24000000000002,107.32000000000002,107.78000000000002,108.26000000000002,108.80000000000003,109.96000000000002,113.66000000000003,115.78000000000003,116.30000000000003,116.86000000000003,117.88000000000002,118.60000000000002,119.54000000000002,119.96000000000002,120.24000000000002,120.80000000000003,124.48000000000002,124.98000000000002,125.26000000000002,125.52000000000002,126.46000000000002,127.62000000000002,127.92000000000002,128.54000000000002,129.46,130.26000000000002,130.54000000000002,131.26000000000002,131.38000000000002,133.50000000000003,134.02000000000004,134.60000000000005,134.70000000000005,135.50000000000006,135.86000000000007,136.42000000000007,139.70000000000007,140.88000000000008,142.02000000000007,142.44000000000005,142.86000000000004,143.68000000000004,144.62000000000003,145.52000000000004,146.14000000000004,146.68000000000004,147.16000000000003,149.46000000000004
run38,1.1399999999999997,4.659999999999999,5.039999999999999,5.239999999999999,5.359999999999999,5.6,5.72,7.1,7.46,7.6,7.859999999999999,8.58,8.64,8.64,9.100000000000001,9.120000000000001,9.120000000000001,9.540000000000001,9.920000000000002,10.180000000000001,10.220000000000002,10.560000000000002,10.600000000000003,10.680000000000003,10.720000000000004,10.720000000000004,10.800000000000004,11.120000000000005,11.160000000000004,11.460000000000004,11.580000000000004,12.000000000000004,12.460000000000004,13.000000000000004,13.600000000000003,14.080000000000004,14.480000000000004,15.100000000000003,15.700000000000003,15.880000000000003,16.26,19.78,19.92,19.96,20.76,20.880000000000003,21.28,22.44,22.78,22.96,23.44,23.8,24.0,24.28,24.34,24.82,24.88,24.9,25.08,25.279999999999998,26.319999999999997,27.159999999999997,27.539999999999996,28.119999999999997,28.619999999999997,32.32,32.62,32.98,33.419999999999995,33.67999999999999,33.71999999999999,34.279999999999994,34.599999999999994,34.839999999999996,35.3,35.62,35.66,35.86,36.16,36.54,36.96,37.18,37.74,38.32,39.0,39.68,40.2,40.74,41.68,41.88,42.720000000000006,43.32000000000001,43.56000000000001,43.78000000000001,43.940000000000005,44.00000000000001,44.040000000000006,44.28000000000001,44.56000000000001,44.88000000000001,45.28000000000001,45.68000000000001,46.32000000000001,46.64000000000001,47.46000000000001,47.760000000000005,48.120000000000005,48.120000000000005,48.300000000000004,49.040000000000006,49.68000000000001,50.14000000000001,50.620000000000005,50.760000000000005,51.50000000000001,52.10000000000001,52.720000000000006,53.540000000000006,53.60000000000001,53.98000000000001,54.24000000000001,54.64000000000001,54.720000000000006,54.92000000000001,56.34000000000001,56.860000000000014,57.06000000000002,57.180000000000014,60.02000000000001,60.80000000000001,61.22000000000001,61.30000000000001,61.90000000000001,62.460000000000015,62.820000000000014,63.12000000000001,65.20000000000002,65.46000000000002,65.94000000000003,66.36000000000003,67.24000000000002,67.68000000000002,68.22000000000003,68.36000000000003,68.64000000000003,68.70000000000003,68.88000000000004,69.22000000000004,69.42000000000004,69.58000000000004,69.94000000000004,70.76000000000003,71.16000000000004,71.44000000000004,72.42000000000004,72.78000000000004,73.28000000000004,73.88000000000004,74.46000000000004,74.48000000000003,74.58000000000003,75.12000000000003,75.84000000000003,76.36000000000003,76.88000000000002,77.42000000000003,79.00000000000003,79.32000000000002,79.70000000000002,81.12000000000002,81.56000000000002,81.90000000000002,82.34000000000002,82.68000000000002,82.72000000000003,83.52000000000002,83.86000000000003,84.80000000000003,84.96000000000002,85.34000000000002,85.64000000000001,85.98000000000002,86.36000000000001,89.10000000000001,89.14000000000001,89.54000000000002,89.72000000000003,90.06000000000003,92.96000000000004,93.54000000000003,93.90000000000003,94.44000000000004,96.68000000000004,97.84000000000003,98.62000000000003,98.72000000000003,102.42000000000003,102.94000000000003,103.48000000000003,103.58000000000003,104.14000000000003,105.22000000000003,105.62000000000003,106.34000000000003,107.42000000000003,107.98000000000003,108.82000000000004,110.46000000000004,110.94000000000004,111.74000000000004,112.16000000000004,112.64000000000004,113.20000000000005,113.66000000000004,115.30000000000004,115.58000000000004,116.60000000000004,117.14000000000004,118.30000000000004,118.82000000000004,119.32000000000004,119.74000000000004,119.84000000000003,123.52000000000004,124.44000000000004,124.72000000000004,125.20000000000005,125.50000000000004,126.12000000000005,127.04000000000005,127.76000000000005,128.04000000000005,128.84000000000006,130.96000000000006,131.22000000000006,132.40000000000006,132.92000000000007,133.50000000000009,133.8600000000001,134.4200000000001,136.5400000000001,139.8200000000001,140.9600000000001,141.38000000000008,142.20000000000007,143.14000000000007,144.04000000000008,144.66000000000008,144.94000000000008,145.66000000000008,147.9600000000001
run39,0.040000000000000036,0.20000000000000007,3.1,3.4400000000000004,3.9200000000000004,5.0,6.04,6.3,6.9,7.220000000000001,7.420000000000001,7.540000000000001,7.920000000000001,8.180000000000001,9.560000000000002,9.680000000000001,10.040000000000001,10.120000000000001,10.24,10.280000000000001,11.120000000000001,11.14,11.280000000000001,11.320000000000002,11.480000000000002,11.700000000000003,12.240000000000002,12.760000000000002,13.120000000000001,13.66,14.14,14.440000000000001,15.260000000000002,15.400000000000002,16.000000000000004,16.200000000000003,16.26,16.62,17.02,17.04,17.279999999999998,17.959999999999997,18.639999999999997,19.039999999999996,19.439999999999994,19.439999999999994,19.619999999999994,19.819999999999993,19.819999999999993,20.139999999999993,20.559999999999995,20.599999999999994,20.939999999999994,21.339999999999993,21.419999999999995,21.419999999999995,22.839999999999996,23.439999999999998,23.499999999999996,24.019999999999996,24.459999999999997,24.74,24.919999999999998,25.319999999999997,25.939999999999998,26.4,26.58,27.0,27.42,27.98,28.560000000000002,28.92,29.220000000000002,29.540000000000003,29.660000000000004,29.860000000000003,30.160000000000004,31.140000000000004,31.520000000000003,32.120000000000005,32.300000000000004,32.56,32.940000000000005,33.00000000000001,33.720000000000006,34.120000000000005,34.50000000000001,35.32000000000001,35.60000000000001,35.900000000000006,36.38,36.38,36.86,37.38,37.440000000000005,37.68000000000001,37.70000000000001,37.76000000000001,38.02000000000001,38.22000000000001,39.860000000000014,43.38000000000001,43.98000000000001,44.02000000000001,44.76000000000001,45.280000000000015,46.16000000000002,46.780000000000015,47.16000000000002,47.36000000000002,47.64000000000002,48.00000000000002,48.380000000000024,48.78000000000002,48.94000000000002,49.32000000000002,49.76000000000002,50.34000000000002,51.06000000000002,51.40000000000002,55.10000000000002,55.64000000000002,55.74000000000002,57.980000000000025,58.42000000000002,59.020000000000024,59.10000000000002,59.340000000000025,59.72000000000003,60.04000000000003,60.50000000000003,60.54000000000003,61.18000000000003,61.50000000000003,61.70000000000003,61.74000000000003,61.96000000000003,62.50000000000003,62.70000000000003,63.06000000000003,64.82000000000004,65.24000000000004,66.08000000000004,66.42000000000004,66.50000000000004,66.84000000000005,66.96000000000005,69.70000000000005,70.50000000000004,70.76000000000005,70.90000000000005,72.54000000000005,72.88000000000005,73.32000000000005,73.70000000000005,74.42000000000004,77.94000000000004,78.24000000000004,78.58000000000004,78.62000000000005,79.44000000000004,79.48000000000005,82.32000000000005,82.86000000000006,83.76000000000006,84.24000000000007,84.88000000000007,86.30000000000007,87.14000000000007,87.48000000000008,87.94000000000007,88.08000000000007,88.36000000000007,88.54000000000008,88.60000000000008,89.06000000000007,89.62000000000008,89.92000000000007,90.40000000000008,90.76000000000008,92.34000000000007,92.70000000000007,92.86000000000007,93.64000000000007,94.18000000000008,96.26000000000008,96.84000000000007,97.40000000000008,97.72000000000007,97.82000000000006,98.76000000000006,98.94000000000007,99.30000000000007,100.08000000000007,100.60000000000007,101.14000000000007,101.68000000000008,101.78000000000007,102.34000000000007,103.48000000000008,104.20000000000007,105.28000000000007,105.82000000000008,106.98000000000008,110.68000000000008,111.26000000000008,112.42000000000007,113.22000000000007,113.62000000000008,113.66000000000008,114.68000000000008,115.18000000000008,116.36000000000008,116.84000000000009,117.40000000000009,117.82000000000009,118.62000000000009,119.78000000000009,120.24000000000008,121.18000000000008,121.70000000000007,125.38000000000008,125.88000000000008,126.44000000000008,126.74000000000008,127.36000000000008,128.2800000000001,128.70000000000007,128.98000000000008,129.46000000000006,129.74000000000007,130.32000000000008,130.42000000000007,131.14000000000007,133.26000000000008,133.54000000000008,133.80000000000007,134.32000000000008,134.74000000000007,135.56000000000006,138.84000000000006,139.76000000000005,141.88000000000005,143.02000000000004,143.82000000000005,144.76000000000005,145.50000000000006,146.12000000000006,146.40000000000006,147.12000000000006,149.42000000000007
run40,0.48,0.5399999999999999,0.7,1.48,1.56,4.46,4.92,5.18,5.52,5.9399999999999995,6.319999999999999,6.4399999999999995,6.4799999999999995,6.52,6.88,7.0,7.4399999999999995,7.4399999999999995,7.64,7.68,8.14,8.200000000000001,8.760000000000002,9.060000000000002,9.380000000000003,9.840000000000003,10.380000000000003,10.680000000000003,11.040000000000003,11.200000000000003,11.800000000000002,12.100000000000003,12.920000000000003,13.400000000000004,13.620000000000005,13.740000000000004,14.100000000000003,14.480000000000004,14.520000000000005,15.200000000000005,15.800000000000004,15.980000000000004,16.520000000000003,17.000000000000004,17.400000000000002,18.020000000000003,18.1,18.16,18.48,18.5,18.7,18.82,18.82,19.240000000000002,19.380000000000003,19.580000000000002,19.98,20.580000000000002,21.000000000000004,21.240000000000002,21.840000000000003,22.080000000000002,22.8,23.18,24.6,24.740000000000002,24.92,25.76,26.14,26.48,26.740000000000002,26.92,27.340000000000003,27.620000000000005,28.100000000000005,28.640000000000004,28.640000000000004,29.040000000000003,29.220000000000002,29.480000000000004,29.880000000000003,30.360000000000003,30.42,30.8,31.060000000000002,31.520000000000003,31.720000000000002,32.7,33.32,33.88,35.52,39.040000000000006,39.720000000000006,40.040000000000006,40.400000000000006,41.120000000000005,41.32000000000001,41.34000000000001,42.16000000000001,42.98000000000001,43.38000000000001,43.46000000000001,44.040000000000006,44.64000000000001,45.38000000000001,45.98000000000001,46.500000000000014,46.94000000000001,47.98000000000001,48.56000000000001,48.86000000000001,49.36000000000001,50.78000000000001,50.84000000000001,50.88000000000001,51.14000000000001,51.16000000000001,51.44000000000001,51.960000000000015,54.70000000000002,54.94000000000002,55.40000000000002,55.72000000000002,55.92000000000002,55.96000000000002,56.40000000000002,57.04000000000002,57.26000000000002,57.50000000000002,58.30000000000002,58.780000000000015,59.66000000000002,59.68000000000002,59.98000000000002,60.34000000000002,60.44000000000002,60.72000000000002,61.060000000000024,61.14000000000002,62.78000000000002,62.980000000000025,63.50000000000003,64.24000000000002,64.62000000000002,64.92000000000002,65.26000000000002,68.78000000000002,69.22000000000001,69.78000000000002,70.12000000000002,70.60000000000002,70.98000000000002,71.32000000000002,71.64000000000001,73.22000000000001,73.26000000000002,73.62000000000002,74.26000000000002,76.50000000000001,76.54000000000002,76.70000000000002,76.84000000000002,77.12000000000002,77.30000000000003,77.44000000000003,77.50000000000003,78.66000000000003,79.22000000000003,79.58000000000003,79.98000000000003,80.38000000000004,80.66000000000004,81.00000000000004,81.42000000000004,81.96000000000005,82.06000000000004,82.60000000000005,82.98000000000005,84.74000000000005,88.44000000000005,88.96000000000005,89.28000000000004,89.38000000000004,90.22000000000004,90.26000000000005,92.34000000000005,92.50000000000004,95.34000000000005,95.86000000000004,96.80000000000004,97.32000000000004,97.36000000000004,98.16000000000004,98.66000000000004,99.50000000000004,100.04000000000005,100.62000000000005,101.42000000000004,101.84000000000005,102.92000000000004,103.32000000000005,103.66000000000005,103.84000000000006,104.20000000000006,105.28000000000006,108.98000000000006,109.70000000000006,110.08000000000006,110.62000000000006,110.90000000000006,111.92000000000006,112.50000000000006,114.62000000000006,115.10000000000007,115.66000000000007,116.60000000000007,117.16000000000007,117.26000000000006,118.40000000000006,118.90000000000006,119.82000000000006,120.08000000000007,120.38000000000007,121.00000000000007,121.92000000000007,122.44000000000007,123.60000000000007,124.32000000000006,124.60000000000007,128.28000000000006,129.66000000000005,130.46000000000006,130.58000000000007,132.70000000000007,133.2800000000001,133.82000000000008,134.98000000000008,135.3400000000001,135.9000000000001,137.0800000000001,140.3600000000001,141.50000000000009,141.92000000000007,142.34000000000006,143.16000000000005,144.10000000000005,145.00000000000006,145.62000000000006,146.16000000000005,146.88000000000005,149.18000000000006
run41,0.15999999999999992,0.6799999999999999,1.0599999999999998,1.2799999999999998,1.8199999999999998,2.4,2.48,2.52,3.06,3.08,3.34,3.46,3.6,4.16,4.2,4.32,4.36,4.92,5.0,5.0,5.26,5.62,7.04,7.24,7.36,7.6000000000000005,7.66,7.66,7.72,7.96,8.34,8.68,9.52,9.7,9.959999999999999,9.959999999999999,10.02,10.379999999999999,10.919999999999998,11.219999999999999,11.26,11.66,12.28,12.68,13.16,13.76,14.14,14.32,15.14,15.26,15.62,16.02,16.16,16.84,17.18,17.6,18.32,18.92,19.200000000000003,19.380000000000003,19.800000000000004,20.080000000000005,20.280000000000005,20.660000000000004,20.920000000000005,21.400000000000006,22.000000000000007,22.44000000000001,22.86000000000001,23.30000000000001,23.68000000000001,24.100000000000012,24.260000000000012,24.280000000000012,24.52000000000001,24.780000000000012,25.100000000000012,25.740000000000013,25.740000000000013,26.260000000000012,26.580000000000013,27.32000000000001,27.84000000000001,28.46000000000001,28.66000000000001,28.72000000000001,28.78000000000001,28.980000000000008,29.58000000000001,29.68000000000001,30.66000000000001,30.68000000000001,31.08000000000001,31.120000000000008,31.480000000000008,31.860000000000007,34.60000000000001,35.06000000000001,35.26000000000001,35.30000000000001,35.62000000000001,35.94000000000001,36.08000000000001,36.48000000000001,37.16000000000001,37.52000000000001,37.72000000000001,38.000000000000014,38.240000000000016,38.70000000000002,38.88000000000002,38.920000000000016,39.12000000000002,39.600000000000016,40.52000000000002,42.16000000000002,42.70000000000002,46.22000000000001,46.680000000000014,46.98000000000001,47.42000000000001,48.24000000000001,48.78000000000001,49.14000000000001,49.720000000000006,50.06000000000001,50.14000000000001,50.48000000000001,50.88000000000001,51.48000000000001,51.680000000000014,51.98000000000001,52.78000000000001,52.82000000000001,53.86000000000001,54.46000000000001,56.10000000000001,56.64000000000001,58.88000000000001,58.92000000000001,59.42000000000001,59.44000000000001,60.26000000000001,60.84000000000001,61.14000000000001,61.540000000000006,65.22,65.56,66.0,66.38,66.67999999999999,67.02,67.06,70.58,71.06,72.48,72.76,73.4,74.28,74.6,76.17999999999999,76.52,77.24,78.14,78.64,78.96,79.52,79.82,80.17999999999999,80.66,81.38,81.75999999999999,82.1,83.86,84.0,84.28,84.46000000000001,84.52000000000001,84.98,85.82000000000001,86.76,87.78,88.3,90.38,91.46,91.97999999999999,92.55999999999999,92.83999999999999,92.93999999999998,93.49999999999999,94.05999999999999,94.83999999999999,97.67999999999999,97.86,98.26,98.62,99.34,99.5,99.6,100.39999999999999,104.1,105.25999999999999,107.38,107.83999999999999,108.39999999999999,108.88,109.39999999999999,109.77999999999999,110.71999999999998,111.79999999999998,112.33999999999999,112.55999999999999,113.74,114.24,114.66,117.56,118.34,118.76,119.38000000000001,119.94000000000001,120.66000000000001,121.80000000000001,122.08000000000001,122.34000000000002,123.18000000000002,126.88000000000002,128.26000000000002,129.42000000000002,130.14000000000001,130.72000000000003,130.84000000000003,131.38000000000002,132.54000000000002,132.90000000000003,133.18000000000004,133.28000000000003,133.80000000000004,134.60000000000005,135.02000000000004,135.84000000000003,136.76000000000002,138.88000000000002,140.02,140.82000000000002,141.12000000000003,142.06000000000003,142.80000000000004,143.42000000000004,143.96000000000004,146.26000000000005,146.74000000000004
run42,0.05999999999999994,0.33999999999999997,0.38,0.64,1.1999999999999997,1.2799999999999998,1.2799999999999998,1.4599999999999997,1.7399999999999998,2.1599999999999997,2.2199999999999998,3.04,3.46,3.58,3.62,3.66,6.5600000000000005,6.66,6.92,6.9799999999999995,7.3,7.84,8.62,8.879999999999999,8.94,9.76,9.78,10.139999999999999,10.459999999999999,10.6,10.62,10.78,11.36,11.86,12.459999999999999,12.659999999999998,12.919999999999998,13.659999999999998,13.779999999999998,14.399999999999997,14.859999999999996,14.859999999999996,14.899999999999997,15.199999999999996,15.559999999999995,16.099999999999994,16.519999999999996,17.139999999999997,17.539999999999996,17.959999999999997,18.979999999999997,19.459999999999997,19.999999999999996,20.479999999999997,21.519999999999996,21.559999999999995,21.759999999999994,22.119999999999994,22.479999999999993,23.319999999999993,23.599999999999994,23.899999999999995,24.159999999999997,24.359999999999996,24.479999999999997,24.719999999999995,26.139999999999993,26.159999999999993,26.619999999999994,26.919999999999995,27.239999999999995,28.219999999999995,28.459999999999994,28.539999999999992,29.25999999999999,29.379999999999992,29.75999999999999,30.23999999999999,30.679999999999993,30.999999999999993,31.599999999999994,33.239999999999995,36.75999999999999,36.97999999999999,37.43999999999999,37.59999999999999,37.79999999999999,38.13999999999999,38.13999999999999,38.53999999999999,38.85999999999999,39.03999999999999,39.43999999999999,40.03999999999999,40.43999999999999,41.15999999999999,42.73999999999999,43.179999999999986,43.639999999999986,43.91999999999999,44.01999999999999,44.57999999999999,45.099999999999994,45.3,45.379999999999995,45.72,45.72,46.16,46.4,46.78,46.96,48.38,48.720000000000006,48.84,51.580000000000005,51.92000000000001,53.56000000000001,53.88000000000001,54.36000000000001,54.74000000000001,55.12000000000001,55.20000000000001,55.34000000000001,55.80000000000001,55.84000000000001,55.88000000000001,56.08000000000001,56.62000000000001,57.500000000000014,58.06000000000002,58.600000000000016,58.960000000000015,59.320000000000014,59.920000000000016,60.26000000000002,60.70000000000002,61.180000000000014,61.820000000000014,62.640000000000015,62.94000000000001,63.30000000000001,63.500000000000014,64.02000000000001,64.42000000000002,64.82000000000002,65.16000000000003,65.70000000000003,67.94000000000003,68.10000000000002,68.28000000000003,68.34000000000003,68.72000000000003,69.10000000000002,69.40000000000002,69.74000000000002,70.12000000000002,73.64000000000001,76.48000000000002,76.52000000000002,77.16000000000003,77.32000000000002,77.34000000000002,78.50000000000001,78.54000000000002,79.38000000000002,80.28000000000003,80.76000000000003,80.90000000000003,81.18000000000004,81.36000000000004,81.50000000000004,81.56000000000004,81.90000000000005,82.42000000000004,82.80000000000004,84.56000000000004,85.12000000000005,85.42000000000004,85.78000000000004,86.50000000000004,88.58000000000004,92.28000000000004,92.80000000000004,93.38000000000004,94.32000000000004,95.10000000000004,95.90000000000003,96.40000000000003,96.44000000000004,96.96000000000004,97.14000000000004,97.86000000000004,98.22000000000004,101.92000000000004,103.00000000000004,104.08000000000004,104.48000000000005,105.04000000000005,105.62000000000005,106.10000000000005,106.90000000000005,108.04000000000005,108.26000000000005,109.20000000000005,109.62000000000005,110.18000000000005,110.72000000000006,112.84000000000006,113.42000000000006,113.94000000000005,115.12000000000006,115.62000000000006,116.04000000000006,116.72000000000007,117.32000000000006,117.74000000000007,118.30000000000007,121.98000000000008,122.70000000000007,124.08000000000007,124.70000000000007,124.98000000000008,125.24000000000008,125.52000000000008,126.04000000000008,127.20000000000007,127.92000000000007,128.50000000000009,128.60000000000008,129.14000000000007,130.30000000000007,130.98000000000008,131.18000000000006,132.02000000000007,132.30000000000007,132.40000000000006,133.20000000000007,136.48000000000008,136.90000000000006,137.72000000000006,138.64000000000004,140.76000000000005,141.90000000000003,142.70000000000005,143.00000000000006,143.94000000000005,144.68000000000006,145.30000000000007,145.84000000000006,146.32000000000005,148.62000000000006
run43,0.28,1.0,1.82,3.46,4.02,4.08,4.26,5.08,5.24,5.26,5.3,5.34,5.72,5.72,7.14,7.66,8.120000000000001,8.14,8.48,8.52,8.58,8.98,9.780000000000001,10.180000000000001,10.180000000000001,11.000000000000002,11.300000000000002,11.620000000000003,11.820000000000002,12.180000000000001,12.220000000000002,12.820000000000002,13.240000000000002,14.820000000000002,15.660000000000002,16.200000000000003,16.92,17.180000000000003,17.180000000000003,18.120000000000005,18.200000000000003,18.220000000000002,18.640000000000004,18.900000000000006,19.040000000000006,19.420000000000005,19.780000000000005,19.980000000000004,20.220000000000002,20.340000000000003,21.120000000000005,21.240000000000006,21.920000000000005,22.500000000000007,22.740000000000006,23.220000000000006,23.820000000000007,24.300000000000008,24.460000000000008,24.660000000000007,25.26000000000001,25.52000000000001,25.56000000000001,25.640000000000008,25.76000000000001,26.74000000000001,27.22000000000001,28.60000000000001,29.44000000000001,29.660000000000007,29.660000000000007,29.720000000000006,30.120000000000005,30.480000000000004,30.780000000000005,31.380000000000006,31.820000000000007,35.34,35.660000000000004,35.7,35.74,35.800000000000004,36.88,37.440000000000005,37.74,38.34,38.7,39.28,39.54,40.04,40.24,40.36,43.26,43.879999999999995,44.279999999999994,44.71999999999999,44.919999999999995,45.459999999999994,45.739999999999995,46.48,47.0,48.04,48.28,48.74,48.88,49.2,49.24,49.440000000000005,50.080000000000005,50.300000000000004,50.580000000000005,50.82000000000001,51.400000000000006,51.78000000000001,52.260000000000005,52.440000000000005,52.82000000000001,52.900000000000006,53.50000000000001,53.56000000000001,53.74000000000001,54.20000000000001,54.62000000000001,55.02000000000001,55.56000000000001,55.58000000000001,55.780000000000015,56.08000000000001,56.40000000000001,56.58000000000001,57.460000000000015,58.26000000000001,59.420000000000016,59.58000000000001,60.12000000000001,60.680000000000014,61.02000000000002,61.66000000000002,62.18000000000002,62.560000000000024,62.880000000000024,63.50000000000002,63.58000000000002,63.72000000000002,63.92000000000002,64.40000000000002,64.52000000000002,67.36000000000003,67.92000000000003,68.28000000000003,68.58000000000003,68.84000000000003,69.64000000000003,70.02000000000002,70.36000000000003,70.76000000000003,71.12000000000003,72.88000000000004,73.22000000000004,73.26000000000005,73.70000000000005,73.98000000000005,74.12000000000005,74.18000000000005,74.36000000000006,74.90000000000006,75.36000000000006,75.52000000000005,76.94000000000005,77.28000000000006,80.98000000000006,81.32000000000006,81.64000000000006,83.88000000000005,84.60000000000005,85.74000000000005,86.16000000000005,87.00000000000006,87.58000000000006,89.66000000000005,90.04000000000005,90.34000000000005,90.68000000000005,91.06000000000004,93.80000000000004,94.58000000000004,95.10000000000004,95.60000000000004,95.64000000000004,96.04000000000005,96.40000000000005,96.68000000000005,97.22000000000006,97.76000000000006,98.12000000000006,98.84000000000006,98.94000000000005,99.30000000000005,99.80000000000005,100.32000000000005,101.40000000000005,102.32000000000005,102.72000000000006,103.28000000000006,103.56000000000006,103.66000000000005,105.96000000000005,106.52000000000005,106.86000000000006,107.04000000000006,107.52000000000007,107.94000000000007,110.06000000000007,111.22000000000007,111.74000000000007,112.64000000000007,113.12000000000008,113.80000000000008,114.26000000000008,115.20000000000007,115.64000000000007,116.18000000000008,116.76000000000008,120.46000000000008,121.48000000000008,122.10000000000008,123.28000000000009,124.00000000000009,124.42000000000009,124.70000000000009,125.42000000000009,129.10000000000008,129.36000000000007,129.46000000000006,129.98000000000008,131.62000000000006,132.78000000000006,133.06000000000006,133.86000000000007,134.68000000000006,136.80000000000007,140.08000000000007,141.00000000000006,142.14000000000004,142.44000000000005,143.38000000000005,144.12000000000006,144.74000000000007,145.28000000000006,145.76000000000005,146.32000000000005
run44,0.30000000000000004,0.7200000000000001,1.2800000000000002,1.8000000000000003,2.5200000000000005,2.6000000000000005,2.8000000000000007,3.000000000000001,3.160000000000001,3.200000000000001,4.620000000000001,5.000000000000001,5.040000000000001,5.0600000000000005,5.4,6.44,7.6000000000000005,8.08,8.1,8.16,8.3,8.340000000000002,8.500000000000002,8.900000000000002,8.920000000000002,8.960000000000003,9.560000000000002,9.820000000000002,11.400000000000002,11.760000000000002,11.800000000000002,12.100000000000003,12.480000000000004,13.160000000000004,13.980000000000004,14.820000000000004,15.160000000000004,15.960000000000004,16.140000000000004,16.200000000000003,16.28,16.64,17.0,17.12,17.36,17.4,17.52,17.919999999999998,17.919999999999998,18.459999999999997,18.699999999999996,19.519999999999996,20.939999999999998,21.419999999999998,22.02,22.22,22.619999999999997,23.179999999999996,23.299999999999997,23.599999999999998,23.72,23.72,24.14,24.34,24.74,25.04,25.86,26.2,26.439999999999998,26.479999999999997,26.74,27.919999999999998,28.299999999999997,28.919999999999998,29.459999999999997,29.779999999999998,29.819999999999997,30.139999999999997,30.72,31.18,31.5,31.88,32.379999999999995,36.08,36.8,37.08,37.559999999999995,39.63999999999999,39.89999999999999,40.47999999999999,40.91999999999999,41.47999999999999,42.05999999999999,42.45999999999999,43.09999999999999,43.09999999999999,43.47999999999999,45.23999999999999,45.43999999999999,45.49999999999999,45.63999999999999,45.89999999999999,45.93999999999999,45.99999999999999,46.279999999999994,47.35999999999999,47.35999999999999,48.099999999999994,48.62,48.699999999999996,49.31999999999999,49.66,52.49999999999999,52.67999999999999,52.83999999999999,53.319999999999986,53.37999999999999,53.639999999999986,54.05999999999999,54.15999999999999,54.17999999999999,54.57999999999999,55.17999999999999,56.15999999999999,56.35999999999999,56.53999999999999,56.99999999999999,58.63999999999999,59.099999999999994,59.199999999999996,59.4,60.24,60.52,60.84,61.38,61.86,62.3,62.379999999999995,64.61999999999999,65.16,65.5,66.22,66.4,66.60000000000001,66.96000000000001,67.18,67.54,67.88000000000001,68.32000000000001,71.84,72.72,73.32,73.74,74.33999999999999,74.97999999999999,75.38,75.82,76.05999999999999,76.24,79.14,79.6,80.02,80.33999999999999,80.89999999999999,81.25999999999999,81.39999999999999,81.67999999999999,81.86,81.92,82.06,82.4,82.86,83.24,83.28,83.8,83.96,84.75999999999999,85.07999999999998,85.45999999999998,85.75999999999998,86.09999999999998,86.47999999999998,87.01999999999998,87.79999999999998,88.31999999999998,89.09999999999998,89.67999999999998,89.97999999999998,90.47999999999998,90.57999999999997,92.21999999999997,95.73999999999997,96.25999999999996,96.61999999999996,97.13999999999996,97.67999999999996,98.83999999999996,102.53999999999996,105.27999999999996,105.81999999999996,106.35999999999997,107.25999999999998,107.61999999999998,108.09999999999998,109.17999999999998,109.57999999999998,109.99999999999999,110.79999999999998,111.35999999999999,112.07999999999998,112.55999999999999,113.49999999999999,114.51999999999998,115.67999999999998,116.05999999999997,116.59999999999998,117.53999999999998,118.05999999999997,118.61999999999998,119.03999999999998,122.71999999999997,123.85999999999997,124.35999999999997,125.03999999999998,125.33999999999997,125.95999999999998,126.87999999999998,127.15999999999998,127.63999999999999,127.91999999999999,128.5,128.6,129.98,130.7,130.82,132.94,133.22,133.48,133.89999999999998,134.71999999999997,137.99999999999997,138.91999999999996,141.03999999999996,142.17999999999995,142.97999999999996,143.91999999999996,144.65999999999997,145.27999999999997,145.55999999999997,146.27999999999997,148.57999999999998
run45,0.0,0.32000000000000006,1.9600000000000002,2.02,2.86,3.2800000000000002,3.62,4.140000000000001,4.28,4.6000000000000005,5.380000000000001,5.640000000000001,5.640000000000001,6.0200000000000005,6.380000000000001,6.500000000000001,6.780000000000001,7.240000000000001,7.700000000000001,7.880000000000001,8.360000000000001,8.72,8.760000000000002,9.360000000000001,9.400000000000002,10.240000000000002,13.760000000000002,13.780000000000001,14.360000000000001,14.520000000000001,14.64,14.96,15.260000000000002,18.1,19.14,19.18,19.22,20.02,20.36,20.74,20.82,21.22,21.299999999999997,21.319999999999997,21.799999999999997,22.299999999999997,22.339999999999996,22.379999999999995,22.439999999999994,22.719999999999995,23.439999999999994,23.999999999999993,24.019999999999992,24.21999999999999,24.75999999999999,25.179999999999993,25.57999999999999,25.699999999999992,25.859999999999992,26.039999999999992,26.09999999999999,26.47999999999999,27.03999999999999,27.33999999999999,28.49999999999999,28.69999999999999,32.39999999999999,32.739999999999995,33.379999999999995,33.519999999999996,34.04,34.58,34.98,35.86,36.08,36.76,36.96,37.480000000000004,38.080000000000005,38.28000000000001,39.66000000000001,39.860000000000014,40.100000000000016,40.22000000000001,42.30000000000001,42.56000000000001,42.96000000000001,43.36000000000001,43.660000000000004,44.02,44.86000000000001,45.120000000000005,45.18000000000001,45.60000000000001,45.86000000000001,46.68000000000001,46.68000000000001,47.660000000000004,47.78,48.52,49.120000000000005,49.64000000000001,49.70000000000001,49.88000000000001,50.50000000000001,50.78000000000001,50.98000000000001,51.46000000000001,51.760000000000005,52.2,52.52,52.900000000000006,53.14000000000001,53.86000000000001,54.220000000000006,54.24000000000001,54.50000000000001,54.68000000000001,54.84,54.900000000000006,55.620000000000005,55.900000000000006,56.720000000000006,57.160000000000004,57.50000000000001,57.980000000000004,58.14,58.24,58.78,58.92,59.54,59.78,60.1,60.56,61.2,61.56,61.7,61.92,62.300000000000004,63.720000000000006,64.10000000000001,67.62,68.10000000000001,68.4,68.74000000000001,69.12,69.16000000000001,70.30000000000001,70.38000000000001,72.14000000000001,72.72000000000001,73.08000000000001,73.68,74.12,74.5,75.1,75.14,75.62,75.86,76.06,76.64,77.06,77.46000000000001,77.80000000000001,78.62,80.2,80.4,81.0,81.36,81.9,83.32000000000001,83.72000000000001,84.06000000000002,85.14000000000001,85.32000000000002,88.22000000000003,88.68000000000002,89.02000000000002,91.76000000000002,92.12000000000002,92.66000000000003,93.24000000000002,94.40000000000002,96.64000000000001,97.14000000000001,97.46000000000001,97.84,98.4,102.10000000000001,102.4,103.18,103.76,104.30000000000001,104.34000000000002,104.86000000000001,105.40000000000002,105.50000000000001,106.30000000000001,107.02000000000001,108.04,109.68,110.76,111.7,112.38000000000001,112.66000000000001,112.76,113.32000000000001,113.88000000000001,114.68,115.62,116.18,116.58000000000001,116.94000000000001,118.10000000000001,118.56,118.98,119.52000000000001,120.00000000000001,121.18000000000002,121.60000000000002,122.32000000000002,126.00000000000003,126.80000000000003,127.08000000000003,127.52000000000002,127.82000000000002,128.44000000000003,129.36,129.64000000000001,130.06,130.62,131.34,131.62,132.52,133.02,133.12,135.24,135.5,136.02,136.44,137.26,138.17999999999998,140.29999999999998,143.57999999999998,144.71999999999997,145.65999999999997,146.39999999999998,147.01999999999998,147.55999999999997,149.85999999999999,150.33999999999997
run46,0.3799999999999999,0.9799999999999999,1.92,1.96,2.7800000000000002,3.0600000000000005,3.1200000000000006,3.3000000000000007,4.940000000000001,5.020000000000001,5.300000000000002,6.120000000000002,6.920000000000002,7.380000000000002,7.620000000000002,8.000000000000002,8.560000000000002,8.980000000000002,9.240000000000002,9.360000000000001,12.200000000000001,12.48,12.58,13.04,13.379999999999999,15.02,15.639999999999999,17.72,18.08,18.619999999999997,19.08,20.659999999999997,21.199999999999996,21.639999999999997,22.119999999999997,22.54,22.96,23.02,26.54,26.759999999999998,26.799999999999997,26.819999999999997,27.699999999999996,28.019999999999996,28.399999999999995,28.879999999999995,29.959999999999994,30.019999999999992,30.019999999999992,30.05999999999999,30.07999999999999,30.539999999999992,30.57999999999999,30.97999999999999,31.33999999999999,31.399999999999988,31.739999999999988,31.739999999999988,32.51999999999999,32.65999999999999,32.77999999999999,33.59999999999999,33.95999999999999,34.259999999999984,34.87999999999998,35.47999999999998,35.87999999999998,36.17999999999998,36.439999999999976,37.019999999999975,37.519999999999975,37.559999999999974,37.879999999999974,37.91999999999997,38.27999999999997,38.479999999999976,38.63999999999997,39.61999999999997,40.459999999999965,40.51999999999997,40.679999999999964,41.07999999999996,41.279999999999966,41.39999999999996,41.71999999999996,42.11999999999996,42.59999999999996,42.85999999999996,43.09999999999996,43.67999999999996,43.759999999999955,43.759999999999955,44.13999999999996,44.69999999999996,45.17999999999996,45.439999999999955,46.17999999999996,46.899999999999956,46.899999999999956,47.41999999999996,47.899999999999956,48.619999999999955,49.219999999999956,49.35999999999996,50.77999999999996,51.33999999999996,51.61999999999996,52.05999999999996,52.29999999999996,52.75999999999996,52.959999999999965,53.279999999999966,53.419999999999966,54.05999999999997,54.639999999999965,54.87999999999997,54.959999999999965,55.179999999999964,56.01999999999997,56.099999999999966,56.279999999999966,57.69999999999997,57.999999999999964,58.33999999999997,58.779999999999966,58.919999999999966,59.11999999999997,59.15999999999997,59.71999999999997,60.35999999999997,60.63999999999997,60.99999999999997,61.17999999999997,61.33999999999997,61.35999999999997,61.559999999999974,61.89999999999998,62.299999999999976,62.339999999999975,65.23999999999998,65.65999999999998,65.97999999999998,66.41999999999997,67.45999999999998,67.61999999999998,67.81999999999998,68.33999999999997,68.71999999999997,68.89999999999998,68.95999999999998,69.29999999999998,69.97999999999999,70.17999999999999,70.77999999999999,71.32,71.41999999999999,72.25999999999999,73.05999999999999,73.57999999999998,73.61999999999999,74.41999999999999,74.71999999999998,74.91999999999999,75.39999999999999,75.97999999999999,76.53999999999999,76.8,77.1,77.82,78.19999999999999,81.71999999999998,82.85999999999999,83.45999999999998,83.83999999999997,84.01999999999998,84.31999999999998,84.35999999999999,84.67999999999998,85.61999999999998,85.95999999999998,86.33999999999997,86.73999999999998,87.07999999999998,87.61999999999999,88.77999999999999,91.01999999999998,91.37999999999998,93.13999999999999,96.83999999999999,97.99999999999999,100.73999999999998,101.11999999999998,101.45999999999998,102.05999999999997,102.61999999999998,103.19999999999997,106.89999999999998,107.29999999999998,107.65999999999998,108.15999999999998,108.95999999999998,109.13999999999999,109.49999999999999,110.03999999999999,111.11999999999999,111.83999999999999,112.35999999999999,112.75999999999999,113.27999999999999,113.82,114.72,115.2,115.98,116.54,116.96000000000001,117.50000000000001,117.86000000000001,119.02000000000001,120.04,120.46000000000001,120.98,122.16000000000001,122.88000000000001,123.56000000000002,127.24000000000001,127.54,127.82000000000001,128.44,128.85999999999999,129.14,130.05999999999997,130.77999999999997,131.27999999999997,131.37999999999997,133.49999999999997,134.87999999999997,135.15999999999997,135.41999999999996,135.93999999999997,136.75999999999996,137.67999999999995,139.79999999999995,143.07999999999996,143.17999999999995,144.31999999999994,145.25999999999993,145.99999999999994,146.61999999999995,147.15999999999994,149.45999999999995,149.93999999999994
run47,0.020000000000000018,0.56,0.6400000000000001,1.2200000000000002,1.6800000000000002,1.8800000000000001,2.18,2.38,2.42,2.42,2.82,3.1999999999999997,3.26,4.08,4.68,4.74,4.98,5.24,5.44,5.800000000000001,6.1000000000000005,6.140000000000001,6.680000000000001,6.840000000000001,6.860000000000001,7.280000000000001,7.880000000000001,8.280000000000001,8.46,11.360000000000001,11.840000000000002,12.200000000000001,12.32,12.66,12.96,13.24,13.32,14.46,14.58,14.620000000000001,14.620000000000001,14.96,14.98,15.34,15.5,15.98,16.2,16.56,17.099999999999998,17.159999999999997,17.839999999999996,18.239999999999995,18.839999999999996,19.159999999999997,19.519999999999996,20.139999999999997,20.58,20.759999999999998,21.159999999999997,21.339999999999996,21.719999999999995,21.859999999999996,22.119999999999997,22.359999999999996,22.559999999999995,22.639999999999993,22.639999999999993,22.759999999999994,22.939999999999994,23.359999999999996,23.779999999999998,24.819999999999997,25.659999999999997,25.899999999999995,26.279999999999994,26.759999999999994,26.879999999999995,27.159999999999997,27.719999999999995,27.979999999999997,28.699999999999996,28.979999999999997,28.979999999999997,29.159999999999997,29.559999999999995,30.139999999999993,30.459999999999994,31.879999999999995,32.85999999999999,33.25999999999999,33.31999999999999,33.57999999999999,34.13999999999999,34.339999999999996,34.48,36.12,39.64,39.94,40.4,40.46,40.58,40.92,41.300000000000004,42.440000000000005,42.52,42.86000000000001,44.940000000000005,45.68000000000001,46.28000000000001,49.120000000000005,49.36000000000001,49.84,50.36000000000001,51.14000000000001,51.760000000000005,52.14000000000001,53.02000000000001,53.40000000000001,53.44000000000001,53.70000000000001,54.54000000000001,55.140000000000015,55.640000000000015,56.08000000000001,56.600000000000016,57.140000000000015,57.460000000000015,57.56000000000002,58.280000000000015,58.30000000000002,58.76000000000002,58.90000000000002,58.94000000000002,59.14000000000002,59.68000000000002,59.90000000000002,60.70000000000002,61.860000000000014,62.20000000000002,62.58000000000002,62.62000000000002,63.44000000000002,64.02000000000002,65.66000000000003,65.76000000000002,66.22000000000001,66.50000000000001,67.10000000000001,67.42,67.94,68.3,68.5,69.32,69.63999999999999,69.93999999999998,73.63999999999999,75.05999999999999,75.6,75.69999999999999,75.89999999999999,75.94,76.1,76.14,76.72,76.86,77.04,77.10000000000001,77.44000000000001,77.88000000000001,78.26,81.78,82.34,82.82000000000001,83.28,83.58,83.94,84.28,84.62,85.18,85.72000000000001,86.08000000000001,86.62000000000002,87.78000000000002,90.02000000000001,91.78000000000002,94.52000000000001,94.56000000000002,94.96000000000002,95.80000000000003,96.18000000000002,96.90000000000002,97.06000000000002,98.14000000000001,101.84000000000002,102.62000000000002,103.18000000000002,103.68000000000002,103.78000000000002,104.10000000000001,104.62,105.2,105.72,105.76,106.28,107.08,108.16,108.72,109.66,110.38,110.78,111.8,112.74,113.22,113.9,114.7,115.26,115.62,116.78,117.2,117.74000000000001,118.22000000000001,119.40000000000002,123.08000000000001,123.50000000000001,124.88000000000001,125.38000000000001,125.68,126.30000000000001,126.58000000000001,127.50000000000001,128.3,128.72,129.0,129.48,130.38,130.66,131.38,133.5,133.76,134.28,134.7,135.51999999999998,137.64,140.92,141.83999999999997,142.77999999999997,143.51999999999998,144.14,144.42,145.14,147.44
run48,0.28,1.2200000000000002,1.2400000000000002,1.3200000000000003,1.5800000000000003,1.6600000000000004,1.7000000000000004,1.7400000000000007,1.8800000000000008,2.040000000000001,2.2200000000000006,2.6000000000000005,2.9000000000000004,3.7200000000000006,4.32,4.74,4.74,5.2,5.34,5.34,5.859999999999999,6.26,6.74,6.86,6.92,7.08,7.86,8.22,8.24,8.780000000000001,9.680000000000001,10.040000000000001,10.520000000000001,10.780000000000001,11.180000000000001,11.760000000000002,12.140000000000002,12.980000000000002,13.580000000000002,13.640000000000002,13.640000000000002,13.920000000000002,14.320000000000002,14.920000000000002,15.600000000000001,15.96,16.16,16.28,16.52,16.72,17.2,17.24,17.479999999999997,18.08,18.459999999999997,18.74,19.04,19.119999999999997,19.159999999999997,19.279999999999998,19.74,20.22,20.34,20.54,20.88,21.119999999999997,21.74,21.779999999999998,22.159999999999997,22.419999999999998,22.959999999999997,23.519999999999996,23.979999999999997,24.539999999999996,24.879999999999995,25.519999999999996,25.999999999999996,27.419999999999995,27.619999999999994,28.019999999999992,28.199999999999992,29.039999999999992,29.41999999999999,30.05999999999999,30.379999999999992,30.59999999999999,30.93999999999999,31.25999999999999,31.31999999999999,31.31999999999999,32.03999999999999,32.35999999999999,32.53999999999999,32.57999999999999,32.71999999999999,32.919999999999995,33.71999999999999,34.03999999999999,34.07999999999999,34.279999999999994,34.81999999999999,35.89999999999999,36.15999999999999,36.57999999999999,37.01999999999999,37.29999999999999,37.73999999999999,37.93999999999999,38.85999999999999,39.03999999999999,39.39999999999999,39.459999999999994,39.559999999999995,39.62,40.04,40.06,43.58,44.16,44.98,45.0,46.42,46.72,46.76,47.16,47.26,48.08,49.72,53.239999999999995,53.699999999999996,54.199999999999996,54.239999999999995,54.559999999999995,57.459999999999994,58.059999999999995,58.49999999999999,58.89999999999999,59.63999999999999,60.35999999999999,61.39999999999999,61.55999999999999,61.79999999999999,62.09999999999999,62.29999999999999,62.81999999999999,63.699999999999996,64.06,64.46000000000001,64.82000000000001,65.24000000000001,65.78000000000002,67.36000000000001,67.54000000000002,67.82000000000002,68.44000000000003,68.58000000000003,68.64000000000003,68.72000000000003,69.06000000000003,69.50000000000003,69.84000000000003,70.00000000000003,70.58000000000003,70.62000000000003,71.12000000000003,71.66000000000004,73.90000000000003,74.92000000000003,75.46000000000004,76.40000000000003,77.00000000000003,77.38000000000002,77.74000000000002,81.44000000000003,81.76000000000002,82.32000000000002,82.84000000000002,83.26000000000002,83.84000000000002,85.00000000000001,85.38000000000001,87.14000000000001,87.94000000000001,88.50000000000001,88.80000000000001,89.16000000000001,89.56000000000002,90.04000000000002,90.60000000000002,90.82000000000002,91.50000000000003,91.68000000000004,92.22000000000004,92.32000000000004,92.88000000000004,93.24000000000004,93.76000000000003,94.84000000000003,96.92000000000003,97.22000000000003,97.60000000000002,97.98000000000002,98.32000000000002,99.04000000000002,101.88000000000002,102.44000000000003,103.02000000000002,103.50000000000003,104.66000000000003,105.38000000000002,106.16000000000003,106.68000000000002,108.06000000000002,110.18000000000002,110.64000000000001,111.18000000000002,111.72000000000003,115.42000000000003,115.94000000000003,116.44000000000003,116.86000000000003,117.84000000000003,119.02000000000004,119.44000000000004,120.06000000000004,123.74000000000004,124.88000000000004,125.36000000000004,125.64000000000004,125.90000000000005,126.74000000000005,127.90000000000005,128.62000000000006,128.74000000000007,129.26000000000008,129.54000000000008,129.64000000000007,131.28000000000006,132.08000000000007,135.36000000000007,136.18000000000006,137.10000000000005,139.22000000000006,140.36000000000004,141.16000000000005,141.46000000000006,142.40000000000006,143.14000000000007,143.76000000000008,144.48000000000008,144.76000000000008,147.0600000000001
run49,0.19999999999999996,0.52,1.0,1.08,1.08,1.34,1.7200000000000002,3.14,3.16,3.3000000000000003,3.3000000000000003,3.3600000000000003,3.6000000000000005,3.6800000000000006,3.7200000000000006,4.0600000000000005,5.1000000000000005,5.220000000000001,5.260000000000001,5.300000000000001,5.460000000000001,5.48,5.48,5.86,5.92,7.5,7.58,7.7,8.06,8.18,8.379999999999999,8.42,8.46,9.3,9.700000000000001,9.940000000000001,10.3,10.700000000000001,11.180000000000001,11.340000000000002,11.880000000000003,12.560000000000002,12.960000000000003,13.260000000000003,13.320000000000004,13.580000000000004,13.580000000000004,13.880000000000004,14.060000000000004,14.660000000000004,15.380000000000004,15.900000000000004,16.260000000000005,16.800000000000004,17.220000000000006,17.520000000000007,17.700000000000006,18.180000000000007,18.640000000000008,19.06000000000001,19.460000000000008,20.08000000000001,20.20000000000001,20.80000000000001,20.98000000000001,21.52000000000001,22.00000000000001,22.38000000000001,23.20000000000001,23.22000000000001,23.66000000000001,23.82000000000001,25.24000000000001,25.28000000000001,25.60000000000001,25.90000000000001,26.22000000000001,29.120000000000008,29.360000000000007,29.740000000000006,29.940000000000005,29.980000000000004,30.440000000000005,30.720000000000006,31.080000000000005,31.220000000000006,31.800000000000004,32.28,32.6,32.64,33.14,33.34,33.720000000000006,34.32000000000001,34.74000000000001,35.32000000000001,35.36000000000001,35.42000000000001,35.98000000000001,36.22000000000001,36.48000000000001,37.02000000000001,37.12000000000001,37.140000000000015,38.12000000000001,38.34000000000001,38.60000000000001,39.24000000000001,40.06000000000001,40.64000000000001,40.84000000000001,40.90000000000001,41.16000000000001,41.58000000000001,41.860000000000014,42.04000000000001,42.860000000000014,43.06000000000002,43.740000000000016,44.02000000000002,44.600000000000016,45.000000000000014,45.600000000000016,47.240000000000016,50.76000000000002,51.20000000000002,52.08000000000002,52.38000000000002,52.58000000000002,52.94000000000002,55.18000000000002,55.90000000000002,56.24000000000002,56.620000000000026,56.74000000000002,59.58000000000002,61.22000000000002,61.84000000000002,62.22000000000002,62.96000000000002,63.12000000000002,63.58000000000002,63.68000000000002,63.96000000000002,64.16000000000003,64.68000000000002,65.12000000000002,65.20000000000002,67.50000000000001,67.90000000000002,68.38000000000002,69.16000000000003,69.50000000000003,71.26000000000003,71.82000000000004,72.22000000000004,72.58000000000004,76.28000000000004,76.88000000000004,77.42000000000004,78.26000000000005,78.72000000000004,79.56000000000004,79.94000000000004,81.10000000000004,82.24000000000004,83.04000000000003,83.32000000000004,83.46000000000004,83.64000000000004,83.78000000000004,87.30000000000004,87.94000000000004,88.50000000000004,88.86000000000004,88.92000000000004,89.30000000000004,89.60000000000004,89.94000000000004,90.28000000000004,90.32000000000005,91.04000000000005,91.38000000000005,91.70000000000005,92.06000000000004,92.52000000000004,93.46000000000004,93.78000000000003,94.14000000000003,96.88000000000002,97.40000000000002,98.20000000000002,98.72000000000001,99.44000000000001,100.22000000000001,100.72000000000001,101.28000000000002,101.38000000000001,102.18,102.76,104.84,105.02000000000001,105.56000000000002,106.72000000000001,110.42000000000002,111.50000000000001,112.02000000000001,112.82000000000001,113.9,114.46000000000001,114.86000000000001,115.28000000000002,116.22000000000001,117.12000000000002,117.60000000000002,118.02000000000002,118.56000000000003,119.58000000000003,121.70000000000003,122.22000000000003,123.40000000000003,123.88000000000004,124.16000000000004,124.60000000000004,125.02000000000004,125.58000000000004,125.88000000000004,126.80000000000004,127.42000000000004,127.84000000000005,128.12000000000003,128.62000000000003,128.88000000000002,132.56000000000003,133.28000000000003,133.80000000000004,133.90000000000003,135.28000000000003,136.44000000000003,136.72000000000003,137.54000000000002,138.46,140.58,143.86,145.0,145.94,146.68,147.3,147.84,148.56,149.12
run50,0.72,1.1400000000000001,2.22,2.54,3.08,3.34,3.34,4.12,4.26,4.3,4.32,4.34,4.68,4.72,5.18,5.18,5.239999999999999,5.319999999999999,5.64,5.68,6.04,6.08,6.16,7.74,8.2,9.58,9.78,9.78,9.899999999999999,10.319999999999999,10.439999999999998,10.699999999999998,11.039999999999997,11.239999999999997,11.599999999999996,11.899999999999997,13.979999999999997,14.299999999999997,14.419999999999996,14.799999999999997,14.999999999999996,15.239999999999997,15.479999999999997,15.879999999999997,16.519999999999996,17.359999999999996,17.439999999999998,17.599999999999998,17.779999999999998,18.139999999999997,18.619999999999997,19.019999999999996,19.239999999999995,19.779999999999994,20.259999999999994,20.319999999999993,20.839999999999993,21.439999999999994,21.439999999999994,21.479999999999993,21.619999999999994,22.419999999999995,23.239999999999995,23.259999999999994,24.679999999999993,25.159999999999993,25.759999999999994,26.039999999999996,26.599999999999994,26.919999999999995,26.979999999999993,27.379999999999992,27.639999999999993,27.739999999999995,28.279999999999994,28.319999999999993,29.05999999999999,29.679999999999993,29.73999999999999,30.319999999999993,30.599999999999994,31.199999999999996,31.719999999999995,34.459999999999994,35.17999999999999,35.63999999999999,35.98,36.059999999999995,36.16,36.699999999999996,37.04,38.68,38.72,39.22,40.24,43.760000000000005,44.080000000000005,44.900000000000006,47.800000000000004,48.28,48.72,48.92,49.96,50.34,50.64,50.84,51.0,51.4,51.839999999999996,52.099999999999994,52.25999999999999,52.49999999999999,52.519999999999996,52.9,53.199999999999996,53.599999999999994,53.85999999999999,53.97999999999999,54.15999999999999,54.61999999999999,54.97999999999999,55.17999999999999,55.71999999999999,56.13999999999999,56.559999999999995,56.85999999999999,57.47999999999999,58.07999999999999,58.47999999999999,59.07999999999999,59.25999999999999,59.63999999999999,59.919999999999995,61.559999999999995,65.08,66.16,66.6,67.47999999999999,67.83999999999999,68.19999999999999,68.74,72.44,73.02,73.53999999999999,73.72,74.12,77.82000000000001,80.06,81.82000000000001,82.38000000000001,82.66000000000001,82.80000000000001,82.98000000000002,83.04000000000002,83.34000000000002,83.48000000000002,83.86000000000001,84.20000000000002,84.54000000000002,84.70000000000002,85.24000000000002,85.62000000000002,86.00000000000001,86.72000000000001,87.06000000000002,87.36000000000001,87.40000000000002,88.18000000000002,88.70000000000002,89.18000000000002,89.90000000000002,90.32000000000002,90.86000000000003,91.04000000000003,91.56000000000003,92.72000000000003,93.40000000000003,93.60000000000004,94.28000000000004,94.86000000000004,94.96000000000004,95.40000000000003,96.00000000000003,96.84000000000003,97.34000000000003,100.18000000000004,100.76000000000003,101.24000000000004,101.58000000000004,102.38000000000004,102.74000000000004,103.10000000000004,103.34000000000003,103.80000000000003,104.12000000000002,104.50000000000001,105.14000000000001,105.36000000000001,106.34000000000002,107.16000000000001,107.72000000000001,108.12000000000002,108.16000000000003,108.20000000000003,108.68000000000004,109.20000000000003,110.14000000000003,110.52000000000002,111.94000000000003,114.06000000000003,114.60000000000004,115.16000000000004,115.44000000000004,116.38000000000004,120.06000000000003,120.48000000000003,120.98000000000003,122.12000000000003,123.28000000000003,124.44000000000003,124.54000000000002,125.10000000000002,126.02000000000002,126.50000000000003,127.34000000000003,127.62000000000003,128.24000000000004,128.36000000000004,129.08000000000004,129.38000000000005,130.30000000000004,130.56000000000003,131.36000000000004,133.48000000000005,133.68000000000004,133.96000000000004,134.54000000000005,134.90000000000006,135.46000000000006,138.74000000000007,139.92000000000007,141.06000000000006,141.48000000000005,141.90000000000003,142.72000000000003,143.66000000000003,144.56000000000003,145.18000000000004,145.46000000000004,146.18000000000004,148.48000000000005
