,iter1,iter2,iter3,iter4,iter5,iter6,iter7,iter8,iter9,iter10,iter11,iter12,iter13,iter14,iter15,iter16,iter17,iter18,iter19,iter20,iter21,iter22,iter23,iter24,iter25,iter26,iter27,iter28,iter29,iter30,iter31,iter32,iter33,iter34,iter35,iter36,iter37,iter38,iter39,iter40,iter41,iter42,iter43,iter44,iter45,iter46,iter47,iter48,iter49,iter50,iter51,iter52,iter53,iter54,iter55,iter56,iter57,iter58,iter59,iter60,iter61,iter62,iter63,iter64,iter65,iter66,iter67,iter68,iter69,iter70,iter71,iter72,iter73,iter74,iter75,iter76,iter77,iter78,iter79,iter80,iter81,iter82,iter83,iter84,iter85,iter86,iter87,iter88,iter89,iter90,iter91,iter92,iter93,iter94,iter95,iter96,iter97,iter98,iter99,iter100,iter101,iter102,iter103,iter104,iter105,iter106,iter107,iter108,iter109,iter110,iter111,iter112,iter113,iter114,iter115,iter116,iter117,iter118,iter119,iter120,iter121,iter122,iter123,iter124,iter125,iter126,iter127,iter128,iter129,iter130,iter131,iter132,iter133,iter134,iter135,iter136,iter137,iter138,iter139,iter140,iter141,iter142,iter143,iter144,iter145,iter146,iter147,iter148,iter149,iter150,iter151,iter152,iter153,iter154,iter155,iter156,iter157,iter158,iter159,iter160,iter161,iter162,iter163,iter164,iter165,iter166,iter167,iter168,iter169,iter170,iter171,iter172,iter173,iter174,iter175,iter176,iter177,iter178,iter179,iter180,iter181,iter182,iter183,iter184,iter185,iter186,iter187,iter188,iter189,iter190,iter191,iter192,iter193,iter194,iter195,iter196,iter197,iter198,iter199,iter200,iter201,iter202,iter203,iter204,iter205,iter206,iter207,iter208,iter209,iter210,iter211,iter212,iter213,iter214,iter215,iter216,iter217,iter218,iter219,iter220,iter221,iter222,iter223,iter224,iter225,iter226,iter227,iter228,iter229,iter230,iter231,iter232,iter233,iter234,iter235,iter236,iter237,iter238,iter239,iter240,iter241,iter242,iter243,iter244,iter245,iter246,iter247,iter248,iter249,iter250,iter251
run1,512.7763473,517.2905249,562.3120913,531.3911924,529.3492999,541.9837079,576.0811867,562.2610903,533.7244641,534.3455286,553.3526422,491.2989103,521.2266911,533.0819203,543.6710941,474.4535168,569.4662549,535.6382815,534.0233149,548.1660315,549.0399124,542.8379729,599.1890248,537.3096122,543.9573247,548.7483093,539.6717725,590.9355751,548.7968883,509.6567313,516.2566331,532.1438388,501.3108241,518.393582,494.3745485,536.6119585,531.8927199,520.0024872,526.248697,534.8757248,520.8325688,537.2397652,534.7373114,549.2588181,539.4839136,540.3774103,519.5884377,531.9840085,552.4649898,482.5789857,521.1828703,529.8922686,515.9773316,535.5226029,516.3641373,545.6810572,532.4866561,549.6727833,523.9801919,496.0756732,514.8203837,527.0092366,502.5910779,515.2268659,537.8923775,528.8525551,546.715729,517.161062,542.1496043,524.6453665,543.4089806,550.6982012,508.569642,531.0270388,486.4605211,543.0995357,562.0571785,515.5267901,558.2610339,573.4168579,560.4311938,496.2742385,550.0629681,544.8417693,494.2760047,513.2433374,539.6013101,509.572944,558.6886852,544.7938879,542.3156024,537.0768595,497.409103,556.2074066,541.4866271,567.9532433,520.7013272,517.7441559,514.4785801,525.0675179,518.9794601,532.9902545,537.4726591,492.1960818,491.3573218,533.4718515,542.4342346,552.2189249,496.4133288,512.5219834,546.1618123,576.9927076,543.4327987,548.0206551,549.088543,507.3418161,552.8098494,503.0601031,533.013168,515.6554359,553.3279467,530.617962,517.6360764,640.8776647,511.2961071,531.2773408,531.4139686,552.8344986,534.7142494,567.095975,515.4196342,524.6897715,539.225821,572.1467144,594.4488326,558.5125141,574.2401603,527.5923107,599.1890248,510.8537001,572.913419,597.456597,609.49854,556.2323599,508.2360853,501.4527523,533.1277649,561.166801,550.3804014,543.7187783,573.4964291,490.2304892,542.1258986,543.7426235,513.4558869,530.3455942,591.5276384,574.0540467,571.6982202,556.5819403,572.6223583,579.6633457,561.9298088,551.0408578,547.1983097,530.617962,547.7059372,530.6633839,501.3716406,503.8164615,512.6067433,557.7838448,562.3120913,487.1103328,526.2710345,526.1816959,574.2401603,565.337618,577.1807319,529.0556561,576.0008967,516.5147184,544.0289294,567.095975,531.4139686,552.8344986,524.1352484,532.8070177,560.8621777,532.2580622,551.5311077,547.7059372,551.7029013,548.0933337,567.7451828,521.7531162,532.0981632,534.4376612,552.6373658,543.1709148,511.4015551,577.2613512,604.712447,579.8531148,544.3633343,589.5867279,634.5148056,585.7705424,635.1974641,625.6771953,654.9268027,534.3685588,520.1770212,565.0799554,579.6633457,538.827436,553.3526422,556.7568953,630.5777287,548.0448792,564.1799828,563.231695,590.9637417,543.1233267,594.9908485,585.4939224,571.1188586,565.9828039,573.7352754,726.0728099,568.2656202,532.6467887,586.9352065,726.0728099,568.2656202,568.2135335,589.5306596,584.39005,522.4346579,537.5891819,488.1267441,650.7331812,572.5694699,567.4853214,584.39005,573.4964291,585.7705424,600.9606564,687.6168433,788.5530307,696.2665975
run2,502.5910779,496.0756732,533.1277649,532.4866561,549.6727833,523.9801919,521.1828703,529.8922686,545.6810572,508.569642,515.9773316,535.5226029,536.6119585,520.0024872,531.8927199,516.3641373,527.0092366,531.9840085,552.4649898,519.5884377,518.393582,512.6067433,534.7373114,526.248697,534.8757248,539.4839136,520.8325688,537.2397652,549.2588181,532.1438388,516.2566331,531.0270388,561.166801,496.2742385,517.161062,542.1496043,524.6453665,543.4089806,528.8525551,546.715729,486.4605211,560.4311938,491.2989103,533.0819203,521.2266911,527.5923107,543.9573247,531.3911924,542.3156024,512.7763473,528.6045321,517.2905249,562.2610903,543.4327987,599.1890248,548.7483093,510.8537001,562.3120913,494.3745485,540.3774103,550.6982012,543.0995357,563.231695,529.3492999,541.9837079,507.3418161,533.013168,552.8098494,503.0601031,524.6897715,515.4196342,539.225821,548.1660315,576.9927076,542.8379729,549.0399124,543.6710941,514.4785801,517.7441559,537.4726591,532.9902545,517.6360764,585.4939224,546.1618123,558.6886852,515.6554359,511.2961071,531.2773408,567.9532433,490.2304892,542.1258986,574.2401603,539.6013101,543.7426235,492.1960818,553.3279467,549.088543,530.617962,537.0768595,518.9794601,542.4342346,525.0675179,491.3573218,533.4718515,509.572944,552.2189249,539.6717725,496.4133288,512.5219834,576.0811867,541.4866271,534.7142494,573.4168579,567.095975,520.7013272,548.7968883,509.6567313,547.7059372,513.2433374,542.3156024,594.4488326,566.422372,535.6382815,534.0233149,474.4535168,534.3455286,533.7244641,531.4139686,552.8344986,558.5125141,537.3096122,550.0629681,515.2268659,537.8923775,494.2760047,572.913419,687.6168433,572.1467144,597.456597,501.4527523,590.9355751,497.409103,544.7938879,609.49854,544.8417693,572.6223583,508.2360853,556.2074066,567.7451828,565.337618,515.5267901,558.2610339,543.7187783,574.0540467,561.9298088,556.2323599,487.1103328,553.3526422,562.3120913,573.4964291,530.617962,503.8164615,571.6982202,530.3455942,513.4558869,591.5276384,547.1983097,550.3804014,501.3716406,547.7059372,530.6633839,577.2613512,501.3108241,532.2580622,551.5311077,579.6633457,599.1890248,557.7838448,562.0571785,482.5789857,556.5819403,576.9927076,526.2710345,526.1816959,574.2401603,529.0556561,576.0008967,516.5147184,544.0289294,531.4139686,552.8344986,524.1352484,532.8070177,560.8621777,577.1807319,567.095975,521.7531162,532.0981632,534.4376612,552.6373658,590.9637417,604.712447,551.0408578,565.0799554,630.5777287,579.8531148,548.0448792,543.1233267,634.5148056,556.7568953,584.39005,585.7705424,635.1974641,654.9268027,564.1799828,534.3685588,553.3526422,600.9606564,538.827436,551.7029013,573.7352754,571.1188586,568.2135335,589.5867279,544.3633343,532.6467887,586.9352065,640.8776647,568.2656202,543.1709148,726.0728099,511.4015551,522.4346579,568.2656202,537.5891819,625.6771953,589.5306596,594.9908485,520.1770212,567.4853214,572.5694699,584.39005,726.0728099,488.1267441,650.7331812,573.4964291,585.7705424,565.9828039,788.5530307,579.6633457,696.2665975
run3,568.2656202,539.225821,524.6897715,527.5923107,533.0819203,491.2989103,576.9927076,548.1660315,558.5125141,512.7763473,528.6045321,517.2905249,562.2610903,543.4327987,562.3120913,542.3156024,548.7968883,543.9573247,548.7483093,531.3911924,529.3492999,541.9837079,549.0399124,474.4535168,537.3096122,533.7244641,534.3455286,553.3526422,542.8379729,534.0233149,539.6717725,509.572944,513.2433374,494.2760047,558.6886852,525.0675179,549.088543,567.9532433,508.2360853,520.7013272,517.7441559,514.4785801,537.4726591,542.4342346,552.2189249,518.9794601,599.1890248,537.0768595,539.6013101,569.4662549,543.6710941,536.6119585,518.393582,494.3745485,531.9840085,552.4649898,519.5884377,531.8927199,509.6567313,516.2566331,532.1438388,534.7373114,526.248697,520.8325688,537.2397652,540.3774103,549.2588181,550.6982012,534.8757248,520.0024872,544.7938879,542.3156024,528.8525551,546.715729,497.409103,556.2074066,550.3804014,517.161062,542.1496043,524.6453665,543.4089806,541.4866271,523.9801919,532.4866561,496.0756732,502.5910779,521.1828703,510.8537001,549.6727833,514.8203837,529.8922686,516.3641373,496.2742385,539.4839136,599.1890248,550.0629681,561.166801,492.1960818,491.3573218,533.4718515,576.0811867,573.4168579,486.4605211,556.2323599,517.6360764,585.4939224,507.3418161,533.013168,503.0601031,552.8098494,527.0092366,545.6810572,531.0270388,530.617962,532.9902545,515.2268659,537.8923775,515.6554359,511.2961071,531.2773408,553.3279467,531.4139686,552.8344986,567.095975,534.7142494,512.5219834,496.4133288,546.1618123,594.4488326,548.0206551,572.1467144,572.913419,508.569642,515.9773316,535.5226029,501.4527523,547.7059372,535.6382815,590.9355751,542.1258986,543.7426235,565.337618,687.6168433,543.0995357,560.4311938,574.2401603,566.422372,609.49854,533.1277649,597.456597,512.6067433,490.2304892,572.6223583,557.7838448,530.617962,547.7059372,530.6633839,515.5267901,558.2610339,543.7187783,573.4964291,574.0540467,513.4558869,530.3455942,591.5276384,487.1103328,503.8164615,561.9298088,501.3716406,567.7451828,551.0408578,547.1983097,562.3120913,501.3108241,526.2710345,526.1816959,574.2401603,577.1807319,529.0556561,576.0008967,516.5147184,544.0289294,531.4139686,552.8344986,524.1352484,532.8070177,560.8621777,567.095975,548.0933337,562.0571785,532.2580622,551.5311077,532.0981632,521.7531162,534.4376612,552.6373658,556.5819403,543.1709148,571.6982202,577.2613512,551.7029013,482.5789857,634.5148056,579.6633457,604.712447,576.9927076,579.8531148,630.5777287,548.0448792,543.1233267,634.5148056,556.7568953,584.39005,654.9268027,585.7705424,564.1799828,534.3685588,520.1770212,579.6633457,553.3526422,538.827436,635.1974641,563.231695,571.1188586,589.5867279,544.3633343,568.2135335,573.4964291,640.8776647,532.6467887,586.9352065,726.0728099,511.4015551,625.6771953,568.2656202,589.5306596,522.4346579,537.5891819,594.9908485,567.4853214,572.5694699,573.7352754,584.39005,726.0728099,488.1267441,650.7331812,585.7705424,600.9606564,565.9828039,788.5530307,696.2665975
run4,591.5276384,726.0728099,532.4866561,523.9801919,549.6727833,496.0756732,502.5910779,514.8203837,487.1103328,531.0270388,486.4605211,516.2566331,532.1438388,509.6567313,537.2397652,520.8325688,526.248697,534.8757248,539.4839136,543.9573247,548.7483093,521.1828703,529.8922686,515.9773316,508.569642,535.5226029,536.6119585,520.0024872,545.6810572,534.7373114,540.3774103,518.393582,531.9840085,519.5884377,516.3641373,527.0092366,552.4649898,512.6067433,494.3745485,531.8927199,515.2268659,537.8923775,517.161062,524.6453665,542.1496043,546.715729,528.8525551,543.4089806,550.6982012,510.8537001,491.2989103,521.2266911,533.0819203,527.5923107,528.6045321,517.2905249,531.3911924,542.3156024,541.9837079,529.3492999,556.2323599,562.2610903,512.7763473,543.4327987,599.1890248,562.3120913,543.6710941,539.6013101,474.4535168,569.4662549,549.0399124,542.8379729,534.0233149,549.088543,548.1660315,533.7244641,534.3455286,535.6382815,496.2742385,561.166801,543.0995357,557.7838448,539.6717725,531.4139686,552.8344986,558.5125141,567.095975,553.3526422,541.4866271,497.409103,544.7938879,542.3156024,556.2074066,513.2433374,509.572944,537.0768595,552.2189249,515.4196342,524.6897715,539.225821,546.1618123,558.6886852,507.3418161,533.013168,503.0601031,552.8098494,514.4785801,537.4726591,532.9902545,517.7441559,517.6360764,585.4939224,525.0675179,520.7013272,548.0206551,530.617962,597.456597,492.1960818,543.7426235,542.1258986,576.9927076,542.4342346,518.9794601,491.3573218,533.4718515,547.7059372,496.4133288,609.49854,548.7968883,567.9532433,512.5219834,534.7142494,590.9637417,494.2760047,576.0811867,515.6554359,531.2773408,553.3279467,511.2961071,566.422372,490.2304892,574.2401603,572.913419,573.4168579,537.3096122,501.4527523,508.2360853,533.1277649,551.0408578,687.6168433,530.3455942,544.8417693,572.1467144,550.3804014,547.1983097,560.4311938,562.0571785,515.5267901,558.2610339,556.5819403,543.7187783,574.0540467,573.4964291,572.6223583,571.6982202,501.3716406,501.3108241,503.8164615,530.617962,565.337618,547.7059372,530.6633839,532.2580622,551.5311077,590.9355751,482.5789857,579.8531148,561.9298088,562.3120913,526.2710345,529.0556561,576.0008967,516.5147184,552.8344986,524.1352484,544.0289294,532.8070177,560.8621777,567.095975,526.1816959,574.2401603,548.0933337,521.7531162,532.0981632,534.4376612,552.6373658,604.712447,576.9927076,548.0448792,565.0799554,654.9268027,551.7029013,531.4139686,584.39005,543.1233267,634.5148056,579.6633457,577.2613512,556.7568953,585.7705424,635.1974641,564.1799828,630.5777287,534.3685588,553.3526422,538.827436,579.6633457,599.1890248,571.1188586,594.4488326,563.231695,586.9352065,568.2135335,573.7352754,589.5867279,544.3633343,625.6771953,511.4015551,568.2656202,537.5891819,522.4346579,568.2656202,589.5306596,640.8776647,520.1770212,594.9908485,543.1709148,584.39005,634.5148056,567.4853214,572.5694699,726.0728099,488.1267441,573.4964291,650.7331812,585.7705424,600.9606564,532.6467887,565.9828039,788.5530307,696.2665975
run5,696.2665975,512.6067433,482.5789857,515.5267901,543.7187783,577.2613512,573.4168579,560.4311938,516.3641373,527.0092366,510.8537001,531.9840085,552.4649898,519.5884377,518.393582,494.3745485,536.6119585,531.8927199,520.0024872,515.9773316,529.8922686,535.5226029,545.6810572,521.1828703,508.569642,534.7373114,539.6013101,550.6982012,523.9801919,532.4866561,549.6727833,496.0756732,502.5910779,526.248697,534.8757248,539.4839136,520.8325688,537.2397652,549.2588181,514.8203837,532.1438388,516.2566331,531.0270388,486.4605211,517.161062,542.1496043,524.6453665,543.4089806,528.8525551,546.715729,515.2268659,501.3716406,540.3774103,491.2989103,521.2266911,533.0819203,507.3418161,533.013168,552.8098494,515.6554359,548.0206551,532.9902545,514.4785801,530.617962,542.3156024,531.3911924,543.4327987,512.7763473,518.9794601,542.4342346,634.5148056,562.2610903,537.0768595,543.6710941,535.6382815,534.0233149,542.8379729,542.3156024,503.0601031,515.4196342,524.6897715,576.9927076,474.4535168,548.1660315,569.4662549,567.9532433,549.0399124,525.0675179,517.7441559,511.2961071,509.572944,517.6360764,549.088543,537.3096122,599.1890248,541.4866271,520.7013272,513.2433374,534.3455286,548.7968883,544.7938879,497.409103,558.6886852,574.0540467,599.1890248,539.6717725,528.6045321,562.3120913,556.2074066,561.166801,537.4726591,492.1960818,533.4718515,491.3573218,553.3279467,517.2905249,543.7426235,512.5219834,496.4133288,594.4488326,640.8776647,546.1618123,574.2401603,490.2304892,542.1258986,531.2773408,552.2189249,566.422372,534.7142494,543.9573247,509.6567313,550.0629681,533.7244641,590.9355751,543.0995357,563.231695,530.617962,597.456597,531.4139686,552.8344986,572.913419,537.8923775,529.3492999,494.2760047,527.5923107,541.9837079,533.1277649,539.225821,544.8417693,567.095975,503.8164615,548.7483093,508.2360853,556.5819403,561.9298088,562.3120913,496.2742385,576.0811867,550.3804014,513.4558869,530.3455942,591.5276384,567.7451828,573.4964291,572.6223583,556.2323599,547.7059372,530.6633839,579.6633457,532.2580622,551.5311077,557.7838448,487.1103328,565.337618,562.0571785,543.1709148,526.2710345,526.1816959,574.2401603,531.4139686,529.0556561,576.0008967,552.8344986,577.1807319,560.8621777,532.0981632,521.7531162,534.4376612,552.6373658,548.0933337,547.1983097,576.9927076,516.5147184,544.0289294,524.1352484,532.8070177,567.095975,547.7059372,604.712447,551.0408578,551.7029013,585.7705424,501.3108241,553.3526422,565.0799554,579.8531148,634.5148056,625.6771953,556.7568953,534.3685588,553.3526422,538.827436,579.6633457,564.1799828,548.0448792,594.9908485,630.5777287,571.1188586,609.49854,590.9637417,568.2135335,573.7352754,488.1267441,635.1974641,532.6467887,586.9352065,726.0728099,589.5867279,544.3633343,687.6168433,511.4015551,543.1233267,537.5891819,522.4346579,568.2656202,585.4939224,584.39005,568.2656202,654.9268027,520.1770212,567.4853214,572.5694699,589.5306596,726.0728099,650.7331812,585.7705424,573.4964291,600.9606564,584.39005,565.9828039,788.5530307
run6,579.8531148,543.7426235,492.1960818,553.3279467,630.5777287,537.4726591,514.4785801,532.9902545,517.7441559,490.2304892,511.2961071,515.6554359,531.2773408,548.0206551,574.2401603,599.1890248,572.1467144,567.9532433,562.2610903,517.6360764,585.4939224,496.4133288,558.6886852,546.1618123,491.3573218,542.4342346,525.0675179,518.9794601,549.088543,508.2360853,537.5891819,533.4718515,520.7013272,494.2760047,529.3492999,509.572944,537.0768595,552.2189249,566.422372,513.2433374,531.3911924,576.0811867,556.7568953,536.6119585,531.8927199,520.0024872,501.3108241,518.393582,531.9840085,519.5884377,552.4649898,534.7373114,512.7763473,542.3156024,540.3774103,534.0233149,535.6382815,491.2989103,521.2266911,533.0819203,590.9355751,527.5923107,516.2566331,532.1438388,576.9927076,543.9573247,509.6567313,528.6045321,562.3120913,517.2905249,494.3745485,487.1103328,486.4605211,507.3418161,503.0601031,533.013168,552.8098494,549.0399124,526.248697,534.8757248,520.8325688,537.2397652,542.8379729,549.2588181,502.5910779,514.8203837,543.6710941,474.4535168,569.4662549,539.4839136,550.6982012,548.1660315,508.569642,515.9773316,510.8537001,516.3641373,535.5226029,549.6727833,532.4866561,523.9801919,517.161062,542.1496043,524.6453665,543.4089806,546.715729,528.8525551,541.4866271,544.7938879,542.3156024,497.409103,556.2074066,496.2742385,599.1890248,550.0629681,515.4196342,524.6897715,539.225821,548.7968883,531.0270388,543.0995357,557.7838448,597.456597,527.0092366,594.4488326,534.7142494,544.8417693,561.166801,539.6717725,515.2268659,558.5125141,521.1828703,529.8922686,533.1277649,530.617962,541.9837079,537.8923775,609.49854,567.095975,560.4311938,550.3804014,534.3455286,533.7244641,556.2323599,561.9298088,548.7483093,515.5267901,558.2610339,573.4168579,573.4964291,565.9828039,556.5819403,545.6810572,553.3526422,537.3096122,501.4527523,547.7059372,513.4558869,530.3455942,591.5276384,565.337618,543.1233267,726.0728099,567.7451828,526.2710345,526.1816959,574.2401603,574.0540467,531.4139686,529.0556561,576.0008967,552.8344986,562.0571785,571.6982202,503.8164615,577.1807319,547.1983097,512.6067433,496.0756732,531.4139686,552.8344986,543.1709148,532.0981632,521.7531162,534.4376612,552.6373658,548.0933337,560.8621777,530.617962,547.7059372,530.6633839,501.3716406,532.2580622,551.5311077,562.3120913,551.7029013,634.5148056,572.6223583,576.9927076,654.9268027,539.6013101,482.5789857,516.5147184,524.1352484,544.0289294,532.8070177,567.095975,604.712447,543.7187783,565.0799554,625.6771953,635.1974641,548.0448792,534.3685588,553.3526422,538.827436,600.9606564,564.1799828,572.913419,579.6633457,563.231695,640.8776647,568.2656202,589.5867279,573.4964291,571.1188586,568.2135335,532.6467887,586.9352065,726.0728099,585.7705424,568.2656202,589.5306596,584.39005,544.3633343,522.4346579,511.4015551,594.9908485,590.9637417,488.1267441,650.7331812,520.1770212,572.5694699,567.4853214,584.39005,634.5148056,573.7352754,585.7705424,687.6168433,788.5530307,579.6633457,696.2665975
run7,585.7705424,491.2989103,533.0819203,527.5923107,542.1496043,524.6453665,543.4089806,532.1438388,516.2566331,543.9573247,546.715729,528.8525551,512.7763473,528.6045321,517.2905249,542.3156024,562.2610903,518.393582,494.3745485,518.9794601,542.4342346,599.1890248,491.3573218,687.6168433,525.0675179,514.4785801,537.4726591,517.7441559,492.1960818,531.3911924,541.9837079,529.3492999,536.6119585,531.8927199,520.0024872,494.2760047,531.9840085,519.5884377,552.4649898,520.7013272,548.7968883,508.569642,515.9773316,535.5226029,539.6013101,510.8537001,516.3641373,529.8922686,521.1828703,545.6810572,550.6982012,527.0092366,540.3774103,534.7373114,501.4527523,532.9902545,549.2588181,520.8325688,537.2397652,542.8379729,534.7142494,567.9532433,546.1618123,496.4133288,512.5219834,558.6886852,609.49854,533.4718515,537.0768595,515.6554359,553.3279467,548.0206551,530.617962,509.572944,513.2433374,549.0399124,526.248697,534.8757248,539.4839136,576.9927076,542.3156024,532.4866561,523.9801919,549.6727833,486.4605211,531.0270388,507.3418161,533.013168,552.8098494,503.0601031,531.2773408,511.2961071,543.6710941,474.4535168,569.4662549,534.3455286,533.7244641,539.6717725,517.6360764,537.3096122,534.0233149,535.6382815,502.5910779,514.8203837,590.9355751,531.4139686,552.8344986,550.0629681,548.1660315,567.095975,542.1258986,547.7059372,544.7938879,497.409103,556.2074066,543.7426235,574.2401603,490.2304892,515.4196342,524.6897715,566.422372,552.2189249,558.5125141,599.1890248,585.4939224,548.7483093,563.231695,543.0995357,597.456597,539.225821,561.166801,560.4311938,573.4168579,503.8164615,541.4866271,594.4488326,572.913419,553.3526422,576.0811867,544.8417693,572.6223583,515.2268659,537.8923775,550.3804014,562.3120913,512.6067433,556.2323599,508.2360853,496.0756732,557.7838448,572.1467144,556.5819403,487.1103328,515.5267901,558.2610339,543.7187783,562.3120913,562.0571785,561.9298088,574.0540467,551.0408578,547.1983097,530.3455942,513.4558869,551.7029013,591.5276384,567.7451828,573.4964291,501.3108241,496.2742385,533.1277649,571.6982202,577.2613512,565.337618,579.6633457,482.5789857,526.2710345,529.0556561,576.0008967,516.5147184,524.1352484,544.0289294,532.8070177,560.8621777,552.8344986,526.1816959,574.2401603,577.1807319,548.0933337,567.095975,521.7531162,532.0981632,534.4376612,552.6373658,590.9637417,543.1709148,576.9927076,634.5148056,530.617962,604.712447,565.0799554,548.0448792,585.7705424,579.8531148,630.5777287,654.9268027,543.1233267,634.5148056,531.4139686,584.39005,564.1799828,534.3685588,553.3526422,579.6633457,538.827436,556.7568953,635.1974641,571.1188586,547.7059372,501.3716406,549.088543,568.2135335,532.2580622,530.6633839,544.3633343,589.5867279,573.7352754,625.6771953,532.6467887,586.9352065,511.4015551,568.2656202,640.8776647,726.0728099,522.4346579,568.2656202,537.5891819,589.5306596,594.9908485,520.1770212,567.4853214,572.5694699,584.39005,488.1267441,726.0728099,650.7331812,573.4964291,600.9606564,565.9828039,788.5530307,696.2665975
run8,521.1828703,508.569642,535.5226029,520.0024872,531.8927199,534.7373114,550.6982012,515.9773316,536.6119585,529.8922686,523.9801919,532.4866561,549.6727833,526.248697,534.8757248,539.4839136,540.3774103,510.8537001,519.5884377,516.3641373,531.9840085,527.0092366,552.4649898,482.5789857,518.393582,486.4605211,532.1438388,516.2566331,520.8325688,537.2397652,549.2588181,502.5910779,514.8203837,515.2268659,528.8525551,546.715729,517.161062,524.6453665,542.1496043,543.4089806,522.4346579,560.4311938,548.7483093,543.0995357,494.3745485,563.231695,512.7763473,542.3156024,531.3911924,491.2989103,521.2266911,533.0819203,528.6045321,562.3120913,527.5923107,517.2905249,562.2610903,543.6710941,535.6382815,529.3492999,541.9837079,534.0233149,543.9573247,599.1890248,507.3418161,503.0601031,552.8098494,533.013168,550.0629681,548.0206551,474.4535168,569.4662549,549.0399124,548.1660315,537.3096122,542.8379729,515.4196342,524.6897715,539.225821,576.9927076,534.3455286,532.9902545,515.6554359,511.2961071,567.9532433,490.2304892,517.6360764,574.2401603,517.7441559,514.4785801,542.1258986,537.4726591,539.6013101,531.2773408,531.4139686,552.8344986,585.4939224,543.7426235,553.3279467,558.5125141,531.0270388,492.1960818,537.8923775,541.4866271,566.422372,576.0811867,533.7244641,530.617962,542.3156024,544.7938879,497.409103,556.2074066,513.2433374,520.7013272,548.7968883,558.6886852,509.572944,537.0768595,539.6717725,525.0675179,518.9794601,546.1618123,534.7142494,552.2189249,549.088543,491.3573218,542.4342346,533.4718515,512.5219834,496.4133288,594.4488326,543.4327987,572.1467144,573.4168579,509.6567313,590.9355751,572.913419,496.2742385,494.2760047,533.1277649,544.8417693,561.166801,599.1890248,597.456597,553.3526422,640.8776647,609.49854,550.3804014,556.2323599,512.6067433,508.2360853,501.4527523,556.5819403,572.6223583,547.7059372,530.6633839,513.4558869,530.3455942,591.5276384,557.7838448,571.6982202,515.5267901,558.2610339,543.7187783,574.0540467,562.3120913,562.0571785,579.6633457,501.3716406,567.7451828,503.8164615,551.0408578,547.1983097,573.4964291,487.1103328,526.2710345,526.1816959,574.2401603,565.337618,577.1807319,529.0556561,576.0008967,516.5147184,544.0289294,567.095975,531.4139686,552.8344986,524.1352484,532.8070177,560.8621777,532.2580622,551.5311077,547.7059372,548.0933337,532.0981632,521.7531162,534.4376612,552.6373658,496.0756732,543.1709148,551.7029013,577.2613512,634.5148056,585.7705424,576.9927076,604.712447,501.3108241,565.0799554,625.6771953,654.9268027,579.8531148,635.1974641,534.3685588,520.1770212,553.3526422,538.827436,600.9606564,548.0448792,594.9908485,564.1799828,556.7568953,590.9637417,630.5777287,543.1233267,573.4964291,589.5867279,568.2135335,571.1188586,565.9828039,532.6467887,586.9352065,726.0728099,568.2656202,584.39005,726.0728099,544.3633343,589.5306596,568.2656202,511.4015551,537.5891819,488.1267441,650.7331812,573.7352754,584.39005,572.5694699,567.4853214,585.7705424,687.6168433,788.5530307,579.6633457,696.2665975
run9,539.6013101,542.1496043,543.4089806,547.7059372,517.161062,530.6633839,546.715729,528.8525551,515.2268659,537.8923775,503.8164615,497.409103,556.2074066,542.3156024,574.2401603,541.4866271,544.7938879,564.1799828,594.4488326,561.9298088,520.8325688,537.2397652,542.8379729,549.2588181,526.248697,534.8757248,539.4839136,534.7373114,540.3774103,509.6567313,516.2566331,532.1438388,518.393582,531.9840085,519.5884377,552.4649898,494.3745485,502.5910779,534.7142494,572.1467144,514.4785801,537.4726591,562.2610903,518.9794601,542.4342346,491.3573218,492.1960818,512.5219834,567.9532433,496.4133288,609.49854,533.4718515,543.4327987,687.6168433,537.0768595,525.0675179,517.7441559,543.9573247,550.6982012,520.7013272,508.2360853,599.1890248,509.572944,549.0399124,558.6886852,552.2189249,576.9927076,530.617962,487.1103328,507.3418161,503.0601031,533.013168,552.8098494,532.9902545,548.0206551,531.0270388,486.4605211,514.8203837,515.6554359,530.617962,553.3279467,560.4311938,573.4168579,510.8537001,491.2989103,521.2266911,527.5923107,533.0819203,512.7763473,542.3156024,517.2905249,543.6710941,474.4535168,569.4662549,537.3096122,534.0233149,535.6382815,590.9355751,515.4196342,524.6897715,548.1660315,546.1618123,599.1890248,548.7968883,531.2773408,511.2961071,517.6360764,574.2401603,539.225821,533.1277649,496.2742385,549.6727833,532.4866561,523.9801919,516.3641373,536.6119585,520.0024872,531.8927199,531.3911924,528.6045321,585.4939224,543.0995357,597.456597,561.166801,531.4139686,552.8344986,558.5125141,548.7483093,539.6717725,541.9837079,529.3492999,513.2433374,494.2760047,547.7059372,542.1258986,490.2304892,543.7426235,543.1233267,576.0811867,527.0092366,562.3120913,501.4527523,550.3804014,511.4015551,604.712447,579.8531148,556.2323599,526.2710345,544.8417693,565.337618,508.569642,515.9773316,535.5226029,521.1828703,529.8922686,551.5311077,512.6067433,545.6810572,533.7244641,534.3455286,553.3526422,515.5267901,558.2610339,543.7187783,573.4964291,531.4139686,529.0556561,576.0008967,552.8344986,577.2613512,574.0540467,550.0629681,496.0756732,585.7705424,530.3455942,513.4558869,591.5276384,543.1709148,571.6982202,547.1983097,551.0408578,501.3108241,567.7451828,562.0571785,532.0981632,521.7531162,534.4376612,552.6373658,548.0933337,556.5819403,562.3120913,560.8621777,576.9927076,482.5789857,577.1807319,557.7838448,566.422372,634.5148056,572.913419,579.6633457,634.5148056,630.5777287,565.0799554,534.3685588,520.1770212,553.3526422,538.827436,600.9606564,654.9268027,567.095975,516.5147184,524.1352484,544.0289294,532.8070177,544.3633343,589.5867279,572.6223583,548.0448792,584.39005,635.1974641,563.231695,590.9637417,549.088543,501.3716406,551.7029013,571.1188586,573.7352754,568.2135335,640.8776647,568.2656202,532.6467887,586.9352065,726.0728099,568.2656202,522.4346579,589.5306596,625.6771953,537.5891819,594.9908485,584.39005,567.4853214,572.5694699,726.0728099,488.1267441,650.7331812,573.4964291,585.7705424,565.9828039,788.5530307,579.6633457,696.2665975
run10,535.5226029,545.6810572,527.0092366,508.569642,521.1828703,529.8922686,515.9773316,523.9801919,532.4866561,512.6067433,556.7568953,552.4649898,531.9840085,519.5884377,516.3641373,536.6119585,520.0024872,518.393582,531.0270388,486.4605211,534.7373114,540.3774103,526.248697,534.8757248,532.1438388,516.2566331,539.4839136,514.8203837,549.2588181,520.8325688,537.2397652,546.715729,528.8525551,517.161062,542.1496043,524.6453665,543.4089806,522.4346579,515.5267901,543.7187783,558.2610339,573.4168579,543.0995357,494.3745485,563.231695,509.6567313,534.7142494,546.1618123,514.4785801,537.4726591,548.0206551,507.3418161,552.8098494,533.013168,515.6554359,531.2773408,553.3279467,532.9902545,562.2610903,542.3156024,518.9794601,543.4327987,542.4342346,599.1890248,512.7763473,525.0675179,517.7441559,567.9532433,503.0601031,492.1960818,491.3573218,512.5219834,496.4133288,687.6168433,558.6886852,550.6982012,576.9927076,543.9573247,609.49854,491.2989103,521.2266911,533.0819203,527.5923107,531.3911924,517.2905249,533.4718515,537.0768595,530.617962,543.6710941,543.7426235,542.3156024,542.1258986,542.8379729,535.6382815,534.0233149,502.5910779,530.3455942,513.4558869,591.5276384,541.4866271,599.1890248,594.4488326,548.7483093,528.6045321,541.9837079,529.3492999,517.6360764,548.7968883,585.4939224,474.4535168,569.4662549,549.0399124,509.572944,537.3096122,539.6717725,515.2268659,515.4196342,524.6897715,548.1660315,503.8164615,511.2961071,574.2401603,490.2304892,531.4139686,552.8344986,494.2760047,558.5125141,547.7059372,574.0540467,552.2189249,567.095975,501.3716406,561.166801,513.2433374,497.409103,544.7938879,550.3804014,556.2074066,539.225821,590.9355751,597.456597,501.4527523,544.8417693,562.3120913,508.2360853,543.1233267,566.422372,530.617962,537.8923775,550.0629681,533.1277649,572.6223583,576.0811867,556.2323599,556.5819403,533.7244641,534.3455286,553.3526422,487.1103328,562.0571785,562.3120913,539.6013101,496.2742385,572.1467144,561.9298088,567.7451828,547.7059372,530.6633839,547.1983097,551.0408578,573.4964291,501.3108241,496.0756732,557.7838448,577.2613512,565.337618,571.6982202,572.913419,551.7029013,590.9637417,526.2710345,526.1816959,574.2401603,529.0556561,576.0008967,516.5147184,524.1352484,544.0289294,532.8070177,560.8621777,531.4139686,552.8344986,577.1807319,548.0933337,532.0981632,521.7531162,534.4376612,552.6373658,567.095975,543.1709148,482.5789857,532.2580622,551.5311077,634.5148056,579.6633457,576.9927076,604.712447,634.5148056,565.0799554,630.5777287,579.8531148,548.0448792,584.39005,585.7705424,654.9268027,564.1799828,534.3685588,520.1770212,600.9606564,553.3526422,538.827436,635.1974641,549.088543,573.4964291,589.5867279,571.1188586,568.2135335,544.3633343,532.6467887,586.9352065,726.0728099,568.2656202,640.8776647,568.2656202,511.4015551,589.5306596,594.9908485,625.6771953,537.5891819,573.7352754,567.4853214,572.5694699,584.39005,726.0728099,488.1267441,650.7331812,585.7705424,565.9828039,788.5530307,579.6633457,696.2665975
run11,556.2074066,516.2566331,509.6567313,543.9573247,532.9902545,514.4785801,537.4726591,517.7441559,490.2304892,492.1960818,548.0206551,574.2401603,562.2610903,517.6360764,640.8776647,543.7426235,542.3156024,518.9794601,599.1890248,525.0675179,542.4342346,508.2360853,537.5891819,491.3573218,543.1233267,634.5148056,558.6886852,496.4133288,546.1618123,609.49854,512.5219834,567.9532433,533.4718515,520.7013272,494.2760047,509.572944,537.0768595,513.2433374,529.3492999,548.7968883,566.422372,531.9840085,519.5884377,552.4649898,536.6119585,520.0024872,531.8927199,501.3108241,518.393582,534.7373114,540.3774103,550.6982012,531.3911924,549.088543,508.569642,515.9773316,521.1828703,510.8537001,529.8922686,516.3641373,576.9927076,487.1103328,486.4605211,535.5226029,527.0092366,545.6810572,539.4839136,549.6727833,532.4866561,523.9801919,550.0629681,526.248697,534.8757248,549.0399124,520.8325688,537.2397652,549.2588181,528.8525551,546.715729,543.4089806,517.161062,542.1496043,524.6453665,541.4866271,594.4488326,514.8203837,542.8379729,502.5910779,494.3745485,534.7142494,515.6554359,511.2961071,553.3279467,507.3418161,503.0601031,533.013168,552.8098494,531.2773408,491.2989103,521.2266911,533.0819203,542.3156024,543.6710941,527.5923107,474.4535168,569.4662549,548.1660315,534.0233149,535.6382815,534.3455286,533.7244641,512.7763473,539.6717725,537.3096122,599.1890248,497.409103,573.4168579,531.4139686,552.8344986,556.7568953,558.5125141,541.9837079,590.9355751,515.4196342,524.6897715,531.0270388,528.6045321,562.3120913,517.2905249,567.095975,539.225821,552.2189249,543.0995357,557.7838448,597.456597,533.1277649,503.8164615,530.617962,561.166801,550.3804014,543.4327987,556.2323599,553.3526422,544.8417693,548.7483093,496.2742385,572.6223583,501.4527523,513.4558869,530.3455942,591.5276384,537.8923775,563.231695,571.6982202,556.5819403,576.0811867,572.1467144,567.7451828,515.5267901,558.2610339,543.7187783,574.0540467,562.3120913,562.0571785,561.9298088,577.1807319,551.0408578,547.1983097,579.6633457,496.0756732,526.2710345,529.0556561,576.0008967,516.5147184,544.0289294,552.8344986,524.1352484,532.8070177,560.8621777,526.1816959,574.2401603,565.337618,567.095975,573.4964291,548.0933337,530.617962,521.7531162,532.0981632,534.4376612,552.6373658,547.7059372,530.6633839,547.7059372,585.7705424,577.2613512,543.1709148,551.7029013,634.5148056,532.2580622,515.2268659,551.5311077,604.712447,576.9927076,512.6067433,482.5789857,539.6013101,635.1974641,565.0799554,548.0448792,654.9268027,579.8531148,594.9908485,531.4139686,625.6771953,534.3685588,553.3526422,538.827436,579.6633457,564.1799828,572.913419,590.9637417,630.5777287,571.1188586,589.5867279,568.2135335,585.4939224,573.7352754,544.3633343,532.6467887,586.9352065,726.0728099,565.9828039,568.2656202,568.2656202,589.5306596,511.4015551,687.6168433,584.39005,522.4346579,520.1770212,567.4853214,572.5694699,584.39005,726.0728099,488.1267441,650.7331812,573.4964291,585.7705424,600.9606564,788.5530307,696.2665975
run12,573.7352754,531.3911924,474.4535168,569.4662549,494.2760047,539.6013101,534.3455286,513.2433374,509.572944,539.6717725,552.2189249,537.0768595,567.9532433,533.7244641,520.0024872,536.6119585,534.7373114,540.3774103,531.8927199,550.6982012,526.248697,534.8757248,539.4839136,521.1828703,529.8922686,523.9801919,532.4866561,549.6727833,530.617962,542.8379729,549.0399124,550.0629681,520.8325688,537.2397652,496.0756732,502.5910779,514.8203837,549.2588181,534.0233149,487.1103328,531.0270388,486.4605211,516.2566331,532.1438388,543.9573247,501.3108241,518.393582,508.2360853,494.3745485,531.9840085,519.5884377,520.7013272,552.4649898,517.2905249,512.7763473,548.7968883,542.3156024,491.2989103,521.2266911,528.6045321,533.0819203,517.7441559,514.4785801,537.4726591,562.2610903,558.6886852,507.3418161,533.013168,503.0601031,515.4196342,524.6897715,539.225821,552.8098494,548.0206551,548.1660315,532.9902545,535.6382815,542.3156024,528.8525551,546.715729,517.161062,542.1496043,524.6453665,541.4866271,544.7938879,497.409103,543.4089806,556.2074066,550.3804014,496.2742385,599.1890248,516.3641373,515.6554359,511.2961071,531.2773408,574.2401603,525.0675179,599.1890248,510.8537001,517.6360764,527.0092366,545.6810572,566.422372,531.4139686,552.8344986,572.913419,534.7142494,546.1618123,585.4939224,558.5125141,543.0995357,557.7838448,544.8417693,560.4311938,573.4168579,509.6567313,537.3096122,576.9927076,515.2268659,537.8923775,565.337618,551.0408578,508.569642,515.9773316,535.5226029,512.6067433,542.1258986,561.166801,553.3279467,527.5923107,548.7483093,553.3526422,567.095975,492.1960818,533.4718515,512.5219834,572.1467144,496.4133288,543.7426235,562.3120913,594.4488326,590.9355751,609.49854,533.1277649,490.2304892,501.4527523,518.9794601,542.4342346,491.3573218,597.456597,576.0811867,556.2323599,572.6223583,530.617962,547.7059372,530.6633839,501.3716406,513.4558869,530.3455942,551.7029013,591.5276384,547.7059372,532.2580622,503.8164615,551.5311077,515.5267901,558.2610339,543.7187783,574.0540467,563.231695,561.9298088,567.7451828,547.1983097,562.0571785,562.3120913,579.6633457,556.5819403,577.2613512,573.4964291,482.5789857,543.1709148,526.2710345,529.0556561,576.0008967,516.5147184,544.0289294,524.1352484,532.8070177,560.8621777,531.4139686,552.8344986,526.1816959,574.2401603,577.1807319,532.0981632,521.7531162,534.4376612,552.6373658,548.0933337,567.095975,590.9637417,576.9927076,604.712447,634.5148056,571.6982202,630.5777287,565.0799554,579.8531148,556.7568953,585.7705424,584.39005,534.3685588,520.1770212,553.3526422,579.6633457,538.827436,543.1233267,634.5148056,564.1799828,635.1974641,548.0448792,654.9268027,571.1188586,544.3633343,589.5867279,568.2135335,640.8776647,568.2656202,532.6467887,586.9352065,625.6771953,511.4015551,726.0728099,568.2656202,522.4346579,537.5891819,594.9908485,549.088543,589.5306596,543.4327987,567.4853214,572.5694699,584.39005,585.7705424,488.1267441,600.9606564,726.0728099,650.7331812,565.9828039,788.5530307,696.2665975
run13,576.0008967,517.2905249,549.088543,512.7763473,528.6045321,562.3120913,520.7013272,548.7968883,542.3156024,525.0675179,543.1233267,537.5891819,494.2760047,517.7441559,531.3911924,529.3492999,541.9837079,517.6360764,562.2610903,513.2433374,509.572944,567.9532433,539.6717725,534.3455286,566.422372,531.4139686,526.1816959,574.2401603,501.3108241,518.393582,494.3745485,576.0811867,536.6119585,531.8927199,520.0024872,519.5884377,531.9840085,552.4649898,534.7373114,540.3774103,550.6982012,514.4785801,492.1960818,537.4726591,491.3573218,542.4342346,533.4718515,599.1890248,640.8776647,518.9794601,537.0768595,533.7244641,552.2189249,509.6567313,516.2566331,532.1438388,491.2989103,533.0819203,521.2266911,526.248697,534.8757248,539.4839136,549.0399124,543.6710941,474.4535168,569.4662549,537.3096122,520.8325688,537.2397652,549.2588181,542.8379729,515.4196342,524.6897715,576.9927076,548.1660315,534.0233149,487.1103328,523.9801919,532.4866561,549.6727833,531.0270388,486.4605211,496.0756732,514.8203837,521.1828703,508.569642,515.9773316,529.8922686,510.8537001,535.5226029,516.3641373,502.5910779,507.3418161,503.0601031,533.013168,552.8098494,532.9902545,527.0092366,545.6810572,544.7938879,542.3156024,528.8525551,517.161062,542.1496043,524.6453665,543.4089806,546.715729,541.4866271,497.409103,556.2074066,496.2742385,535.6382815,599.1890248,550.0629681,543.0995357,597.456597,561.166801,594.4488326,543.9573247,556.2323599,544.8417693,550.3804014,515.2268659,537.8923775,561.9298088,539.225821,527.5923107,530.617962,515.6554359,511.2961071,531.2773408,548.0206551,553.3279467,531.4139686,552.8344986,556.7568953,534.7142494,558.5125141,567.095975,558.6886852,512.5219834,542.1258986,551.0408578,634.5148056,590.9355751,490.2304892,543.7426235,574.2401603,565.337618,548.7483093,511.4015551,604.712447,579.8531148,553.3526422,572.1467144,533.1277649,501.4527523,496.4133288,546.1618123,513.4558869,530.3455942,591.5276384,571.6982202,548.0933337,563.231695,567.7451828,577.1807319,529.0556561,560.8621777,515.5267901,558.2610339,567.095975,544.3633343,552.8344986,543.7187783,562.0571785,577.2613512,574.0540467,560.4311938,503.8164615,573.4964291,547.1983097,530.617962,579.6633457,547.7059372,530.6633839,501.3716406,532.0981632,521.7531162,534.4376612,552.6373658,556.5819403,543.1709148,532.2580622,551.5311077,557.7838448,562.3120913,516.5147184,524.1352484,532.8070177,544.0289294,547.7059372,551.7029013,589.5867279,634.5148056,585.7705424,576.9927076,512.6067433,482.5789857,539.6013101,635.1974641,594.9908485,565.0799554,534.3685588,520.1770212,553.3526422,600.9606564,538.827436,654.9268027,572.6223583,548.0448792,584.39005,590.9637417,564.1799828,630.5777287,572.913419,585.4939224,573.7352754,571.1188586,565.9828039,568.2135335,532.6467887,586.9352065,726.0728099,568.2656202,726.0728099,589.5306596,568.2656202,625.6771953,522.4346579,488.1267441,650.7331812,584.39005,572.5694699,567.4853214,573.4964291,585.7705424,687.6168433,788.5530307,579.6633457,696.2665975
run14,509.572944,526.248697,534.8757248,539.4839136,474.4535168,552.2189249,533.4718515,572.1467144,567.9532433,558.6886852,496.4133288,515.4196342,539.225821,524.6897715,531.4139686,546.1618123,589.5306596,539.6717725,650.7331812,576.9927076,552.8098494,503.0601031,533.013168,569.4662549,543.6710941,590.9637417,534.3455286,534.7142494,548.1660315,517.7441559,514.4785801,492.1960818,537.4726591,532.9902545,548.0206551,562.2610903,515.6554359,511.2961071,566.422372,553.3279467,531.2773408,542.8379729,534.0233149,550.0629681,552.8344986,490.2304892,543.7426235,542.1258986,574.2401603,517.6360764,556.7568953,640.8776647,534.7373114,540.3774103,550.6982012,520.8325688,537.2397652,549.2588181,523.9801919,532.4866561,549.6727833,520.0024872,536.6119585,531.8927199,508.569642,515.9773316,535.5226029,599.1890248,525.0675179,508.2360853,494.3745485,491.3573218,542.4342346,518.9794601,543.1233267,532.1438388,516.2566331,543.9573247,509.6567313,520.7013272,552.4649898,531.9840085,519.5884377,510.8537001,516.3641373,527.0092366,517.2905249,527.5923107,548.7483093,486.4605211,531.0270388,549.088543,502.5910779,514.8203837,494.2760047,529.3492999,535.6382815,544.7938879,542.3156024,497.409103,556.2074066,546.715729,528.8525551,543.4089806,517.161062,542.1496043,524.6453665,541.4866271,501.3716406,594.4488326,543.1709148,599.1890248,550.3804014,548.7968883,491.2989103,521.2266911,533.0819203,558.5125141,531.3911924,512.7763473,528.6045321,541.9837079,542.3156024,512.6067433,534.3685588,538.827436,597.456597,553.3526422,565.0799554,526.1816959,574.2401603,526.2710345,511.4015551,574.0540467,579.8531148,573.4168579,562.3120913,609.49854,521.1828703,503.8164615,529.8922686,518.393582,530.617962,531.4139686,529.0556561,576.0008967,561.9298088,513.4558869,530.3455942,591.5276384,561.166801,501.4527523,556.2323599,533.1277649,533.7244641,530.617962,543.4327987,537.3096122,634.5148056,590.9355751,537.8923775,548.0933337,565.337618,579.6633457,487.1103328,572.913419,545.6810572,560.4311938,496.2742385,532.0981632,521.7531162,534.4376612,552.6373658,552.8344986,544.8417693,543.0995357,567.7451828,571.6982202,562.0571785,553.3526422,604.712447,547.1983097,496.0756732,556.5819403,551.0408578,501.3108241,560.8621777,577.1807319,482.5789857,547.7059372,530.6633839,515.5267901,558.2610339,543.7187783,577.2613512,573.4964291,567.095975,532.2580622,515.2268659,551.5311077,557.7838448,576.9927076,551.7029013,634.5148056,539.6013101,576.0811867,562.3120913,567.095975,516.5147184,524.1352484,544.0289294,532.8070177,544.3633343,589.5867279,547.7059372,548.0448792,654.9268027,584.39005,564.1799828,572.6223583,635.1974641,594.9908485,563.231695,571.1188586,579.6633457,585.7705424,630.5777287,568.2135335,573.4964291,585.4939224,532.6467887,586.9352065,726.0728099,625.6771953,568.2656202,565.9828039,726.0728099,568.2656202,522.4346579,537.5891819,520.1770212,584.39005,572.5694699,567.4853214,573.7352754,488.1267441,585.7705424,600.9606564,687.6168433,788.5530307,696.2665975
run15,579.6633457,532.0981632,521.7531162,565.337618,518.393582,501.3108241,508.2360853,537.5891819,544.8417693,556.5819403,543.0995357,557.7838448,520.0024872,536.6119585,531.8927199,531.9840085,519.5884377,552.4649898,534.7373114,508.569642,521.1828703,515.9773316,529.8922686,535.5226029,516.3641373,540.3774103,527.0092366,545.6810572,516.2566331,532.1438388,523.9801919,532.4866561,496.0756732,514.8203837,549.6727833,526.248697,534.8757248,537.2397652,520.8325688,549.2588181,531.0270388,528.8525551,546.715729,517.161062,524.6453665,542.1496043,515.2268659,537.8923775,542.3156024,486.4605211,560.4311938,543.9573247,543.4089806,491.2989103,535.6382815,533.0819203,527.5923107,521.2266911,531.3911924,542.3156024,518.9794601,543.4327987,512.7763473,542.4342346,599.1890248,528.6045321,548.7483093,510.8537001,543.6710941,541.9837079,517.2905249,599.1890248,496.2742385,561.166801,539.4839136,494.2760047,529.3492999,525.0675179,520.7013272,539.6013101,514.4785801,517.7441559,537.4726591,562.2610903,513.2433374,549.0399124,550.6982012,509.572944,537.0768595,552.2189249,542.8379729,558.6886852,544.7938879,497.409103,556.2074066,541.4866271,549.088543,474.4535168,569.4662549,534.0233149,534.3455286,539.6717725,550.0629681,548.7968883,548.1660315,573.4168579,533.7244641,509.6567313,551.0408578,502.5910779,491.3573218,492.1960818,533.4718515,576.0811867,562.3120913,567.9532433,533.1277649,556.2323599,530.617962,567.095975,532.9902545,507.3418161,533.013168,503.0601031,552.8098494,515.4196342,524.6897715,539.225821,546.1618123,548.0206551,517.6360764,585.4939224,558.5125141,547.7059372,542.1258986,496.4133288,609.49854,543.7426235,537.3096122,590.9355751,594.4488326,597.456597,566.422372,530.617962,501.3716406,526.1816959,564.1799828,526.2710345,574.2401603,561.9298088,550.3804014,482.5789857,531.4139686,529.0556561,576.0008967,552.8344986,490.2304892,574.2401603,515.5267901,558.2610339,543.7187783,511.4015551,574.0540467,579.8531148,552.6373658,515.6554359,511.2961071,531.2773408,553.3279467,534.7142494,512.5219834,543.1233267,634.5148056,556.7568953,503.8164615,501.4527523,577.2613512,548.0933337,567.7451828,530.3455942,513.4558869,591.5276384,553.3526422,531.4139686,552.8344986,572.1467144,571.6982202,547.1983097,547.7059372,543.1709148,562.0571785,530.6633839,487.1103328,516.5147184,544.0289294,524.1352484,532.8070177,560.8621777,567.095975,604.712447,562.3120913,532.2580622,551.5311077,576.9927076,551.7029013,584.39005,640.8776647,573.4964291,512.6067433,634.5148056,572.913419,577.1807319,585.7705424,544.3633343,654.9268027,565.0799554,635.1974641,572.6223583,563.231695,589.5867279,579.6633457,548.0448792,522.4346579,534.3685588,520.1770212,553.3526422,538.827436,571.1188586,590.9637417,594.9908485,573.4964291,532.6467887,586.9352065,726.0728099,565.9828039,568.2135335,568.2656202,625.6771953,726.0728099,589.5306596,568.2656202,573.7352754,584.39005,488.1267441,650.7331812,572.5694699,567.4853214,585.7705424,687.6168433,788.5530307,696.2665975
run16,539.6013101,591.5276384,576.9927076,550.3804014,543.1709148,634.5148056,534.0233149,535.6382815,590.9355751,548.1660315,515.4196342,524.6897715,539.225821,576.9927076,546.1618123,558.6886852,534.7142494,567.9532433,537.0768595,543.6710941,567.095975,474.4535168,569.4662549,549.0399124,526.248697,534.8757248,520.8325688,537.2397652,534.7373114,509.6567313,516.2566331,532.1438388,539.4839136,501.3108241,519.5884377,518.393582,494.3745485,549.2588181,531.9840085,552.4649898,514.4785801,518.9794601,542.4342346,491.3573218,492.1960818,537.4726591,543.4327987,687.6168433,487.1103328,531.0270388,486.4605211,507.3418161,533.013168,552.8098494,599.1890248,532.9902545,496.0756732,514.8203837,548.0206551,503.0601031,525.0675179,517.7441559,527.5923107,543.9573247,520.7013272,508.2360853,509.572944,552.2189249,533.4718515,496.4133288,512.5219834,609.49854,517.161062,542.1496043,524.6453665,543.4089806,541.4866271,528.8525551,546.715729,496.2742385,540.3774103,550.6982012,542.3156024,544.7938879,497.409103,594.4488326,517.2905249,512.7763473,562.2610903,542.3156024,517.6360764,548.7968883,543.0995357,597.456597,491.2989103,521.2266911,533.0819203,537.3096122,502.5910779,573.4168579,515.6554359,553.3279467,530.617962,549.6727833,532.4866561,523.9801919,510.8537001,531.2773408,511.2961071,531.4139686,552.8344986,574.2401603,548.7483093,516.3641373,558.5125141,527.0092366,585.4939224,536.6119585,520.0024872,531.8927199,528.6045321,531.3911924,562.3120913,539.6717725,541.9837079,529.3492999,513.2433374,494.2760047,576.0811867,550.0629681,515.2268659,537.8923775,542.1258986,543.7426235,490.2304892,543.1233267,547.7059372,560.4311938,501.4527523,572.1467144,533.1277649,544.8417693,556.2323599,566.422372,556.2074066,572.6223583,547.1983097,599.1890248,508.569642,515.9773316,535.5226029,521.1828703,529.8922686,512.6067433,545.6810572,515.5267901,558.2610339,543.7187783,573.4964291,574.0540467,533.7244641,534.3455286,553.3526422,590.9637417,561.9298088,562.3120913,579.8531148,501.3716406,579.6633457,571.6982202,530.617962,547.7059372,530.6633839,503.8164615,513.4558869,530.3455942,565.337618,572.913419,482.5789857,557.7838448,562.0571785,532.2580622,551.5311077,551.7029013,577.1807319,556.5819403,567.7451828,551.0408578,634.5148056,526.2710345,529.0556561,576.0008967,516.5147184,544.0289294,531.4139686,552.8344986,524.1352484,532.8070177,560.8621777,526.1816959,574.2401603,567.095975,532.0981632,521.7531162,534.4376612,552.6373658,548.0933337,604.712447,630.5777287,565.0799554,577.2613512,548.0448792,585.7705424,584.39005,654.9268027,564.1799828,534.3685588,520.1770212,553.3526422,538.827436,600.9606564,563.231695,635.1974641,573.7352754,549.088543,589.5867279,571.1188586,568.2135335,640.8776647,544.3633343,726.0728099,568.2656202,568.2656202,511.4015551,522.4346579,589.5306596,594.9908485,625.6771953,537.5891819,567.4853214,572.5694699,584.39005,726.0728099,488.1267441,650.7331812,573.4964291,585.7705424,565.9828039,788.5530307,579.6633457,696.2665975
run17,537.5891819,494.3745485,531.8927199,550.6982012,542.1496043,524.6453665,543.4089806,517.161062,546.715729,528.8525551,549.2588181,520.8325688,537.2397652,534.7373114,526.248697,534.8757248,539.4839136,540.3774103,532.1438388,516.2566331,509.6567313,536.6119585,520.0024872,496.0756732,514.8203837,502.5910779,532.4866561,549.6727833,523.9801919,501.3716406,531.0270388,486.4605211,524.6897715,539.225821,546.1618123,507.3418161,533.013168,552.8098494,514.4785801,537.4726591,548.0206551,562.2610903,492.1960818,496.4133288,512.5219834,576.9927076,609.49854,640.8776647,534.7142494,532.9902545,515.6554359,553.3279467,521.1828703,508.569642,515.9773316,535.5226029,529.8922686,530.617962,537.0768595,533.4718515,545.6810572,518.9794601,491.3573218,542.4342346,543.4327987,599.1890248,491.2989103,533.0819203,521.2266911,512.7763473,531.3911924,542.3156024,543.6710941,535.6382815,530.3455942,551.7029013,590.9355751,542.3156024,599.1890248,528.6045321,562.3120913,531.2773408,531.9840085,519.5884377,552.4649898,510.8537001,547.7059372,541.9837079,533.7244641,569.4662549,542.1258986,543.7426235,543.0995357,563.231695,556.2323599,558.5125141,561.166801,590.9637417,537.8923775,557.7838448,516.3641373,527.0092366,560.4311938,567.095975,518.393582,544.8417693,515.5267901,558.2610339,573.4168579,515.4196342,542.8379729,549.0399124,567.9532433,503.0601031,527.5923107,517.7441559,525.0675179,543.9573247,541.4866271,594.4488326,550.0629681,494.2760047,529.3492999,509.572944,513.2433374,534.3455286,558.6886852,474.4535168,534.0233149,517.2905249,549.088543,539.6717725,548.1660315,513.4558869,591.5276384,597.456597,552.2189249,511.2961071,531.4139686,552.8344986,566.422372,497.409103,544.7938879,550.3804014,556.2074066,537.3096122,553.3526422,565.9828039,490.2304892,574.2401603,517.6360764,533.1277649,539.6013101,579.6633457,543.7187783,556.5819403,565.337618,574.0540467,571.6982202,501.3108241,482.5789857,562.0571785,567.7451828,551.0408578,496.2742385,547.1983097,520.7013272,576.0811867,508.2360853,548.7483093,487.1103328,562.3120913,526.2710345,531.4139686,529.0556561,576.0008967,552.8344986,526.1816959,574.2401603,561.9298088,560.8621777,573.4964291,548.0933337,532.0981632,521.7531162,534.4376612,552.6373658,543.1709148,634.5148056,572.6223583,576.9927076,634.5148056,501.4527523,548.7968883,530.617962,503.8164615,547.7059372,530.6633839,515.2268659,532.2580622,551.5311077,516.5147184,524.1352484,544.0289294,532.8070177,567.095975,604.712447,565.0799554,625.6771953,654.9268027,585.7705424,635.1974641,577.2613512,534.3685588,520.1770212,538.827436,579.6633457,553.3526422,548.0448792,564.1799828,594.9908485,585.4939224,556.7568953,630.5777287,571.1188586,589.5867279,544.3633343,568.2135335,573.7352754,543.1233267,726.0728099,568.2656202,532.6467887,586.9352065,726.0728099,568.2656202,589.5306596,584.39005,511.4015551,522.4346579,488.1267441,650.7331812,572.5694699,567.4853214,584.39005,573.4964291,585.7705424,600.9606564,687.6168433,788.5530307,696.2665975
run18,544.8417693,533.013168,552.8098494,507.3418161,552.8344986,565.337618,526.2710345,576.0008967,533.1277649,550.0629681,515.4196342,539.225821,524.6897715,576.9927076,558.5125141,548.1660315,542.8379729,549.0399124,548.0206551,574.2401603,546.1618123,532.9902545,514.4785801,517.7441559,537.4726591,490.2304892,542.1258986,517.6360764,562.2610903,558.6886852,543.7426235,492.1960818,640.8776647,567.9532433,525.0675179,543.1233267,599.1890248,508.2360853,537.5891819,494.2760047,520.7013272,529.3492999,513.2433374,509.572944,566.422372,537.0768595,543.9573247,548.7968883,526.1816959,544.7938879,542.3156024,497.409103,556.2074066,549.088543,501.3108241,518.393582,494.3745485,531.9840085,552.4649898,519.5884377,531.8927199,536.6119585,520.0024872,534.7373114,540.3774103,509.6567313,516.2566331,532.1438388,526.248697,520.8325688,537.2397652,534.8757248,528.8525551,546.715729,549.2588181,550.6982012,561.9298088,523.9801919,532.4866561,487.1103328,549.6727833,531.0270388,486.4605211,510.8537001,521.1828703,529.8922686,516.3641373,515.9773316,508.569642,535.5226029,527.0092366,517.161062,542.1496043,524.6453665,543.4089806,541.4866271,545.6810572,496.2742385,543.0995357,573.4168579,491.2989103,521.2266911,533.0819203,531.3911924,543.6710941,474.4535168,569.4662549,535.6382815,534.0233149,539.4839136,534.3455286,533.7244641,542.3156024,550.3804014,599.1890248,542.4342346,518.9794601,491.3573218,527.5923107,541.9837079,533.4718515,537.3096122,552.2189249,512.7763473,543.4327987,594.4488326,597.456597,528.6045321,556.2323599,562.3120913,517.2905249,514.8203837,502.5910779,561.166801,551.0408578,515.6554359,511.2961071,531.2773408,553.3279467,531.4139686,534.7142494,552.8344986,556.7568953,512.5219834,572.1467144,496.4133288,530.617962,609.49854,590.9355751,539.6717725,515.2268659,537.8923775,560.4311938,567.095975,574.2401603,634.5148056,576.0811867,511.4015551,604.712447,579.8531148,501.4527523,548.7483093,513.4558869,530.3455942,591.5276384,515.5267901,558.2610339,562.0571785,543.7187783,573.4964291,553.3526422,571.6982202,548.0933337,560.8621777,496.0756732,547.1983097,567.7451828,577.2613512,574.0540467,503.8164615,579.6633457,530.617962,547.7059372,530.6633839,501.3716406,532.2580622,551.5311077,543.1709148,532.0981632,521.7531162,534.4376612,552.6373658,557.7838448,562.3120913,576.9927076,551.7029013,634.5148056,547.7059372,482.5789857,585.7705424,539.6013101,654.9268027,567.095975,516.5147184,524.1352484,544.0289294,532.8070177,544.3633343,589.5867279,531.4139686,565.0799554,625.6771953,534.3685588,520.1770212,553.3526422,538.827436,579.6633457,594.9908485,635.1974641,572.6223583,512.6067433,590.9637417,548.0448792,564.1799828,563.231695,572.913419,630.5777287,571.1188586,585.4939224,573.4964291,568.2135335,726.0728099,568.2656202,532.6467887,586.9352065,726.0728099,568.2656202,584.39005,565.9828039,522.4346579,488.1267441,650.7331812,573.7352754,572.5694699,567.4853214,584.39005,585.7705424,600.9606564,687.6168433,788.5530307,696.2665975
run19,530.6633839,530.617962,521.1828703,520.0024872,510.8537001,519.5884377,501.3108241,518.393582,531.9840085,536.6119585,515.9773316,529.8922686,516.3641373,494.3745485,531.8927199,535.5226029,552.4649898,527.0092366,545.6810572,534.7373114,512.6067433,539.6013101,515.2268659,537.8923775,540.3774103,523.9801919,532.4866561,549.6727833,502.5910779,526.248697,534.8757248,537.2397652,520.8325688,549.2588181,532.1438388,516.2566331,531.0270388,514.8203837,486.4605211,528.8525551,546.715729,517.161062,542.1496043,524.6453665,543.4089806,539.4839136,565.0799554,558.2610339,515.5267901,572.6223583,560.4311938,573.4168579,496.2742385,512.7763473,542.3156024,491.2989103,533.0819203,521.2266911,528.6045321,531.3911924,543.4327987,518.9794601,542.4342346,599.1890248,562.3120913,517.2905249,514.4785801,532.9902545,562.2610903,537.4726591,507.3418161,533.013168,548.0206551,546.1618123,542.8379729,524.6897715,515.4196342,539.225821,549.0399124,552.8098494,543.6710941,503.0601031,548.1660315,525.0675179,517.7441559,558.6886852,515.6554359,511.2961071,531.2773408,567.9532433,517.6360764,549.088543,542.1258986,574.2401603,550.0629681,576.9927076,585.4939224,561.166801,542.3156024,535.6382815,534.0233149,474.4535168,569.4662549,574.0540467,550.6982012,543.0995357,597.456597,490.2304892,543.1233267,543.7426235,492.1960818,491.3573218,553.3279467,534.7142494,543.9573247,509.6567313,520.7013272,548.7968883,572.913419,512.5219834,496.4133288,541.4866271,558.5125141,544.7938879,531.4139686,552.8344986,572.1467144,508.2360853,494.2760047,513.2433374,529.3492999,497.409103,509.572944,537.0768595,533.4718515,552.2189249,530.617962,527.5923107,548.7483093,556.2074066,541.9837079,501.4527523,534.3455286,533.7244641,537.3096122,590.9355751,566.422372,544.8417693,533.1277649,529.0556561,576.0008967,561.9298088,594.4488326,609.49854,576.0811867,516.5147184,552.8344986,524.1352484,544.0289294,532.8070177,560.8621777,543.7187783,573.4964291,726.0728099,556.5819403,562.3120913,526.1816959,574.2401603,577.1807319,565.337618,556.2323599,487.1103328,501.3716406,503.8164615,530.3455942,513.4558869,591.5276384,547.1983097,550.3804014,548.0933337,567.7451828,567.095975,599.1890248,562.0571785,553.3526422,496.0756732,547.7059372,532.2580622,551.5311077,577.2613512,539.6717725,571.6982202,567.095975,521.7531162,532.0981632,534.4376612,552.6373658,557.7838448,576.9927076,551.0408578,604.712447,482.5789857,640.8776647,547.7059372,579.8531148,548.0448792,635.1974641,531.4139686,654.9268027,625.6771953,556.7568953,564.1799828,551.7029013,563.231695,553.3526422,534.3685588,538.827436,600.9606564,568.2656202,579.6633457,573.4964291,589.5867279,630.5777287,565.9828039,571.1188586,568.2135335,584.39005,544.3633343,543.1709148,586.9352065,522.4346579,511.4015551,532.6467887,726.0728099,568.2656202,537.5891819,590.9637417,594.9908485,585.7705424,589.5306596,520.1770212,584.39005,572.5694699,634.5148056,567.4853214,488.1267441,573.7352754,687.6168433,788.5530307,579.6633457,696.2665975
run20,529.0556561,521.2266911,491.2989103,535.6382815,590.9355751,527.5923107,539.225821,576.9927076,558.5125141,543.6710941,569.4662549,492.1960818,496.4133288,788.5530307,515.4196342,534.0233149,474.4535168,548.1660315,512.5219834,533.4718515,609.49854,537.4726591,542.4342346,517.7441559,525.0675179,514.4785801,518.9794601,567.9532433,509.572944,537.0768595,552.2189249,534.7142494,558.6886852,513.2433374,546.1618123,599.1890248,508.2360853,520.7013272,494.2760047,539.6013101,537.3096122,542.8379729,549.0399124,543.9573247,548.7483093,544.7938879,542.3156024,556.2074066,497.409103,594.4488326,541.4866271,534.3455286,548.7968883,517.2905249,512.7763473,542.3156024,533.7244641,531.3911924,529.3492999,541.9837079,528.6045321,562.3120913,576.0811867,536.6119585,531.8927199,520.0024872,518.393582,531.9840085,552.4649898,519.5884377,494.3745485,534.7373114,540.3774103,550.6982012,509.6567313,516.2566331,532.1438388,526.248697,534.8757248,520.8325688,537.2397652,546.715729,528.8525551,517.161062,542.1496043,524.6453665,543.4089806,549.2588181,539.4839136,523.9801919,532.4866561,549.6727833,521.1828703,510.8537001,529.8922686,516.3641373,527.0092366,545.6810572,496.0756732,502.5910779,514.8203837,550.0629681,496.2742385,486.4605211,531.0270388,507.3418161,503.0601031,533.013168,552.8098494,532.9902545,515.6554359,511.2961071,531.2773408,553.3279467,530.617962,572.913419,562.2610903,508.569642,515.9773316,535.5226029,512.6067433,547.7059372,542.1258986,543.7426235,547.1983097,550.3804014,599.1890248,537.8923775,490.2304892,517.6360764,566.422372,501.4527523,576.0008967,526.2710345,526.1816959,564.1799828,561.9298088,560.4311938,573.4168579,511.4015551,604.712447,543.0995357,557.7838448,597.456597,544.8417693,579.8531148,561.166801,565.337618,556.2323599,562.0571785,531.4139686,552.8344986,572.1467144,553.3526422,533.1277649,585.4939224,515.5267901,558.2610339,543.7187783,577.2613512,574.0540467,487.1103328,573.4964291,548.0206551,574.2401603,501.3108241,539.6717725,567.095975,549.088543,556.5819403,482.5789857,543.4327987,634.5148056,562.3120913,577.1807319,530.3455942,513.4558869,551.7029013,591.5276384,548.0933337,567.7451828,532.0981632,521.7531162,534.4376612,552.6373658,574.2401603,530.617962,503.8164615,547.7059372,530.6633839,515.2268659,501.3716406,532.2580622,551.5311077,543.1709148,560.8621777,576.9927076,634.5148056,565.0799554,534.3685588,520.1770212,579.6633457,538.827436,553.3526422,567.095975,516.5147184,524.1352484,544.0289294,532.8070177,531.4139686,544.3633343,589.5867279,585.7705424,572.6223583,556.7568953,584.39005,548.0448792,594.9908485,563.231695,571.1188586,543.1233267,635.1974641,579.6633457,568.2135335,573.7352754,726.0728099,625.6771953,586.9352065,522.4346579,537.5891819,568.2656202,532.6467887,726.0728099,584.39005,589.5306596,568.2656202,565.9828039,640.8776647,572.5694699,567.4853214,573.4964291,585.7705424,600.9606564,630.5777287,571.6982202,654.9268027,590.9637417,488.1267441,650.7331812,687.6168433,696.2665975
run21,600.9606564,546.715729,540.3774103,534.7373114,528.8525551,550.6982012,497.409103,556.2074066,544.7938879,542.3156024,509.572944,552.2189249,537.0768595,567.9532433,539.6717725,534.3455286,533.7244641,553.3526422,567.095975,549.0399124,558.6886852,526.248697,534.8757248,520.8325688,537.2397652,542.8379729,520.0024872,536.6119585,508.569642,521.1828703,515.9773316,529.8922686,535.5226029,531.8927199,523.9801919,532.4866561,496.0756732,502.5910779,549.6727833,514.8203837,549.2588181,515.2268659,537.8923775,530.617962,509.6567313,516.2566331,532.1438388,501.3108241,518.393582,517.161062,524.6453665,542.1496043,494.3745485,531.3911924,512.7763473,514.4785801,562.2610903,532.9902545,518.9794601,543.4327987,599.1890248,537.4726591,491.2989103,542.3156024,528.6045321,541.9837079,521.2266911,533.0819203,529.3492999,542.4342346,543.6710941,507.3418161,533.013168,524.6897715,515.4196342,539.225821,474.4535168,569.4662549,548.1660315,503.0601031,552.8098494,517.7441559,525.0675179,534.0233149,517.6360764,549.088543,539.4839136,531.0270388,519.5884377,531.9840085,494.2760047,541.4866271,550.0629681,492.1960818,491.3573218,576.9927076,562.3120913,517.2905249,533.4718515,585.4939224,486.4605211,552.4649898,496.2742385,535.6382815,548.0206551,546.1618123,543.0995357,544.8417693,561.166801,573.4168579,510.8537001,543.9573247,576.0811867,550.3804014,490.2304892,542.1258986,543.7426235,566.422372,527.5923107,539.6013101,496.4133288,609.49854,512.5219834,515.6554359,534.7142494,531.4139686,552.8344986,558.5125141,545.6810572,537.3096122,594.4488326,501.4527523,553.3279467,548.7483093,599.1890248,574.2401603,533.1277649,557.7838448,640.8776647,531.2773408,516.3641373,551.0408578,556.2323599,511.2961071,501.3716406,520.7013272,512.6067433,530.617962,527.0092366,560.4311938,572.1467144,548.7968883,508.2360853,590.9355751,556.5819403,547.7059372,547.7059372,556.7568953,503.8164615,565.9828039,565.337618,562.0571785,572.6223583,487.1103328,571.6982202,522.4346579,532.2580622,530.6633839,551.5311077,563.231695,515.5267901,558.2610339,543.7187783,561.9298088,634.5148056,597.456597,562.3120913,630.5777287,567.7451828,577.2613512,573.4964291,482.5789857,547.1983097,635.1974641,574.0540467,530.3455942,513.4558869,543.1709148,551.7029013,585.7705424,634.5148056,577.1807319,526.2710345,529.0556561,576.0008967,516.5147184,544.0289294,531.4139686,552.8344986,524.1352484,532.8070177,560.8621777,567.095975,526.1816959,574.2401603,521.7531162,532.0981632,534.4376612,552.6373658,548.0933337,576.9927076,604.712447,584.39005,579.8531148,654.9268027,564.1799828,565.0799554,548.0448792,579.6633457,590.9637417,571.1188586,534.3685588,553.3526422,520.1770212,538.827436,594.9908485,573.4964291,543.1233267,537.5891819,544.3633343,589.5867279,511.4015551,532.6467887,586.9352065,726.0728099,568.2135335,568.2656202,625.6771953,726.0728099,589.5306596,568.2656202,573.7352754,584.39005,488.1267441,650.7331812,572.5694699,567.4853214,585.7705424,687.6168433,788.5530307,696.2665975
run22,579.8531148,576.0008967,532.0981632,521.7531162,552.8344986,531.8927199,552.6373658,565.337618,520.0024872,515.9773316,535.5226029,508.569642,529.8922686,545.6810572,521.1828703,550.6982012,516.3641373,527.0092366,531.9840085,552.4649898,519.5884377,518.393582,512.6067433,534.7373114,540.3774103,520.7013272,494.2760047,513.2433374,552.2189249,509.572944,533.4718515,537.0768595,547.7059372,530.617962,566.422372,556.7568953,567.9532433,558.6886852,517.7441559,537.4726591,546.1618123,514.4785801,492.1960818,496.4133288,512.5219834,534.7142494,548.0206551,532.9902545,510.8537001,515.6554359,531.2773408,553.3279467,542.1258986,543.7426235,552.8344986,542.4342346,525.0675179,518.9794601,599.1890248,501.4527523,572.1467144,501.3108241,590.9637417,508.2360853,524.6897715,576.9927076,543.9573247,509.6567313,516.2566331,532.1438388,486.4605211,507.3418161,533.013168,552.8098494,503.0601031,549.0399124,526.248697,534.8757248,539.4839136,549.6727833,532.4866561,523.9801919,531.0270388,520.8325688,537.2397652,549.2588181,542.8379729,502.5910779,514.8203837,515.4196342,539.225821,528.8525551,546.715729,543.4089806,517.161062,542.1496043,524.6453665,541.4866271,594.4488326,515.5267901,573.4168579,560.4311938,501.3716406,544.8417693,543.0995357,557.7838448,597.456597,494.3745485,548.7483093,561.166801,542.3156024,561.9298088,497.409103,544.7938879,556.2074066,609.49854,511.2961071,490.2304892,543.1233267,574.2401603,526.2710345,560.8621777,574.0540467,726.0728099,526.1816959,487.1103328,562.0571785,558.5125141,548.1660315,491.2989103,533.0819203,521.2266911,527.5923107,549.088543,535.6382815,534.0233149,551.0408578,590.9355751,543.6710941,474.4535168,569.4662549,537.3096122,550.3804014,543.1709148,599.1890248,513.4558869,530.3455942,591.5276384,503.8164615,517.6360764,562.2610903,640.8776647,531.3911924,529.3492999,512.7763473,541.9837079,528.6045321,517.2905249,556.2323599,542.3156024,548.7968883,548.0933337,543.4327987,539.6717725,567.095975,574.2401603,537.8923775,567.7451828,550.0629681,562.3120913,573.4964291,496.2742385,572.913419,571.6982202,547.1983097,533.1277649,533.7244641,534.3455286,553.3526422,577.1807319,556.5819403,496.0756732,551.7029013,634.5148056,579.6633457,543.7187783,562.3120913,530.617962,482.5789857,572.6223583,576.0811867,539.6013101,576.9927076,531.4139686,565.9828039,547.7059372,530.6633839,515.2268659,532.2580622,551.5311077,635.1974641,654.9268027,516.5147184,524.1352484,544.0289294,532.8070177,567.095975,604.712447,565.0799554,625.6771953,548.0448792,577.2613512,563.231695,630.5777287,564.1799828,520.1770212,534.3685588,538.827436,553.3526422,600.9606564,585.4939224,531.4139686,568.2656202,589.5867279,573.7352754,571.1188586,568.2135335,585.7705424,532.6467887,586.9352065,726.0728099,584.39005,544.3633343,589.5306596,568.2656202,511.4015551,594.9908485,522.4346579,537.5891819,488.1267441,650.7331812,634.5148056,584.39005,572.5694699,567.4853214,573.4964291,585.7705424,687.6168433,788.5530307,579.6633457,696.2665975
run23,520.1770212,553.3526422,538.827436,597.456597,565.0799554,494.3745485,600.9606564,501.3108241,501.4527523,519.5884377,531.9840085,552.4649898,536.6119585,520.0024872,531.8927199,515.9773316,508.569642,529.8922686,521.1828703,516.3641373,510.8537001,540.3774103,534.7373114,509.6567313,516.2566331,532.1438388,523.9801919,532.4866561,549.6727833,486.4605211,502.5910779,535.5226029,514.8203837,545.6810572,527.0092366,526.248697,534.8757248,520.8325688,537.2397652,549.2588181,546.715729,528.8525551,517.161062,524.6453665,542.1496043,543.4089806,539.4839136,491.2989103,533.0819203,521.2266911,527.5923107,543.9573247,531.3911924,541.9837079,542.3156024,528.6045321,512.7763473,556.2323599,517.2905249,562.2610903,543.4327987,599.1890248,548.7483093,496.2742385,529.3492999,550.6982012,564.1799828,543.6710941,560.4311938,533.7244641,576.0811867,542.3156024,515.5267901,558.2610339,573.4168579,474.4535168,549.0399124,569.4662549,534.3455286,542.8379729,534.0233149,599.1890248,548.1660315,531.0270388,562.3120913,550.0629681,561.166801,549.088543,553.3526422,515.2268659,556.2074066,539.6717725,539.6013101,537.8923775,565.9828039,515.4196342,524.6897715,539.225821,507.3418161,533.013168,514.4785801,532.9902545,537.4726591,548.0206551,515.6554359,531.2773408,530.617962,537.0768595,546.1618123,531.4139686,552.8344986,567.095975,576.9927076,509.572944,558.6886852,547.7059372,513.2433374,552.2189249,534.7142494,572.1467144,567.9532433,542.1258986,503.0601031,552.8098494,517.7441559,525.0675179,517.6360764,585.4939224,520.7013272,497.409103,544.7938879,541.4866271,511.2961071,543.1233267,574.2401603,558.5125141,553.3279467,490.2304892,566.422372,543.7426235,492.1960818,572.913419,544.8417693,542.4342346,491.3573218,518.9794601,634.5148056,533.4718515,512.5219834,496.4133288,640.8776647,609.49854,537.3096122,594.4488326,526.1816959,526.2710345,574.2401603,565.337618,494.2760047,511.4015551,574.0540467,579.8531148,550.3804014,496.0756732,529.0556561,576.0008967,561.9298088,508.2360853,535.6382815,543.0995357,512.6067433,552.8344986,487.1103328,562.0571785,530.617962,533.1277649,513.4558869,530.3455942,591.5276384,503.8164615,579.6633457,543.1709148,532.0981632,521.7531162,534.4376612,548.0933337,567.7451828,552.6373658,547.7059372,530.6633839,547.1983097,573.4964291,551.0408578,501.3716406,572.6223583,556.5819403,482.5789857,532.2580622,551.5311077,543.7187783,577.2613512,562.3120913,576.9927076,557.7838448,604.712447,634.5148056,654.9268027,548.7968883,585.7705424,577.1807319,560.8621777,488.1267441,635.1974641,687.6168433,563.231695,567.095975,516.5147184,524.1352484,544.0289294,532.8070177,544.3633343,589.5867279,556.7568953,548.0448792,584.39005,630.5777287,568.2656202,551.7029013,571.1188586,590.9637417,573.7352754,532.6467887,586.9352065,726.0728099,568.2135335,568.2656202,589.5306596,522.4346579,625.6771953,537.5891819,594.9908485,584.39005,567.4853214,572.5694699,726.0728099,573.4964291,650.7331812,585.7705424,788.5530307,579.6633457,696.2665975
run24,543.1709148,510.8537001,508.569642,482.5789857,520.0024872,519.5884377,501.3108241,534.7373114,518.393582,531.9840085,536.6119585,515.9773316,529.8922686,516.3641373,540.3774103,501.4527523,535.5226029,527.0092366,494.3745485,552.4649898,531.8927199,545.6810572,509.6567313,516.2566331,532.1438388,531.0270388,486.4605211,532.4866561,523.9801919,549.6727833,526.248697,534.8757248,496.0756732,514.8203837,520.8325688,537.2397652,549.2588181,539.4839136,502.5910779,528.8525551,546.715729,503.8164615,496.2742385,517.161062,524.6453665,542.1496043,543.4089806,550.6982012,537.8923775,543.0995357,557.7838448,562.0571785,544.8417693,561.166801,556.5819403,515.5267901,558.2610339,573.4168579,560.4311938,491.2989103,521.2266911,527.5923107,533.0819203,543.9573247,548.7483093,512.7763473,528.6045321,517.2905249,531.3911924,541.9837079,529.3492999,556.2323599,543.6710941,474.4535168,569.4662549,549.0399124,534.0233149,542.8379729,535.6382815,494.2760047,513.2433374,534.3455286,520.7013272,548.7968883,550.0629681,539.6013101,544.7938879,542.3156024,497.409103,556.2074066,550.3804014,541.4866271,509.572944,537.0768595,518.9794601,525.0675179,542.4342346,599.1890248,552.2189249,533.7244641,551.0408578,508.2360853,597.456597,561.9298088,553.3526422,562.3120913,539.6717725,530.617962,547.7059372,566.422372,537.3096122,533.1277649,543.7187783,562.3120913,572.913419,573.4964291,567.095975,512.6067433,517.7441559,514.4785801,537.4726591,567.9532433,532.9902545,562.2610903,515.4196342,524.6897715,539.225821,507.3418161,533.013168,503.0601031,548.1660315,552.8098494,517.6360764,542.1258986,585.4939224,515.6554359,531.2773408,511.2961071,531.4139686,534.7142494,552.8344986,558.5125141,572.1467144,490.2304892,558.6886852,543.1233267,549.088543,634.5148056,576.9927076,567.7451828,513.4558869,530.3455942,551.7029013,590.9355751,547.1983097,634.5148056,591.5276384,574.2401603,530.617962,487.1103328,546.1618123,565.337618,501.3716406,547.7059372,530.6633839,532.2580622,551.5311077,515.2268659,579.8531148,491.3573218,492.1960818,543.7426235,533.4718515,553.3279467,576.0811867,594.4488326,512.5219834,543.4327987,565.0799554,556.7568953,576.9927076,585.7705424,564.1799828,577.1807319,548.0206551,572.6223583,526.2710345,529.0556561,576.0008967,531.4139686,552.8344986,526.1816959,574.2401603,532.0981632,521.7531162,534.4376612,552.6373658,548.0933337,560.8621777,534.3685588,553.3526422,538.827436,579.6633457,511.4015551,574.0540467,577.2613512,516.5147184,524.1352484,544.0289294,532.8070177,567.095975,544.3633343,589.5867279,584.39005,548.0448792,594.9908485,635.1974641,571.1188586,563.231695,568.2135335,573.7352754,579.6633457,586.9352065,625.6771953,726.0728099,609.49854,537.5891819,522.4346579,568.2656202,584.39005,589.5306596,532.6467887,726.0728099,565.9828039,496.4133288,568.2656202,520.1770212,572.5694699,567.4853214,640.8776647,573.4964291,585.7705424,600.9606564,630.5777287,571.6982202,654.9268027,590.9637417,488.1267441,650.7331812,687.6168433,696.2665975
run25,512.7763473,562.3120913,517.2905249,529.3492999,541.9837079,542.3156024,562.2610903,556.2323599,543.4327987,549.088543,491.2989103,533.0819203,521.2266911,515.5267901,599.1890248,573.4168579,567.095975,509.6567313,516.2566331,532.1438388,501.3108241,518.393582,494.3745485,536.6119585,531.8927199,520.0024872,482.5789857,515.9773316,529.8922686,521.1828703,535.5226029,545.6810572,508.569642,539.6013101,531.9840085,519.5884377,552.4649898,516.3641373,527.0092366,531.0270388,486.4605211,534.7373114,540.3774103,549.6727833,532.4866561,523.9801919,502.5910779,514.8203837,549.2588181,520.8325688,537.2397652,526.248697,534.8757248,543.6710941,539.4839136,535.6382815,534.0233149,515.2268659,537.8923775,528.8525551,546.715729,517.161062,542.1496043,524.6453665,543.4089806,474.4535168,569.4662549,542.8379729,549.0399124,548.1660315,550.6982012,599.1890248,537.3096122,560.4311938,510.8537001,496.2742385,590.9355751,561.166801,534.3455286,533.7244641,539.6717725,543.9573247,550.0629681,531.4139686,552.8344986,567.095975,558.5125141,576.0811867,553.3526422,543.0995357,544.8417693,515.4196342,524.6897715,539.225821,507.3418161,533.013168,552.8098494,503.0601031,571.6982202,576.9927076,542.3156024,509.572944,513.2433374,537.0768595,558.6886852,544.7938879,497.409103,556.2074066,541.4866271,525.0675179,517.7441559,514.4785801,537.4726591,532.9902545,552.2189249,517.6360764,585.4939224,530.617962,520.7013272,574.0540467,548.0206551,492.1960818,543.7426235,542.1258986,546.1618123,533.4718515,491.3573218,542.4342346,518.9794601,496.4133288,609.49854,594.4488326,494.2760047,567.9532433,512.5219834,534.7142494,547.7059372,585.7705424,515.6554359,553.3279467,531.2773408,511.2961071,574.2401603,490.2304892,543.1233267,572.913419,527.5923107,597.456597,548.7483093,687.6168433,533.1277649,512.6067433,566.422372,550.3804014,508.2360853,556.5819403,572.1467144,562.3120913,561.9298088,572.6223583,513.4558869,530.3455942,591.5276384,563.231695,530.617962,547.7059372,530.6633839,501.3716406,503.8164615,567.7451828,551.0408578,547.1983097,557.7838448,487.1103328,501.4527523,526.2710345,526.1816959,574.2401603,565.337618,577.1807319,531.4139686,529.0556561,576.0008967,552.8344986,562.0571785,516.5147184,524.1352484,544.0289294,532.8070177,560.8621777,548.0933337,532.2580622,551.5311077,532.0981632,521.7531162,534.4376612,552.6373658,543.1709148,496.0756732,577.2613512,548.7968883,551.7029013,634.5148056,579.6633457,604.712447,576.9927076,634.5148056,573.4964291,630.5777287,579.8531148,548.0448792,556.7568953,654.9268027,565.0799554,584.39005,534.3685588,520.1770212,579.6633457,553.3526422,538.827436,635.1974641,564.1799828,590.9637417,544.3633343,589.5867279,571.1188586,568.2135335,640.8776647,568.2656202,532.6467887,586.9352065,726.0728099,511.4015551,625.6771953,568.2656202,589.5306596,522.4346579,537.5891819,594.9908485,567.4853214,572.5694699,726.0728099,488.1267441,584.39005,650.7331812,573.4964291,585.7705424,600.9606564,565.9828039,788.5530307,696.2665975
run26,552.2189249,509.572944,513.2433374,567.9532433,558.6886852,544.7938879,556.2074066,542.3156024,494.2760047,517.7441559,537.4726591,514.4785801,492.1960818,496.4133288,512.5219834,609.49854,594.4488326,534.7142494,541.4866271,590.9637417,491.3573218,542.4342346,525.0675179,518.9794601,726.0728099,546.1618123,508.2360853,520.7013272,531.8927199,536.6119585,520.0024872,550.6982012,534.7373114,501.3108241,518.393582,494.3745485,531.9840085,552.4649898,519.5884377,540.3774103,528.8525551,546.715729,517.161062,542.1496043,524.6453665,543.4089806,509.6567313,516.2566331,532.1438388,543.9573247,520.8325688,537.2397652,549.2588181,542.8379729,526.248697,534.8757248,549.0399124,539.4839136,576.9927076,532.0981632,521.7531162,534.4376612,565.337618,597.456597,526.1816959,564.1799828,561.9298088,526.2710345,529.0556561,576.0008967,560.8621777,577.1807319,511.4015551,573.4168579,574.2401603,524.6897715,515.4196342,539.225821,487.1103328,486.4605211,531.0270388,548.7483093,482.5789857,508.569642,515.9773316,539.6013101,521.1828703,510.8537001,529.8922686,516.3641373,532.4866561,523.9801919,496.0756732,514.8203837,549.6727833,496.2742385,507.3418161,503.0601031,533.013168,552.8098494,532.9902545,515.6554359,548.0206551,511.2961071,531.2773408,550.0629681,604.712447,562.2610903,512.7763473,517.2905249,542.3156024,531.3911924,491.2989103,521.2266911,533.0819203,527.5923107,529.3492999,541.9837079,528.6045321,548.7968883,517.6360764,543.6710941,474.4535168,569.4662549,534.3455286,531.4139686,552.8344986,548.1660315,558.5125141,534.0233149,535.6382815,585.4939224,550.3804014,599.1890248,515.2268659,537.8923775,562.3120913,553.3279467,502.5910779,561.166801,490.2304892,542.1258986,574.2401603,572.913419,551.0408578,533.7244641,535.5226029,537.3096122,590.9355751,512.6067433,545.6810572,543.7426235,530.617962,579.8531148,533.1277649,531.4139686,544.8417693,548.0933337,566.422372,553.3526422,556.2323599,552.8344986,572.1467144,527.0092366,543.0995357,557.7838448,562.0571785,556.5819403,567.7451828,501.4527523,576.0811867,513.4558869,530.3455942,591.5276384,547.1983097,543.4327987,549.088543,515.5267901,558.2610339,574.0540467,573.4964291,539.6717725,571.6982202,560.4311938,567.095975,530.617962,547.7059372,530.6633839,501.3716406,503.8164615,543.1709148,532.2580622,551.5311077,543.7187783,577.2613512,562.3120913,576.9927076,551.7029013,634.5148056,640.8776647,565.0799554,567.095975,516.5147184,524.1352484,544.0289294,532.8070177,544.3633343,589.5867279,547.7059372,534.3685588,520.1770212,600.9606564,553.3526422,538.827436,654.9268027,599.1890248,572.6223583,584.39005,635.1974641,556.7568953,548.0448792,563.231695,579.6633457,573.7352754,568.2656202,630.5777287,571.1188586,565.9828039,568.2135335,532.6467887,586.9352065,726.0728099,568.2656202,522.4346579,594.9908485,625.6771953,585.7705424,537.5891819,589.5306596,584.39005,488.1267441,572.5694699,567.4853214,543.1233267,634.5148056,573.4964291,585.7705424,687.6168433,788.5530307,579.6633457,696.2665975
run27,600.9606564,512.6067433,494.3745485,512.7763473,528.6045321,517.2905249,508.2360853,520.7013272,548.7968883,556.2323599,542.3156024,525.0675179,542.4342346,518.9794601,491.3573218,549.088543,543.4327987,543.1233267,599.1890248,537.5891819,687.6168433,517.7441559,514.4785801,537.4726591,492.1960818,562.2610903,532.9902545,490.2304892,542.1258986,543.7426235,517.6360764,496.4133288,512.5219834,590.9637417,558.6886852,546.1618123,534.7142494,609.49854,533.4718515,537.0768595,509.572944,513.2433374,552.2189249,566.422372,531.3911924,529.3492999,541.9837079,494.2760047,539.6013101,576.0811867,491.2989103,521.2266911,533.0819203,576.9927076,527.5923107,543.9573247,532.1438388,516.2566331,502.5910779,549.0399124,539.4839136,534.8757248,526.248697,549.2588181,520.8325688,537.2397652,540.3774103,550.6982012,534.7373114,552.4649898,531.9840085,531.8927199,536.6119585,519.5884377,542.8379729,532.4866561,549.6727833,523.9801919,521.1828703,531.0270388,486.4605211,529.8922686,516.3641373,507.3418161,503.0601031,533.013168,552.8098494,550.0629681,515.6554359,511.2961071,531.2773408,553.3279467,548.0206551,543.6710941,527.0092366,528.8525551,546.715729,517.161062,542.1496043,524.6453665,543.4089806,542.3156024,541.4866271,544.7938879,501.3716406,535.6382815,534.0233149,474.4535168,569.4662549,534.3455286,548.1660315,599.1890248,545.6810572,530.617962,574.2401603,533.1277649,520.0024872,515.4196342,524.6897715,510.8537001,497.409103,556.2074066,531.4139686,552.8344986,558.5125141,508.569642,515.9773316,535.5226029,537.8923775,530.617962,533.7244641,543.0995357,557.7838448,544.8417693,561.166801,573.4168579,509.6567313,585.4939224,496.2742385,556.7568953,537.3096122,539.225821,551.0408578,594.4488326,539.6717725,567.095975,548.7483093,560.4311938,590.9355751,572.1467144,518.393582,556.5819403,550.3804014,565.337618,553.3526422,562.0571785,503.8164615,572.6223583,515.2268659,547.7059372,547.7059372,496.0756732,515.5267901,558.2610339,563.231695,597.456597,543.7187783,532.2580622,530.6633839,551.5311077,561.9298088,530.3455942,513.4558869,551.7029013,591.5276384,547.1983097,567.7451828,487.1103328,501.4527523,543.1709148,579.8531148,571.6982202,574.0540467,562.3120913,573.4964291,630.5777287,634.5148056,572.913419,634.5148056,501.3108241,577.1807319,526.2710345,529.0556561,516.5147184,544.0289294,531.4139686,552.8344986,576.0008967,524.1352484,532.8070177,560.8621777,567.095975,526.1816959,574.2401603,521.7531162,532.0981632,534.4376612,552.6373658,548.0933337,576.9927076,511.4015551,604.712447,577.2613512,584.39005,544.3633343,585.7705424,548.0448792,564.1799828,654.9268027,565.0799554,589.5867279,635.1974641,522.4346579,534.3685588,553.3526422,520.1770212,538.827436,571.1188586,579.6633457,573.4964291,568.2135335,532.6467887,586.9352065,640.8776647,726.0728099,568.2656202,625.6771953,568.2656202,573.7352754,589.5306596,594.9908485,584.39005,585.7705424,567.4853214,572.5694699,488.1267441,726.0728099,650.7331812,565.9828039,788.5530307,696.2665975
run28,532.0981632,521.7531162,552.6373658,517.6360764,490.2304892,571.6982202,574.2401603,585.4939224,542.1258986,532.9902545,543.7426235,514.4785801,537.4726591,492.1960818,640.8776647,565.337618,518.9794601,599.1890248,525.0675179,542.4342346,508.2360853,520.7013272,494.2760047,537.5891819,491.3573218,543.1233267,558.6886852,549.088543,496.4133288,512.5219834,567.9532433,533.4718515,509.572944,552.2189249,513.2433374,537.0768595,609.49854,566.422372,726.0728099,543.9573247,549.0399124,544.7938879,542.3156024,556.2074066,534.7142494,520.0024872,536.6119585,531.8927199,501.3108241,518.393582,531.9840085,519.5884377,552.4649898,534.7373114,540.3774103,550.6982012,509.6567313,516.2566331,532.1438388,494.3745485,526.248697,534.8757248,539.4839136,520.8325688,549.2588181,542.8379729,537.2397652,487.1103328,486.4605211,531.0270388,510.8537001,521.1828703,508.569642,515.9773316,529.8922686,516.3641373,535.5226029,532.4866561,549.6727833,523.9801919,496.0756732,514.8203837,502.5910779,550.0629681,528.8525551,546.715729,517.161062,542.1496043,524.6453665,543.4089806,541.4866271,507.3418161,503.0601031,533.013168,552.8098494,515.4196342,576.9927076,524.6897715,496.2742385,515.6554359,511.2961071,531.2773408,542.3156024,491.2989103,521.2266911,527.5923107,531.3911924,529.3492999,543.6710941,474.4535168,569.4662549,534.0233149,535.6382815,512.7763473,548.0206551,533.0819203,537.3096122,533.7244641,534.3455286,548.7968883,599.1890248,530.617962,597.456597,541.9837079,573.4168579,497.409103,594.4488326,539.225821,531.4139686,552.8344986,562.2610903,558.5125141,556.7568953,546.1618123,553.3279467,528.6045321,561.166801,551.0408578,517.2905249,515.2268659,537.8923775,572.1467144,590.9355751,539.6717725,567.095975,533.1277649,527.0092366,544.8417693,553.3526422,550.3804014,543.4327987,526.1816959,561.9298088,526.2710345,574.2401603,511.4015551,579.8531148,604.712447,548.0933337,531.4139686,529.0556561,576.0008967,576.0811867,548.7483093,543.0995357,515.5267901,558.2610339,567.7451828,573.4964291,552.8344986,513.4558869,530.3455942,591.5276384,562.3120913,545.6810572,501.4527523,543.1709148,547.1983097,560.8621777,562.0571785,543.7187783,577.2613512,574.0540467,562.3120913,503.8164615,577.1807319,579.6633457,556.5819403,634.5148056,512.6067433,530.617962,547.7059372,530.6633839,501.3716406,547.7059372,576.9927076,532.2580622,551.5311077,557.7838448,654.9268027,565.0799554,482.5789857,539.6013101,534.3685588,520.1770212,553.3526422,538.827436,600.9606564,635.1974641,567.095975,516.5147184,524.1352484,544.0289294,532.8070177,544.3633343,589.5867279,572.6223583,548.0448792,584.39005,563.231695,630.5777287,564.1799828,568.2656202,572.913419,551.7029013,571.1188586,565.9828039,573.7352754,585.7705424,532.6467887,586.9352065,726.0728099,568.2135335,589.5306596,568.2656202,594.9908485,625.6771953,522.4346579,590.9637417,488.1267441,650.7331812,634.5148056,584.39005,572.5694699,567.4853214,573.4964291,585.7705424,687.6168433,788.5530307,579.6633457,696.2665975
run29,556.2074066,542.3156024,594.4488326,497.409103,528.8525551,546.715729,543.4089806,517.161062,542.1496043,524.6453665,541.4866271,496.2742385,501.3716406,515.2268659,532.2580622,530.6633839,547.7059372,551.5311077,503.8164615,537.8923775,530.617962,496.0756732,502.5910779,533.1277649,520.8325688,537.2397652,549.2588181,542.8379729,526.248697,534.8757248,539.4839136,532.4866561,523.9801919,549.6727833,521.1828703,529.8922686,534.7373114,520.0024872,536.6119585,515.9773316,508.569642,535.5226029,531.8927199,540.3774103,501.3108241,518.393582,531.9840085,516.3641373,519.5884377,552.4649898,501.4527523,516.2566331,532.1438388,494.3745485,543.9573247,531.0270388,486.4605211,550.6982012,539.6013101,509.6567313,527.0092366,545.6810572,510.8537001,560.4311938,515.5267901,558.2610339,573.4168579,561.166801,599.1890248,543.0995357,557.7838448,549.0399124,508.2360853,520.7013272,572.913419,514.8203837,563.231695,513.2433374,494.2760047,509.572944,525.0675179,517.7441559,567.9532433,537.0768595,514.4785801,537.4726591,492.1960818,491.3573218,542.4342346,518.9794601,533.4718515,552.2189249,532.9902545,512.7763473,531.3911924,542.3156024,491.2989103,521.2266911,533.0819203,527.5923107,529.3492999,517.2905249,541.9837079,528.6045321,576.0811867,562.3120913,562.2610903,543.6710941,474.4535168,569.4662549,534.3455286,534.0233149,535.6382815,537.3096122,599.1890248,590.9355751,533.7244641,556.2323599,597.456597,517.6360764,549.088543,550.0629681,515.4196342,524.6897715,576.9927076,558.6886852,507.3418161,503.0601031,533.013168,552.8098494,530.617962,544.8417693,542.1258986,543.7426235,548.7483093,539.6717725,640.8776647,515.6554359,511.2961071,531.2773408,553.3279467,548.0206551,534.7142494,512.5219834,496.4133288,546.1618123,574.2401603,490.2304892,531.4139686,552.8344986,566.422372,512.6067433,543.7187783,543.4327987,567.095975,574.0540467,561.9298088,562.3120913,539.225821,487.1103328,572.1467144,550.3804014,573.4964291,530.3455942,513.4558869,591.5276384,567.7451828,548.7968883,556.5819403,577.1807319,482.5789857,579.6633457,562.0571785,565.337618,548.1660315,579.8531148,547.1983097,543.1709148,543.1233267,634.5148056,526.2710345,529.0556561,576.0008967,516.5147184,544.0289294,531.4139686,552.8344986,560.8621777,526.1816959,574.2401603,524.1352484,532.8070177,567.095975,532.0981632,521.7531162,534.4376612,552.6373658,548.0933337,604.712447,576.9927076,558.5125141,551.7029013,625.6771953,553.3526422,556.7568953,565.0799554,564.1799828,547.7059372,577.2613512,634.5148056,534.3685588,520.1770212,538.827436,553.3526422,579.6633457,548.0448792,594.9908485,590.9637417,551.0408578,571.1188586,630.5777287,609.49854,573.4964291,544.3633343,589.5867279,568.2135335,532.6467887,586.9352065,726.0728099,726.0728099,511.4015551,585.4939224,568.2656202,584.39005,522.4346579,537.5891819,568.2656202,571.6982202,565.9828039,654.9268027,589.5306596,488.1267441,650.7331812,572.5694699,567.4853214,573.7352754,585.7705424,600.9606564,584.39005,687.6168433,788.5530307
run30,573.7352754,527.5923107,533.0819203,491.2989103,521.2266911,512.7763473,542.3156024,543.4327987,531.3911924,562.2610903,543.6710941,535.6382815,509.6567313,516.2566331,532.1438388,501.3108241,518.393582,494.3745485,508.2360853,517.2905249,528.6045321,543.9573247,520.0024872,536.6119585,531.8927199,494.2760047,529.3492999,541.9837079,548.7968883,539.6013101,519.5884377,531.9840085,552.4649898,520.7013272,525.0675179,549.088543,517.7441559,514.4785801,492.1960818,537.4726591,491.3573218,542.4342346,576.0811867,599.1890248,518.9794601,487.1103328,486.4605211,534.0233149,474.4535168,569.4662549,537.3096122,590.9355751,509.572944,533.4718515,537.0768595,539.6717725,534.3455286,513.2433374,567.9532433,534.7373114,550.6982012,526.248697,534.8757248,539.4839136,549.0399124,540.3774103,532.4866561,523.9801919,549.6727833,550.0629681,496.0756732,514.8203837,502.5910779,510.8537001,521.1828703,516.3641373,529.8922686,520.8325688,537.2397652,549.2588181,542.8379729,527.0092366,503.8164615,528.8525551,546.715729,517.161062,542.1496043,524.6453665,543.4089806,541.4866271,544.7938879,542.3156024,497.409103,556.2074066,501.3716406,533.7244641,550.3804014,545.6810572,599.1890248,507.3418161,503.0601031,533.013168,552.8098494,515.4196342,524.6897715,576.9927076,517.6360764,532.9902545,543.7426235,530.617962,585.4939224,552.2189249,530.617962,531.0270388,508.569642,515.9773316,535.5226029,512.6067433,547.7059372,542.1258986,574.2401603,567.095975,490.2304892,566.422372,533.1277649,561.166801,572.913419,594.4488326,539.225821,544.8417693,565.337618,537.8923775,531.4139686,552.8344986,558.5125141,553.3526422,556.2323599,687.6168433,558.6886852,543.0995357,597.456597,548.7483093,560.4311938,501.4527523,496.2742385,534.7142494,515.6554359,531.2773408,511.2961071,553.3279467,512.5219834,548.0206551,572.1467144,496.4133288,546.1618123,572.6223583,513.4558869,530.3455942,551.7029013,591.5276384,557.7838448,547.7059372,530.6633839,515.5267901,558.2610339,543.7187783,574.0540467,563.231695,561.9298088,547.1983097,551.0408578,567.7451828,562.0571785,562.3120913,571.6982202,577.2613512,579.6633457,556.5819403,482.5789857,573.4964291,532.2580622,515.2268659,551.5311077,526.2710345,529.0556561,576.0008967,516.5147184,524.1352484,544.0289294,532.8070177,560.8621777,531.4139686,552.8344986,526.1816959,574.2401603,577.1807319,567.095975,548.0933337,532.0981632,521.7531162,534.4376612,552.6373658,543.1709148,590.9637417,634.5148056,604.712447,576.9927076,630.5777287,565.0799554,579.8531148,548.0448792,543.1233267,634.5148056,556.7568953,584.39005,585.7705424,654.9268027,564.1799828,534.3685588,520.1770212,553.3526422,579.6633457,538.827436,635.1974641,544.3633343,589.5867279,571.1188586,568.2135335,640.8776647,568.2656202,532.6467887,586.9352065,726.0728099,511.4015551,625.6771953,568.2656202,589.5306596,522.4346579,537.5891819,594.9908485,567.4853214,572.5694699,584.39005,726.0728099,488.1267441,650.7331812,585.7705424,600.9606564,565.9828039,788.5530307,696.2665975
run31,568.2656202,544.8417693,534.8757248,520.8325688,537.2397652,549.2588181,539.4839136,528.8525551,546.715729,517.161062,542.1496043,524.6453665,543.4089806,534.7373114,540.3774103,520.0024872,536.6119585,531.8927199,521.1828703,529.8922686,515.9773316,532.4866561,523.9801919,549.6727833,502.5910779,531.9840085,519.5884377,516.3641373,518.393582,516.2566331,532.1438388,552.4649898,531.0270388,486.4605211,561.166801,535.5226029,527.0092366,545.6810572,512.6067433,515.5267901,558.2610339,573.4168579,543.0995357,560.4311938,509.6567313,543.6710941,491.2989103,535.6382815,551.0408578,533.0819203,531.3911924,541.9837079,528.6045321,556.2323599,542.3156024,512.7763473,562.2610903,543.4327987,599.1890248,521.2266911,508.569642,527.5923107,517.2905249,543.9573247,529.3492999,534.0233149,548.7483093,510.8537001,576.0811867,599.1890248,514.8203837,562.3120913,494.3745485,550.6982012,474.4535168,569.4662549,549.0399124,548.1660315,542.8379729,537.3096122,563.231695,549.088543,533.7244641,534.3455286,539.6717725,590.9355751,531.4139686,552.8344986,567.095975,553.3526422,558.5125141,562.0571785,550.0629681,543.7187783,513.2433374,509.572944,494.2760047,539.6013101,537.0768595,552.2189249,515.4196342,524.6897715,539.225821,558.6886852,525.0675179,517.7441559,514.4785801,537.4726591,520.7013272,544.7938879,497.409103,556.2074066,542.3156024,492.1960818,576.9927076,517.6360764,585.4939224,507.3418161,533.013168,532.9902545,552.8098494,503.0601031,530.617962,533.4718515,491.3573218,542.4342346,518.9794601,546.1618123,565.337618,496.4133288,609.49854,543.7426235,542.1258986,567.9532433,512.5219834,534.7142494,687.6168433,548.0206551,547.7059372,515.6554359,531.2773408,553.3279467,511.2961071,574.0540467,501.4527523,548.7968883,597.456597,550.3804014,541.4866271,594.4488326,490.2304892,574.2401603,566.422372,572.913419,572.6223583,572.1467144,487.1103328,508.2360853,503.8164615,515.2268659,537.8923775,561.9298088,562.3120913,530.3455942,513.4558869,551.7029013,591.5276384,567.7451828,573.4964291,547.1983097,557.7838448,501.3108241,496.0756732,571.6982202,526.2710345,526.1816959,574.2401603,577.1807319,529.0556561,576.0008967,516.5147184,524.1352484,544.0289294,532.8070177,560.8621777,531.4139686,552.8344986,567.095975,548.0933337,521.7531162,532.0981632,534.4376612,552.6373658,543.1709148,634.5148056,579.6633457,577.2613512,482.5789857,533.1277649,576.9927076,604.712447,565.0799554,548.0448792,585.7705424,579.8531148,654.9268027,625.6771953,543.1233267,634.5148056,534.3685588,520.1770212,538.827436,600.9606564,553.3526422,635.1974641,564.1799828,640.8776647,556.7568953,589.5867279,501.3716406,573.4964291,530.617962,547.7059372,571.1188586,568.2135335,532.6467887,586.9352065,630.5777287,532.2580622,530.6633839,726.0728099,568.2656202,584.39005,544.3633343,511.4015551,522.4346579,589.5306596,594.9908485,537.5891819,573.7352754,567.4853214,572.5694699,584.39005,726.0728099,488.1267441,650.7331812,585.7705424,565.9828039,788.5530307,579.6633457,696.2665975
run32,528.6045321,562.3120913,512.7763473,542.3156024,543.4327987,549.088543,562.2610903,491.2989103,533.0819203,521.2266911,599.1890248,556.2323599,531.3911924,541.9837079,529.3492999,494.2760047,509.572944,566.422372,513.2433374,534.3455286,539.6717725,567.9532433,539.6013101,536.6119585,520.0024872,501.3108241,518.393582,494.3745485,531.8927199,519.5884377,531.9840085,552.4649898,540.3774103,534.7373114,537.0768595,517.7441559,514.4785801,537.4726591,492.1960818,533.4718515,558.6886852,550.6982012,491.3573218,542.4342346,518.9794601,496.4133288,512.5219834,576.0811867,546.1618123,516.2566331,532.1438388,576.9927076,509.6567313,549.0399124,526.248697,534.8757248,487.1103328,523.9801919,532.4866561,549.6727833,531.0270388,486.4605211,496.0756732,514.8203837,549.2588181,520.8325688,537.2397652,542.8379729,510.8537001,521.1828703,529.8922686,516.3641373,507.3418161,533.013168,552.8098494,543.6710941,503.0601031,474.4535168,569.4662549,548.1660315,534.0233149,532.9902545,548.0206551,515.6554359,553.3279467,531.2773408,517.161062,542.1496043,524.6453665,543.4089806,546.715729,528.8525551,541.4866271,544.7938879,542.3156024,594.4488326,501.3716406,497.409103,556.2074066,599.1890248,511.2961071,517.6360764,585.4939224,515.4196342,524.6897715,539.225821,550.0629681,531.4139686,534.7142494,552.8344986,520.7013272,525.0675179,609.49854,527.0092366,543.9573247,539.4839136,530.617962,558.5125141,545.6810572,543.7426235,574.2401603,572.913419,567.095975,572.6223583,508.569642,515.9773316,535.5226029,512.6067433,542.1258986,573.4168579,527.5923107,535.6382815,533.1277649,687.6168433,533.7244641,551.0408578,537.8923775,537.3096122,502.5910779,590.9355751,597.456597,490.2304892,550.3804014,501.4527523,508.2360853,548.7483093,496.2742385,561.166801,553.3526422,572.1467144,513.4558869,530.3455942,551.7029013,591.5276384,544.8417693,556.5819403,567.7451828,565.337618,547.1983097,515.5267901,558.2610339,560.4311938,543.7187783,574.0540467,562.3120913,561.9298088,571.6982202,577.2613512,543.0995357,563.231695,557.7838448,562.0571785,530.617962,547.7059372,530.6633839,503.8164615,526.2710345,529.0556561,576.0008967,516.5147184,544.0289294,531.4139686,552.8344986,524.1352484,532.8070177,560.8621777,526.1816959,574.2401603,577.1807319,548.0933337,567.095975,521.7531162,532.0981632,534.4376612,552.6373658,543.1709148,590.9637417,482.5789857,532.2580622,515.2268659,551.5311077,548.7968883,634.5148056,576.9927076,604.712447,573.4964291,630.5777287,579.8531148,548.0448792,543.1233267,634.5148056,556.7568953,584.39005,654.9268027,565.0799554,585.7705424,534.3685588,520.1770212,600.9606564,553.3526422,538.827436,635.1974641,564.1799828,589.5867279,571.1188586,568.2135335,544.3633343,532.6467887,586.9352065,726.0728099,568.2656202,640.8776647,568.2656202,511.4015551,522.4346579,589.5306596,625.6771953,537.5891819,594.9908485,567.4853214,572.5694699,584.39005,726.0728099,488.1267441,650.7331812,573.4964291,585.7705424,565.9828039,788.5530307,579.6633457,696.2665975
run33,585.7705424,550.6982012,534.7373114,552.2189249,537.0768595,526.248697,534.8757248,539.4839136,523.9801919,532.4866561,520.8325688,537.2397652,549.2588181,496.0756732,514.8203837,528.8525551,546.715729,517.161062,542.1496043,524.6453665,543.4089806,520.0024872,536.6119585,531.8927199,546.1618123,534.7142494,514.4785801,537.4726591,562.2610903,507.3418161,533.013168,552.8098494,518.9794601,548.0206551,516.2566331,532.1438388,491.2989103,533.0819203,543.4327987,512.7763473,531.3911924,521.2266911,542.4342346,542.3156024,542.3156024,518.393582,531.0270388,486.4605211,528.6045321,543.6710941,535.6382815,496.2742385,530.3455942,491.3573218,562.3120913,492.1960818,496.4133288,512.5219834,609.49854,576.9927076,687.6168433,532.9902545,599.1890248,508.569642,515.9773316,535.5226029,521.1828703,529.8922686,515.6554359,553.3279467,531.2773408,530.617962,494.3745485,599.1890248,542.1258986,543.7426235,527.5923107,503.0601031,543.9573247,525.0675179,517.7441559,567.9532433,517.2905249,541.4866271,494.2760047,529.3492999,541.9837079,550.0629681,509.572944,513.2433374,549.0399124,542.8379729,594.4488326,511.2961071,490.2304892,574.2401603,517.6360764,539.6013101,474.4535168,569.4662549,534.0233149,534.3455286,539.6717725,509.6567313,515.4196342,524.6897715,558.6886852,548.1660315,585.4939224,513.4558869,591.5276384,531.4139686,552.8344986,558.5125141,533.7244641,567.095975,531.9840085,519.5884377,552.4649898,497.409103,544.7938879,550.3804014,556.2074066,501.4527523,545.6810572,539.225821,573.4964291,560.4311938,573.4168579,515.2268659,537.8923775,502.5910779,537.3096122,561.166801,548.7483093,551.0408578,590.9355751,510.8537001,533.1277649,526.1816959,574.2401603,526.2710345,565.337618,511.4015551,604.712447,579.8531148,538.827436,597.456597,534.3685588,553.3526422,531.4139686,529.0556561,576.0008967,561.9298088,520.7013272,508.2360853,552.8344986,516.3641373,556.2323599,512.6067433,527.0092366,515.5267901,558.2610339,543.7187783,574.0540467,577.2613512,487.1103328,544.8417693,543.0995357,572.1467144,576.0811867,547.1983097,553.3526422,562.0571785,548.7968883,547.7059372,566.422372,571.6982202,530.617962,547.7059372,530.6633839,503.8164615,548.0933337,532.0981632,521.7531162,534.4376612,552.6373658,567.7451828,579.6633457,556.5819403,543.1709148,501.3108241,501.3716406,532.2580622,551.5311077,560.8621777,562.3120913,482.5789857,577.1807319,551.7029013,634.5148056,576.9927076,565.0799554,557.7838448,567.095975,516.5147184,524.1352484,544.0289294,532.8070177,544.3633343,589.5867279,568.2656202,590.9637417,630.5777287,543.1233267,634.5148056,556.7568953,548.0448792,654.9268027,564.1799828,572.6223583,584.39005,635.1974641,563.231695,571.1188586,549.088543,568.2135335,573.4964291,532.6467887,586.9352065,726.0728099,625.6771953,568.2656202,640.8776647,522.4346579,537.5891819,589.5306596,594.9908485,520.1770212,567.4853214,572.5694699,573.7352754,584.39005,726.0728099,488.1267441,650.7331812,585.7705424,600.9606564,565.9828039,788.5530307,696.2665975
run34,538.827436,546.1618123,537.4726591,572.1467144,492.1960818,512.5219834,496.4133288,609.49854,533.4718515,562.2610903,640.8776647,537.0768595,567.9532433,517.7441559,518.9794601,491.3573218,542.4342346,525.0675179,543.4327987,599.1890248,509.572944,552.2189249,558.6886852,687.6168433,513.2433374,494.2760047,508.2360853,536.6119585,531.8927199,520.0024872,501.3108241,518.393582,494.3745485,534.7373114,540.3774103,550.6982012,519.5884377,531.9840085,552.4649898,520.7013272,509.6567313,516.2566331,532.1438388,543.9573247,526.248697,534.8757248,539.4839136,549.0399124,520.8325688,537.2397652,549.2588181,542.8379729,576.9927076,487.1103328,486.4605211,531.0270388,482.5789857,532.9902545,502.5910779,514.8203837,507.3418161,533.013168,552.8098494,503.0601031,548.0206551,530.617962,515.6554359,549.6727833,532.4866561,523.9801919,550.0629681,521.1828703,508.569642,515.9773316,535.5226029,529.8922686,553.3279467,517.161062,542.1496043,524.6453665,543.4089806,541.4866271,528.8525551,546.715729,594.4488326,515.2268659,501.3716406,511.2961071,531.2773408,490.2304892,542.1258986,574.2401603,543.7426235,566.422372,539.6013101,573.4964291,530.617962,560.4311938,573.4168579,512.7763473,531.3911924,491.2989103,521.2266911,527.5923107,542.3156024,517.2905249,543.6710941,533.0819203,529.3492999,474.4535168,569.4662549,534.0233149,535.6382815,534.3455286,533.7244641,537.3096122,530.3455942,513.4558869,591.5276384,599.1890248,541.9837079,528.6045321,515.4196342,524.6897715,548.1660315,539.225821,503.8164615,545.6810572,497.409103,544.7938879,542.3156024,550.3804014,556.2074066,551.0408578,590.9355751,533.1277649,537.8923775,539.6717725,531.4139686,552.8344986,558.5125141,567.095975,517.6360764,553.3526422,561.166801,556.2323599,572.6223583,548.7483093,496.2742385,547.7059372,510.8537001,516.3641373,547.7059372,530.6633839,526.1816959,511.4015551,604.712447,526.2710345,579.8531148,534.3685588,520.1770212,553.3526422,531.4139686,565.337618,574.2401603,529.0556561,576.0008967,561.9298088,548.0933337,579.6633457,515.5267901,558.2610339,516.5147184,567.095975,552.8344986,544.0289294,574.0540467,524.1352484,544.8417693,543.0995357,532.8070177,560.8621777,543.1709148,547.1983097,496.0756732,501.4527523,532.0981632,521.7531162,534.4376612,552.6373658,567.7451828,562.3120913,527.0092366,568.2656202,543.7187783,577.2613512,571.6982202,543.1233267,634.5148056,512.6067433,556.5819403,548.7968883,562.0571785,532.2580622,551.5311077,544.3633343,576.0811867,562.3120913,576.9927076,557.7838448,551.7029013,634.5148056,579.6633457,589.5867279,577.1807319,585.7705424,635.1974641,556.7568953,548.0448792,654.9268027,584.39005,564.1799828,563.231695,571.1188586,549.088543,590.9637417,585.4939224,630.5777287,573.4964291,568.2135335,532.6467887,586.9352065,726.0728099,625.6771953,568.2656202,522.4346579,589.5306596,537.5891819,594.9908485,573.7352754,567.4853214,572.5694699,584.39005,585.7705424,488.1267441,726.0728099,650.7331812,600.9606564,565.9828039,788.5530307,696.2665975
run35,524.1352484,516.5147184,532.8070177,532.1438388,509.6567313,543.9573247,486.4605211,548.7483093,531.0270388,567.095975,514.8203837,549.2588181,537.2397652,520.8325688,549.6727833,532.4866561,523.9801919,526.248697,534.8757248,539.4839136,521.1828703,529.8922686,515.9773316,535.5226029,545.6810572,536.6119585,520.0024872,534.7373114,518.393582,540.3774103,531.9840085,519.5884377,494.3745485,531.8927199,552.4649898,516.3641373,527.0092366,508.569642,522.4346579,546.715729,528.8525551,517.161062,542.1496043,524.6453665,543.4089806,568.2135335,547.1983097,599.1890248,510.8537001,550.6982012,558.2610339,515.2268659,512.6067433,551.7029013,543.0995357,557.7838448,530.617962,547.7059372,573.4168579,533.1277649,491.2989103,533.0819203,521.2266911,527.5923107,512.7763473,528.6045321,542.3156024,517.2905249,531.3911924,543.6710941,535.6382815,534.0233149,556.2323599,590.9355751,550.3804014,529.3492999,541.9837079,539.6013101,474.4535168,569.4662549,549.0399124,543.1709148,599.1890248,562.3120913,542.8379729,537.8923775,534.3455286,533.7244641,513.4558869,591.5276384,541.4866271,497.409103,544.7938879,556.2074066,542.3156024,502.5910779,496.2742385,561.166801,548.1660315,539.6717725,513.2433374,509.572944,537.0768595,552.2189249,530.617962,547.7059372,558.6886852,567.095975,597.456597,567.9532433,537.3096122,520.7013272,548.7968883,525.0675179,549.088543,494.2760047,550.0629681,517.7441559,514.4785801,537.4726591,542.4342346,518.9794601,507.3418161,533.013168,503.0601031,552.8098494,515.4196342,524.6897715,539.225821,532.9902545,548.0206551,515.6554359,511.2961071,531.2773408,574.2401603,566.422372,546.1618123,576.9927076,542.1258986,543.4327987,531.4139686,552.8344986,534.7142494,558.5125141,553.3526422,572.913419,553.3279467,560.4311938,544.8417693,562.2610903,565.9828039,572.1467144,530.3455942,572.6223583,515.5267901,543.7187783,574.0540467,573.4964291,501.4527523,533.4718515,491.3573218,492.1960818,512.5219834,496.4133288,594.4488326,609.49854,543.7426235,579.6633457,562.3120913,508.2360853,526.2710345,531.4139686,552.8344986,529.0556561,560.8621777,561.9298088,526.1816959,574.2401603,565.337618,487.1103328,590.9637417,490.2304892,517.6360764,530.6633839,571.6982202,548.0933337,567.7451828,503.8164615,551.0408578,577.1807319,562.0571785,532.0981632,521.7531162,534.4376612,552.6373658,501.3108241,556.5819403,576.0811867,586.9352065,496.0756732,501.3716406,532.2580622,551.5311077,726.0728099,634.5148056,577.2613512,482.5789857,604.712447,576.9927076,565.0799554,635.1974641,585.7705424,579.8531148,654.9268027,625.6771953,534.3685588,553.3526422,538.827436,548.0448792,556.7568953,564.1799828,571.1188586,594.9908485,585.4939224,579.6633457,563.231695,630.5777287,589.5867279,573.7352754,568.2656202,589.5306596,544.3633343,568.2656202,543.1233267,511.4015551,726.0728099,584.39005,537.5891819,488.1267441,650.7331812,520.1770212,572.5694699,567.4853214,634.5148056,584.39005,573.4964291,585.7705424,600.9606564,687.6168433,788.5530307,696.2665975
run36,528.6045321,512.7763473,517.2905249,542.3156024,531.3911924,541.9837079,529.3492999,534.3455286,562.2610903,543.4327987,549.088543,494.3745485,518.9794601,599.1890248,542.4342346,491.3573218,576.0811867,514.4785801,537.4726591,492.1960818,687.6168433,553.3526422,482.5789857,532.9902545,543.7426235,542.1258986,548.0206551,515.6554359,531.2773408,553.3279467,512.5219834,572.1467144,567.9532433,511.2961071,513.2433374,509.572944,552.2189249,533.4718515,537.0768595,530.617962,558.6886852,496.4133288,546.1618123,574.2401603,517.7441559,490.2304892,517.6360764,566.422372,525.0675179,556.7568953,585.4939224,539.6717725,540.3774103,534.7373114,536.6119585,531.8927199,520.0024872,531.9840085,519.5884377,552.4649898,550.6982012,520.7013272,494.2760047,544.7938879,542.3156024,556.2074066,497.409103,546.715729,528.8525551,543.4089806,517.161062,542.1496043,524.6453665,541.4866271,594.4488326,496.2742385,507.3418161,533.013168,552.8098494,503.0601031,576.9927076,491.2989103,521.2266911,533.0819203,515.4196342,524.6897715,539.225821,548.1660315,474.4535168,537.3096122,569.4662549,543.6710941,534.8757248,526.248697,539.4839136,549.2588181,520.8325688,537.2397652,542.8379729,549.0399124,532.1438388,516.2566331,534.0233149,535.6382815,599.1890248,531.0270388,486.4605211,514.8203837,548.7968883,549.6727833,532.4866561,523.9801919,515.9773316,535.5226029,508.569642,516.3641373,531.4139686,552.8344986,534.7142494,558.5125141,527.0092366,543.9573247,509.6567313,550.0629681,533.1277649,510.8537001,567.095975,563.231695,543.0995357,557.7838448,597.456597,560.4311938,573.4168579,502.5910779,551.0408578,521.1828703,529.8922686,515.2268659,537.8923775,527.5923107,548.7483093,609.49854,590.9355751,561.166801,518.393582,550.3804014,508.2360853,544.8417693,572.6223583,512.6067433,539.6013101,545.6810572,547.7059372,530.6633839,556.5819403,515.5267901,558.2610339,543.7187783,574.0540467,562.3120913,561.9298088,513.4558869,530.3455942,591.5276384,562.0571785,501.3716406,503.8164615,567.7451828,543.1233267,547.7059372,547.1983097,487.1103328,571.6982202,501.4527523,573.4964291,565.337618,532.2580622,551.5311077,577.2613512,496.0756732,572.913419,551.7029013,526.2710345,529.0556561,576.0008967,516.5147184,524.1352484,544.0289294,532.8070177,560.8621777,531.4139686,552.8344986,526.1816959,574.2401603,577.1807319,567.095975,548.0933337,532.0981632,521.7531162,534.4376612,552.6373658,543.1709148,590.9637417,634.5148056,579.6633457,576.9927076,604.712447,634.5148056,565.0799554,630.5777287,579.8531148,548.0448792,584.39005,585.7705424,654.9268027,564.1799828,534.3685588,553.3526422,600.9606564,538.827436,635.1974641,573.7352754,568.2135335,571.1188586,589.5867279,532.6467887,586.9352065,544.3633343,726.0728099,568.2656202,640.8776647,511.4015551,522.4346579,568.2656202,537.5891819,625.6771953,589.5306596,594.9908485,520.1770212,584.39005,567.4853214,572.5694699,726.0728099,488.1267441,650.7331812,573.4964291,585.7705424,565.9828039,788.5530307,579.6633457,696.2665975
run37,584.39005,542.1496043,517.161062,543.4089806,537.2397652,549.2588181,546.715729,528.8525551,531.0270388,486.4605211,532.1438388,516.2566331,514.8203837,549.6727833,532.4866561,523.9801919,526.248697,534.8757248,534.7373114,529.8922686,521.1828703,536.6119585,520.0024872,515.9773316,535.5226029,518.393582,494.3745485,531.8927199,545.6810572,540.3774103,522.4346579,550.6982012,507.3418161,533.013168,503.0601031,552.8098494,550.0629681,543.9573247,514.4785801,537.4726591,517.7441559,534.7142494,492.1960818,512.5219834,567.9532433,496.4133288,558.6886852,553.3279467,515.6554359,590.9637417,548.0206551,546.1618123,532.9902545,562.2610903,599.1890248,508.569642,539.4839136,548.7483093,531.9840085,552.4649898,519.5884377,510.8537001,516.3641373,531.2773408,511.2961071,490.2304892,543.7426235,542.1258986,574.2401603,527.0092366,539.6013101,517.6360764,640.8776647,512.6067433,509.6567313,572.1467144,525.0675179,491.3573218,542.4342346,518.9794601,533.4718515,537.0768595,530.617962,509.572944,552.2189249,541.4866271,520.7013272,594.4488326,508.2360853,543.1233267,572.913419,549.088543,543.0995357,557.7838448,563.231695,496.2742385,561.166801,560.4311938,573.4168579,502.5910779,513.2433374,549.0399124,542.8379729,515.4196342,524.6897715,539.225821,548.1660315,558.5125141,491.2989103,521.2266911,533.0819203,527.5923107,512.7763473,543.6710941,535.6382815,534.0233149,474.4535168,569.4662549,539.6717725,531.3911924,542.3156024,534.3455286,533.7244641,531.4139686,552.8344986,494.2760047,529.3492999,566.422372,517.2905249,530.3455942,513.4558869,591.5276384,599.1890248,537.3096122,528.6045321,541.9837079,562.3120913,530.617962,533.1277649,567.095975,515.2268659,537.8923775,551.0408578,543.4327987,590.9355751,497.409103,544.7938879,550.3804014,542.3156024,556.2074066,553.3526422,556.2323599,597.456597,609.49854,544.8417693,501.4527523,556.5819403,565.9828039,572.6223583,547.7059372,530.6633839,547.7059372,579.6633457,562.0571785,515.5267901,558.2610339,543.7187783,562.3120913,561.9298088,574.0540467,503.8164615,571.6982202,634.5148056,567.7451828,547.1983097,573.4964291,501.3716406,501.3108241,577.1807319,576.0811867,496.0756732,551.7029013,526.2710345,529.0556561,526.1816959,574.2401603,565.337618,560.8621777,516.5147184,544.0289294,524.1352484,532.8070177,567.095975,548.0933337,532.2580622,551.5311077,552.8344986,521.7531162,532.0981632,534.4376612,552.6373658,543.1709148,577.2613512,634.5148056,548.7968883,604.712447,482.5789857,576.9927076,585.7705424,635.1974641,565.0799554,579.8531148,548.0448792,654.9268027,556.7568953,630.5777287,564.1799828,571.1188586,534.3685588,520.1770212,579.6633457,553.3526422,538.827436,594.9908485,585.4939224,589.5867279,568.2135335,573.7352754,544.3633343,532.6467887,586.9352065,726.0728099,568.2656202,531.4139686,625.6771953,726.0728099,511.4015551,589.5306596,568.2656202,537.5891819,488.1267441,650.7331812,572.5694699,567.4853214,584.39005,573.4964291,585.7705424,600.9606564,687.6168433,788.5530307,696.2665975
run38,502.5910779,544.3633343,589.5867279,516.5147184,524.1352484,532.8070177,544.0289294,625.6771953,574.0540467,535.5226029,508.569642,545.6810572,529.8922686,521.1828703,536.6119585,520.0024872,531.8927199,531.3911924,541.9837079,529.3492999,576.0811867,533.0819203,521.2266911,512.7763473,528.6045321,556.2323599,542.3156024,562.2610903,543.4327987,599.1890248,510.8537001,516.3641373,527.0092366,512.6067433,562.3120913,531.9840085,519.5884377,552.4649898,518.393582,534.7373114,540.3774103,494.3745485,517.2905249,534.8757248,526.248697,539.4839136,549.6727833,532.4866561,523.9801919,543.6710941,535.6382815,551.0408578,534.0233149,537.2397652,520.8325688,549.2588181,532.1438388,516.2566331,531.0270388,486.4605211,514.8203837,474.4535168,569.4662549,542.8379729,549.0399124,548.1660315,528.8525551,546.715729,517.161062,542.1496043,524.6453665,543.4089806,501.3716406,560.4311938,550.6982012,599.1890248,549.088543,543.0995357,557.7838448,537.3096122,507.3418161,533.013168,552.8098494,503.0601031,515.4196342,524.6897715,539.225821,576.9927076,573.4168579,534.3455286,531.4139686,515.6554359,531.2773408,552.8344986,548.0206551,532.9902545,542.1258986,550.0629681,514.4785801,537.4726591,558.5125141,530.617962,547.7059372,546.1618123,558.6886852,494.2760047,513.2433374,509.572944,537.0768595,539.6717725,552.2189249,525.0675179,520.7013272,517.7441559,541.4866271,497.409103,544.7938879,556.2074066,556.7568953,534.7142494,567.9532433,542.3156024,492.1960818,543.7426235,553.3279467,533.4718515,542.4342346,491.3573218,518.9794601,512.5219834,496.4133288,609.49854,543.9573247,509.6567313,517.6360764,640.8776647,594.4488326,567.095975,550.3804014,527.5923107,548.7483093,533.7244641,590.9637417,597.456597,590.9355751,572.6223583,548.7968883,503.8164615,561.166801,553.3526422,565.9828039,501.4527523,544.8417693,508.2360853,496.2742385,526.2710345,526.1816959,574.2401603,529.0556561,576.0008967,561.9298088,565.337618,511.2961071,490.2304892,574.2401603,543.1233267,566.422372,572.913419,537.8923775,513.4558869,530.3455942,551.7029013,591.5276384,572.1467144,515.5267901,558.2610339,573.4964291,634.5148056,543.7187783,487.1103328,571.6982202,547.1983097,567.7451828,577.1807319,530.617962,547.7059372,530.6633839,562.0571785,501.3108241,548.0933337,539.6013101,532.0981632,521.7531162,534.4376612,552.6373658,556.5819403,531.4139686,552.8344986,543.1709148,511.4015551,577.2613512,604.712447,579.8531148,515.2268659,532.2580622,551.5311077,482.5789857,634.5148056,579.6633457,562.3120913,576.9927076,585.7705424,635.1974641,560.8621777,654.9268027,534.3685588,553.3526422,565.0799554,538.827436,579.6633457,630.5777287,548.0448792,564.1799828,563.231695,571.1188586,594.9908485,585.4939224,568.2135335,573.4964291,532.6467887,586.9352065,726.0728099,568.2656202,687.6168433,568.2656202,584.39005,589.5306596,522.4346579,537.5891819,520.1770212,567.4853214,572.5694699,573.7352754,584.39005,488.1267441,726.0728099,650.7331812,585.7705424,600.9606564,788.5530307,696.2665975
run39,535.5226029,508.569642,531.8927199,536.6119585,520.0024872,494.2760047,529.8922686,521.1828703,516.3641373,531.9840085,552.4649898,519.5884377,501.4527523,534.7373114,540.3774103,513.2433374,509.572944,552.2189249,537.0768595,530.617962,567.9532433,566.422372,572.913419,550.6982012,518.393582,549.0399124,526.248697,534.8757248,567.095975,531.3911924,529.3492999,541.9837079,523.9801919,532.4866561,549.6727833,516.2566331,532.1438388,509.6567313,512.7763473,528.6045321,542.3156024,518.9794601,542.4342346,525.0675179,543.4327987,599.1890248,517.7441559,514.4785801,537.4726591,562.2610903,486.4605211,531.0270388,491.2989103,533.0819203,521.2266911,502.5910779,514.8203837,549.2588181,520.8325688,537.2397652,542.8379729,543.6710941,474.4535168,569.4662549,534.3455286,549.088543,537.3096122,558.6886852,494.3745485,491.3573218,492.1960818,576.0811867,533.4718515,562.3120913,515.4196342,524.6897715,576.9927076,548.1660315,534.0233149,517.2905249,507.3418161,533.013168,503.0601031,552.8098494,532.9902545,517.161062,542.1496043,524.6453665,543.4089806,546.715729,528.8525551,541.4866271,544.7938879,542.3156024,497.409103,556.2074066,496.2742385,535.6382815,599.1890248,539.225821,539.6717725,517.6360764,585.4939224,563.231695,560.4311938,573.4168579,550.0629681,590.9355751,533.7244641,543.9573247,556.2323599,545.6810572,510.8537001,515.2268659,537.8923775,546.1618123,561.166801,496.4133288,512.5219834,515.6554359,531.4139686,552.8344986,534.7142494,558.5125141,594.4488326,548.0206551,609.49854,543.7426235,539.6013101,527.5923107,553.3279467,533.1277649,531.2773408,542.1258986,687.6168433,550.3804014,597.456597,553.3526422,572.6223583,548.7483093,508.2360853,511.2961071,490.2304892,574.2401603,512.6067433,527.0092366,572.1467144,487.1103328,544.8417693,556.5819403,513.4558869,530.3455942,551.7029013,591.5276384,530.617962,547.7059372,530.6633839,567.7451828,547.7059372,515.5267901,558.2610339,543.7187783,574.0540467,562.3120913,503.8164615,547.1983097,551.0408578,561.9298088,496.0756732,501.3716406,577.2613512,573.4964291,501.3108241,565.337618,532.2580622,551.5311077,543.0995357,557.7838448,571.6982202,579.6633457,548.7968883,543.1709148,482.5789857,526.2710345,526.1816959,574.2401603,529.0556561,576.0008967,516.5147184,524.1352484,544.0289294,532.8070177,560.8621777,531.4139686,552.8344986,577.1807319,562.0571785,567.095975,548.0933337,532.0981632,521.7531162,534.4376612,552.6373658,634.5148056,604.712447,576.9927076,579.8531148,630.5777287,543.1233267,634.5148056,548.0448792,556.7568953,584.39005,585.7705424,654.9268027,564.1799828,534.3685588,553.3526422,579.6633457,538.827436,635.1974641,571.1188586,568.2135335,544.3633343,589.5867279,573.4964291,625.6771953,532.6467887,586.9352065,726.0728099,511.4015551,568.2656202,640.8776647,568.2656202,522.4346579,537.5891819,589.5306596,520.1770212,594.9908485,567.4853214,572.5694699,573.7352754,584.39005,726.0728099,488.1267441,650.7331812,585.7705424,600.9606564,565.9828039,788.5530307,696.2665975
run40,548.0448792,531.8927199,521.1828703,529.8922686,508.569642,515.9773316,536.6119585,534.7373114,540.3774103,531.9840085,519.5884377,516.3641373,518.393582,542.3156024,539.6013101,552.4649898,526.248697,534.8757248,520.8325688,537.2397652,549.2588181,516.2566331,532.1438388,532.4866561,523.9801919,549.6727833,531.0270388,502.5910779,514.8203837,546.715729,528.8525551,517.161062,542.1496043,524.6453665,543.4089806,539.4839136,562.0571785,560.4311938,501.3716406,509.6567313,524.6897715,539.225821,546.1618123,514.4785801,537.4726591,562.2610903,532.9902545,548.0206551,507.3418161,533.013168,552.8098494,518.9794601,543.4327987,599.1890248,510.8537001,542.4342346,515.4196342,491.2989103,512.7763473,543.6710941,533.0819203,531.3911924,535.6382815,521.2266911,534.0233149,542.8379729,576.9927076,548.1660315,542.3156024,528.6045321,541.9837079,562.3120913,494.3745485,530.3455942,599.1890248,550.6982012,503.0601031,527.0092366,474.4535168,569.4662549,549.0399124,513.4558869,551.7029013,549.088543,535.5226029,515.6554359,531.2773408,553.3279467,486.4605211,534.7142494,567.9532433,537.3096122,573.4168579,556.2323599,590.9355751,511.2961071,558.6886852,541.4866271,517.7441559,517.6360764,525.0675179,531.4139686,552.8344986,520.7013272,574.2401603,550.0629681,585.4939224,543.9573247,517.2905249,492.1960818,491.3573218,512.5219834,496.4133288,533.4718515,591.5276384,543.7426235,509.572944,537.0768595,552.2189249,513.2433374,539.6717725,530.617962,544.7938879,594.4488326,497.409103,550.3804014,556.2074066,542.1258986,490.2304892,543.1233267,572.913419,558.5125141,576.0811867,529.3492999,572.1467144,547.7059372,566.422372,561.166801,503.8164615,527.5923107,533.1277649,687.6168433,534.3455286,533.7244641,526.1816959,574.2401603,561.9298088,526.2710345,529.0556561,576.0008967,538.827436,597.456597,511.4015551,604.712447,579.8531148,534.3685588,520.1770212,531.4139686,579.6633457,494.2760047,609.49854,565.337618,552.8344986,501.4527523,553.3526422,537.8923775,548.7483093,487.1103328,508.2360853,515.5267901,558.2610339,543.7187783,574.0540467,577.2613512,565.0799554,544.8417693,496.0756732,543.0995357,573.4964291,571.6982202,496.2742385,547.1983097,551.0408578,501.3108241,532.0981632,521.7531162,534.4376612,548.0933337,552.6373658,567.7451828,556.5819403,543.1709148,634.5148056,530.617962,560.8621777,482.5789857,547.7059372,530.6633839,562.3120913,579.6633457,590.9637417,548.7968883,577.1807319,532.2580622,551.5311077,515.2268659,557.7838448,553.3526422,567.095975,516.5147184,524.1352484,544.0289294,532.8070177,634.5148056,544.3633343,589.5867279,576.9927076,585.7705424,654.9268027,572.6223583,630.5777287,556.7568953,584.39005,564.1799828,635.1974641,563.231695,571.1188586,568.2135335,573.4964291,640.8776647,568.2656202,532.6467887,586.9352065,726.0728099,625.6771953,589.5306596,522.4346579,537.5891819,594.9908485,567.4853214,572.5694699,573.7352754,584.39005,726.0728099,488.1267441,650.7331812,585.7705424,600.9606564,565.9828039,788.5530307,696.2665975
run41,544.7938879,556.2074066,558.5125141,523.9801919,532.4866561,535.6382815,534.0233149,551.0408578,590.9355751,533.0819203,521.2266911,527.5923107,550.0629681,496.0756732,514.8203837,507.3418161,533.013168,552.8098494,503.0601031,515.4196342,539.225821,524.6897715,542.8379729,520.8325688,537.2397652,549.2588181,528.8525551,546.715729,517.161062,542.1496043,524.6453665,543.4089806,532.1438388,516.2566331,546.1618123,514.4785801,537.4726591,548.0206551,562.2610903,549.0399124,526.248697,534.8757248,534.7373114,520.0024872,536.6119585,531.8927199,539.4839136,540.3774103,518.9794601,543.4327987,542.4342346,542.3156024,531.9840085,519.5884377,552.4649898,531.0270388,537.0768595,525.0675179,517.7441559,558.6886852,543.6710941,518.393582,543.9573247,492.1960818,491.3573218,496.4133288,576.9927076,533.4718515,512.5219834,567.9532433,550.6982012,687.6168433,534.7142494,515.6554359,553.3279467,599.1890248,532.9902545,521.1828703,510.8537001,609.49854,486.4605211,530.617962,529.8922686,516.3641373,511.2961071,531.2773408,541.4866271,509.572944,474.4535168,569.4662549,513.2433374,534.3455286,520.7013272,494.2760047,529.3492999,531.3911924,548.7968883,533.7244641,512.7763473,539.6717725,497.409103,541.9837079,517.6360764,594.4488326,531.4139686,552.8344986,574.2401603,552.2189249,566.422372,567.095975,508.569642,515.9773316,535.5226029,545.6810572,527.0092366,556.7568953,509.6567313,501.3716406,599.1890248,494.3745485,528.6045321,585.4939224,517.2905249,565.0799554,543.0995357,597.456597,544.8417693,560.4311938,573.4168579,543.7426235,542.1258986,502.5910779,490.2304892,548.7483093,561.166801,496.2742385,550.3804014,537.3096122,576.0811867,553.3526422,556.2323599,533.1277649,562.3120913,572.6223583,537.8923775,572.1467144,557.7838448,487.1103328,513.4558869,530.3455942,551.7029013,591.5276384,563.231695,556.5819403,567.7451828,515.5267901,558.2610339,543.7187783,574.0540467,562.3120913,561.9298088,547.7059372,547.1983097,512.6067433,573.4964291,501.4527523,577.2613512,501.3108241,508.2360853,565.337618,571.6982202,590.9637417,526.2710345,526.1816959,574.2401603,529.0556561,576.0008967,516.5147184,524.1352484,544.0289294,532.8070177,560.8621777,531.4139686,552.8344986,577.1807319,548.0933337,562.0571785,521.7531162,532.0981632,534.4376612,552.6373658,567.095975,543.1709148,634.5148056,530.617962,503.8164615,579.6633457,547.7059372,530.6633839,543.1233267,604.712447,576.9927076,515.2268659,532.2580622,551.5311077,634.5148056,539.6013101,482.5789857,579.8531148,548.0448792,630.5777287,585.7705424,654.9268027,584.39005,534.3685588,520.1770212,579.6633457,553.3526422,538.827436,564.1799828,635.1974641,571.1188586,572.913419,549.088543,544.3633343,589.5867279,568.2135335,573.7352754,640.8776647,568.2656202,532.6467887,586.9352065,726.0728099,511.4015551,625.6771953,568.2656202,589.5306596,522.4346579,594.9908485,567.4853214,572.5694699,726.0728099,488.1267441,584.39005,573.4964291,650.7331812,585.7705424,600.9606564,565.9828039,788.5530307,696.2665975
run42,586.9352065,537.0768595,567.095975,520.8325688,537.2397652,526.248697,534.8757248,534.7373114,540.3774103,520.0024872,536.6119585,508.569642,515.9773316,521.1828703,529.8922686,523.9801919,532.4866561,510.8537001,516.3641373,519.5884377,531.9840085,501.3108241,518.393582,501.4527523,516.2566331,496.0756732,514.8203837,532.1438388,494.3745485,531.8927199,535.5226029,552.4649898,549.6727833,527.0092366,545.6810572,531.0270388,512.7763473,528.6045321,542.3156024,518.9794601,542.4342346,543.4327987,599.1890248,486.4605211,517.2905249,491.2989103,533.0819203,521.2266911,527.5923107,548.7483093,543.9573247,541.9837079,556.2323599,515.2268659,537.8923775,546.715729,528.8525551,525.0675179,508.2360853,494.2760047,529.3492999,520.7013272,539.6013101,509.572944,513.2433374,549.0399124,517.7441559,514.4785801,537.4726591,562.2610903,567.9532433,558.6886852,542.8379729,497.409103,544.7938879,548.7968883,543.6710941,474.4535168,569.4662549,534.3455286,539.6717725,549.088543,515.4196342,524.6897715,539.225821,548.1660315,507.3418161,533.013168,503.0601031,552.8098494,532.9902545,550.0629681,542.3156024,517.161062,524.6453665,542.1496043,543.4089806,556.2074066,550.6982012,539.4839136,496.2742385,541.4866271,517.6360764,585.4939224,530.617962,548.0206551,546.1618123,533.7244641,515.6554359,511.2961071,531.2773408,574.2401603,531.4139686,552.8344986,534.7142494,558.5125141,566.422372,492.1960818,491.3573218,553.3279467,533.4718515,576.9927076,562.3120913,509.6567313,512.5219834,496.4133288,572.1467144,543.7426235,542.1258986,490.2304892,572.913419,534.0233149,535.6382815,565.0799554,543.0995357,597.456597,544.8417693,560.4311938,573.4168579,502.5910779,576.0811867,609.49854,533.1277649,561.166801,537.3096122,512.6067433,553.3526422,687.6168433,551.0408578,572.6223583,557.7838448,547.7059372,487.1103328,556.5819403,515.5267901,558.2610339,543.7187783,573.4964291,561.9298088,530.617962,574.0540467,501.3716406,503.8164615,567.7451828,571.6982202,562.3120913,547.7059372,530.6633839,532.2580622,551.5311077,565.337618,562.0571785,577.2613512,482.5789857,590.9637417,526.1816959,526.2710345,574.2401603,529.0556561,576.0008967,531.4139686,552.8344986,577.1807319,521.7531162,532.0981632,534.4376612,552.6373658,548.0933337,576.9927076,560.8621777,516.5147184,524.1352484,544.0289294,532.8070177,567.095975,604.712447,547.1983097,584.39005,579.8531148,590.9355751,654.9268027,543.1233267,634.5148056,585.7705424,556.7568953,635.1974641,564.1799828,534.3685588,520.1770212,538.827436,579.6633457,553.3526422,548.0448792,594.4488326,571.1188586,563.231695,579.6633457,630.5777287,568.2135335,589.5867279,544.3633343,573.7352754,568.2656202,511.4015551,599.1890248,625.6771953,568.2656202,640.8776647,589.5306596,537.5891819,522.4346579,530.3455942,594.9908485,551.7029013,513.4558869,591.5276384,543.1709148,584.39005,634.5148056,567.4853214,572.5694699,726.0728099,488.1267441,573.4964291,650.7331812,585.7705424,600.9606564,532.6467887,565.9828039,788.5530307,696.2665975
run43,788.5530307,579.6633457,553.3526422,533.7244641,569.4662549,543.6710941,474.4535168,635.1974641,549.0399124,513.2433374,509.572944,539.6717725,537.0768595,552.2189249,566.422372,567.095975,494.2760047,529.3492999,556.7568953,531.3911924,541.9837079,576.0811867,567.9532433,548.1660315,515.4196342,524.6897715,539.225821,576.9927076,542.8379729,534.0233149,535.6382815,534.7373114,520.0024872,536.6119585,540.3774103,531.8927199,526.248697,534.8757248,520.8325688,537.2397652,539.4839136,549.2588181,550.6982012,509.6567313,516.2566331,532.1438388,501.3108241,518.393582,494.3745485,531.9840085,519.5884377,552.4649898,520.7013272,548.7968883,491.2989103,521.2266911,533.0819203,542.3156024,512.7763473,528.6045321,517.2905249,518.9794601,542.4342346,525.0675179,517.7441559,514.4785801,537.4726591,491.3573218,492.1960818,562.3120913,533.4718515,590.9355751,543.4327987,599.1890248,549.088543,482.5789857,508.569642,515.9773316,535.5226029,532.9902545,486.4605211,507.3418161,552.8098494,503.0601031,533.013168,502.5910779,514.8203837,549.6727833,532.4866561,523.9801919,510.8537001,516.3641373,527.0092366,562.2610903,528.8525551,546.715729,497.409103,556.2074066,542.3156024,544.7938879,517.161062,542.1496043,524.6453665,543.4089806,541.4866271,496.2742385,599.1890248,543.7426235,542.1258986,556.2323599,490.2304892,543.1233267,517.6360764,543.9573247,550.0629681,531.0270388,539.6013101,521.1828703,529.8922686,545.6810572,527.5923107,548.7483093,530.617962,558.6886852,726.0728099,512.6067433,515.6554359,511.2961071,531.2773408,574.2401603,534.7142494,531.4139686,552.8344986,558.5125141,508.2360853,501.3716406,594.4488326,546.1618123,572.1467144,550.3804014,585.4939224,533.1277649,537.8923775,548.0206551,557.7838448,562.0571785,543.0995357,563.231695,573.4964291,544.8417693,556.5819403,561.166801,561.9298088,560.4311938,573.4168579,597.456597,572.6223583,515.5267901,558.2610339,543.7187783,562.3120913,565.337618,553.3279467,512.5219834,496.0756732,501.4527523,567.7451828,526.1816959,574.0540467,577.1807319,487.1103328,579.8531148,574.2401603,572.913419,547.7059372,526.2710345,529.0556561,576.0008967,547.1983097,530.3455942,513.4558869,551.7029013,591.5276384,548.0933337,543.1709148,532.0981632,521.7531162,534.4376612,552.6373658,634.5148056,576.9927076,560.8621777,530.617962,503.8164615,547.7059372,530.6633839,515.2268659,532.2580622,551.5311077,516.5147184,544.0289294,524.1352484,532.8070177,567.095975,604.712447,565.0799554,531.4139686,577.2613512,548.0448792,564.1799828,534.3685588,520.1770212,553.3526422,538.827436,600.9606564,584.39005,551.0408578,573.7352754,589.5867279,571.1188586,568.2135335,585.7705424,544.3633343,594.9908485,609.49854,565.9828039,586.9352065,568.2656202,511.4015551,522.4346579,625.6771953,568.2656202,589.5306596,537.5891819,584.39005,532.6467887,726.0728099,496.4133288,640.8776647,634.5148056,572.5694699,567.4853214,573.4964291,630.5777287,585.7705424,571.6982202,654.9268027,650.7331812,687.6168433,579.6633457,696.2665975
run44,562.0571785,515.5267901,558.2610339,573.4168579,560.4311938,530.617962,548.0206551,532.9902545,599.1890248,553.3279467,511.2961071,566.422372,531.2773408,490.2304892,574.2401603,542.1258986,543.7426235,539.6013101,517.6360764,562.2610903,517.7441559,514.4785801,537.4726591,492.1960818,640.8776647,567.9532433,512.5219834,503.0601031,507.3418161,533.013168,552.8098494,543.1233267,525.0675179,508.2360853,520.7013272,572.913419,549.088543,509.572944,533.4718515,552.2189249,531.4139686,572.1467144,537.0768595,558.6886852,513.2433374,515.4196342,576.9927076,549.0399124,552.8344986,534.7142494,524.6897715,539.225821,543.9573247,542.8379729,558.5125141,548.1660315,527.5923107,474.4535168,569.4662549,537.3096122,534.0233149,548.7483093,534.3685588,538.827436,597.456597,553.3526422,579.6633457,574.0540467,520.0024872,536.6119585,531.8927199,550.6982012,534.7373114,540.3774103,526.248697,534.8757248,539.4839136,523.9801919,532.4866561,549.6727833,487.1103328,486.4605211,531.0270388,518.393582,501.3108241,531.9840085,519.5884377,552.4649898,494.3745485,532.1438388,516.2566331,509.6567313,520.8325688,537.2397652,549.2588181,496.0756732,514.8203837,502.5910779,521.1828703,535.6382815,517.161062,542.1496043,524.6453665,543.4089806,528.8525551,546.715729,541.4866271,544.7938879,542.3156024,497.409103,556.2074066,594.4488326,496.2742385,529.8922686,512.7763473,521.2266911,491.2989103,533.0819203,543.4327987,551.0408578,590.9355751,542.4342346,491.3573218,518.9794601,634.5148056,501.4527523,528.6045321,517.2905249,530.3455942,513.4558869,591.5276384,599.1890248,550.3804014,531.3911924,562.3120913,541.9837079,529.3492999,494.2760047,539.6717725,567.095975,550.0629681,561.166801,515.2268659,537.8923775,533.7244641,534.3455286,542.3156024,553.3526422,546.1618123,576.0811867,508.569642,515.9773316,535.5226029,545.6810572,544.8417693,526.1816959,526.2710345,574.2401603,531.4139686,561.9298088,565.337618,529.0556561,576.0008967,510.8537001,556.2323599,496.4133288,577.1807319,571.6982202,543.0995357,516.5147184,552.8344986,544.0289294,524.1352484,532.8070177,560.8621777,533.1277649,516.3641373,579.8531148,527.0092366,512.6067433,579.6633457,548.0933337,573.4964291,547.1983097,543.1709148,532.0981632,521.7531162,534.4376612,552.6373658,567.7451828,604.712447,556.5819403,503.8164615,530.617962,547.7059372,530.6633839,501.3716406,547.7059372,567.095975,585.7705424,532.2580622,551.5311077,551.7029013,548.7968883,482.5789857,576.9927076,634.5148056,557.7838448,635.1974641,562.3120913,625.6771953,654.9268027,572.6223583,556.7568953,577.2613512,630.5777287,564.1799828,548.0448792,590.9637417,563.231695,571.1188586,589.5867279,594.9908485,568.2135335,585.4939224,573.4964291,532.6467887,586.9352065,726.0728099,565.9828039,544.3633343,568.2656202,511.4015551,687.6168433,568.2656202,584.39005,589.5306596,522.4346579,537.5891819,520.1770212,567.4853214,572.5694699,573.7352754,584.39005,726.0728099,488.1267441,650.7331812,585.7705424,600.9606564,788.5530307,696.2665975
run45,515.9773316,516.3641373,536.6119585,531.8927199,518.393582,508.569642,520.0024872,519.5884377,511.2961071,553.3279467,515.6554359,568.2656202,548.0206551,532.9902545,490.2304892,574.2401603,542.1258986,514.4785801,537.4726591,517.7441559,529.8922686,562.2610903,517.6360764,599.1890248,510.8537001,521.1828703,556.7568953,492.1960818,543.7426235,640.8776647,552.4649898,501.3108241,494.3745485,501.4527523,512.5219834,572.1467144,567.9532433,534.7373114,540.3774103,550.6982012,518.9794601,542.4342346,525.0675179,491.3573218,543.1233267,549.088543,496.4133288,558.6886852,726.0728099,609.49854,482.5789857,527.0092366,542.3156024,520.7013272,548.7968883,533.4718515,509.572944,537.0768595,530.617962,552.2189249,534.7142494,546.1618123,512.7763473,531.3911924,567.095975,539.6717725,529.3492999,541.9837079,528.6045321,517.2905249,494.2760047,513.2433374,574.2401603,507.3418161,533.013168,552.8098494,503.0601031,576.9927076,491.2989103,521.2266911,533.0819203,549.0399124,526.248697,534.8757248,539.4839136,532.1438388,516.2566331,531.0270388,549.6727833,532.4866561,523.9801919,486.4605211,549.2588181,520.8325688,537.2397652,542.8379729,543.6710941,474.4535168,569.4662549,537.3096122,515.4196342,524.6897715,548.1660315,534.0233149,502.5910779,514.8203837,535.6382815,590.9355751,544.7938879,542.3156024,528.8525551,546.715729,517.161062,542.1496043,524.6453665,543.4089806,541.4866271,497.409103,556.2074066,496.2742385,594.4488326,599.1890248,538.827436,597.456597,561.9298088,560.4311938,573.4168579,531.4139686,552.8344986,543.9573247,509.6567313,527.5923107,550.0629681,548.7483093,558.5125141,539.225821,566.422372,515.2268659,537.8923775,561.166801,533.1277649,508.2360853,543.4327987,572.6223583,550.3804014,534.3685588,520.1770212,553.3526422,526.2710345,511.4015551,574.0540467,579.8531148,531.4139686,579.6633457,529.0556561,576.0008967,544.8417693,565.337618,543.0995357,562.3120913,571.6982202,512.6067433,572.913419,496.0756732,562.0571785,513.4558869,530.3455942,591.5276384,548.0933337,533.7244641,534.3455286,553.3526422,545.6810572,532.0981632,521.7531162,534.4376612,552.6373658,543.1709148,567.7451828,576.0811867,552.8344986,547.1983097,551.0408578,487.1103328,560.8621777,557.7838448,573.4964291,604.712447,634.5148056,556.5819403,579.6633457,501.3716406,565.0799554,547.7059372,515.5267901,558.2610339,585.4939224,543.7187783,577.2613512,562.3120913,576.9927076,503.8164615,530.617962,547.7059372,530.6633839,577.1807319,532.2580622,551.5311077,654.9268027,539.6013101,635.1974641,567.095975,516.5147184,524.1352484,544.0289294,532.8070177,544.3633343,589.5867279,625.6771953,563.231695,548.0448792,564.1799828,630.5777287,551.7029013,571.1188586,565.9828039,585.7705424,573.7352754,532.6467887,586.9352065,726.0728099,568.2656202,568.2135335,589.5306596,584.39005,594.9908485,522.4346579,590.9637417,537.5891819,488.1267441,650.7331812,634.5148056,572.5694699,567.4853214,584.39005,573.4964291,585.7705424,600.9606564,687.6168433,788.5530307,696.2665975
run46,548.0206551,507.3418161,515.6554359,530.617962,567.095975,566.422372,503.0601031,511.2961071,490.2304892,574.2401603,542.1258986,531.2773408,543.7426235,553.3279467,533.013168,552.8098494,532.4866561,550.0629681,549.6727833,517.7441559,514.4785801,537.4726591,517.6360764,562.2610903,492.1960818,640.8776647,567.9532433,599.1890248,572.1467144,533.1277649,534.0233149,542.8379729,515.4196342,539.225821,576.9927076,558.6886852,496.0756732,521.1828703,508.569642,515.9773316,535.5226029,529.8922686,536.6119585,520.0024872,531.8927199,510.8537001,482.5789857,520.8325688,549.2588181,519.5884377,531.9840085,552.4649898,516.3641373,527.0092366,545.6810572,534.7373114,531.0270388,532.1438388,516.2566331,526.248697,534.8757248,540.3774103,518.393582,494.3745485,539.6013101,514.8203837,539.4839136,524.6897715,548.1660315,486.4605211,517.161062,542.1496043,524.6453665,543.4089806,546.715729,528.8525551,542.3156024,501.3716406,550.6982012,491.2989103,521.2266911,533.0819203,512.7763473,542.3156024,543.6710941,474.4535168,569.4662549,599.1890248,549.0399124,531.3911924,528.6045321,518.9794601,542.4342346,525.0675179,543.1233267,549.088543,543.4327987,491.3573218,634.5148056,562.3120913,537.0768595,509.572944,533.4718515,552.2189249,537.3096122,517.2905249,571.1188586,546.1618123,541.4866271,544.7938879,497.409103,556.2074066,534.3455286,513.2433374,560.4311938,573.4168579,531.4139686,533.7244641,552.8344986,534.7142494,520.7013272,572.913419,541.9837079,512.5219834,496.4133288,594.4488326,609.49854,558.5125141,529.3492999,590.9355751,543.9573247,509.6567313,527.5923107,502.5910779,553.3526422,556.2323599,512.6067433,494.2760047,543.0995357,597.456597,537.8923775,561.166801,548.7483093,550.3804014,544.8417693,576.0811867,508.2360853,556.5819403,513.4558869,530.3455942,551.7029013,591.5276384,501.4527523,572.6223583,557.7838448,571.6982202,567.7451828,530.617962,496.2742385,579.6633457,515.5267901,558.2610339,543.7187783,574.0540467,561.9298088,562.3120913,551.0408578,547.1983097,562.0571785,563.231695,487.1103328,577.2613512,547.7059372,530.6633839,565.337618,503.8164615,548.7968883,532.2580622,515.2268659,551.5311077,547.7059372,635.1974641,543.1709148,526.2710345,531.4139686,529.0556561,576.0008967,552.8344986,526.1816959,574.2401603,577.1807319,560.8621777,532.0981632,521.7531162,534.4376612,552.6373658,548.0933337,576.9927076,516.5147184,524.1352484,544.0289294,532.8070177,567.095975,585.7705424,604.712447,634.5148056,501.3108241,573.4964291,625.6771953,579.8531148,654.9268027,565.0799554,534.3685588,520.1770212,553.3526422,538.827436,579.6633457,556.7568953,594.9908485,548.0448792,590.9637417,564.1799828,630.5777287,585.4939224,589.5867279,568.2135335,544.3633343,565.9828039,573.7352754,726.0728099,568.2656202,532.6467887,586.9352065,726.0728099,568.2656202,584.39005,511.4015551,589.5306596,522.4346579,537.5891819,488.1267441,650.7331812,572.5694699,567.4853214,584.39005,573.4964291,585.7705424,600.9606564,687.6168433,788.5530307,696.2665975
run47,531.0270388,502.5910779,549.2588181,549.6727833,532.4866561,523.9801919,487.1103328,520.8325688,516.2566331,532.1438388,534.8757248,526.248697,521.1828703,529.8922686,515.9773316,535.5226029,536.6119585,520.0024872,534.7373114,540.3774103,518.393582,494.3745485,531.8927199,545.6810572,546.715729,528.8525551,517.161062,542.1496043,524.6453665,543.4089806,522.4346579,539.4839136,550.6982012,563.231695,531.9840085,516.3641373,512.7763473,528.6045321,562.3120913,542.3156024,491.2989103,533.0819203,531.3911924,562.2610903,543.4327987,599.1890248,508.569642,521.2266911,519.5884377,552.4649898,527.0092366,543.6710941,535.6382815,527.5923107,517.2905249,543.9573247,534.0233149,556.2323599,551.0408578,599.1890248,510.8537001,573.4168579,503.8164615,512.6067433,533.1277649,529.3492999,541.9837079,474.4535168,569.4662549,549.0399124,548.1660315,534.3455286,542.8379729,549.088543,537.3096122,533.7244641,539.6717725,486.4605211,539.6013101,590.9355751,531.4139686,552.8344986,558.5125141,553.3526422,509.6567313,567.095975,543.0995357,565.0799554,561.166801,496.2742385,515.4196342,524.6897715,539.225821,507.3418161,533.013168,552.8098494,503.0601031,576.9927076,571.6982202,509.572944,537.0768595,552.2189249,513.2433374,558.6886852,497.409103,556.2074066,542.3156024,541.4866271,544.7938879,525.0675179,517.7441559,514.4785801,537.4726591,532.9902545,517.6360764,585.4939224,530.617962,520.7013272,492.1960818,543.7426235,533.4718515,491.3573218,542.4342346,518.9794601,546.1618123,496.4133288,548.0206551,594.4488326,609.49854,547.7059372,585.7705424,542.1258986,565.337618,550.0629681,567.9532433,512.5219834,534.7142494,494.2760047,515.6554359,553.3279467,531.2773408,511.2961071,574.2401603,490.2304892,572.913419,687.6168433,515.2268659,537.8923775,560.4311938,550.3804014,501.4527523,597.456597,572.6223583,566.422372,508.2360853,572.1467144,530.617962,547.7059372,530.6633839,513.4558869,530.3455942,591.5276384,515.5267901,558.2610339,543.7187783,574.0540467,561.9298088,562.3120913,573.4964291,547.1983097,501.3716406,567.7451828,557.7838448,501.3108241,526.2710345,526.1816959,574.2401603,577.1807319,529.0556561,576.0008967,516.5147184,544.0289294,531.4139686,552.8344986,524.1352484,532.8070177,560.8621777,567.095975,548.0933337,562.0571785,521.7531162,532.0981632,534.4376612,552.6373658,556.5819403,496.0756732,532.2580622,551.5311077,543.1709148,551.7029013,577.2613512,482.5789857,548.7968883,634.5148056,579.6633457,604.712447,576.9927076,568.2656202,630.5777287,579.8531148,548.0448792,543.1233267,634.5148056,654.9268027,584.39005,556.7568953,564.1799828,534.3685588,553.3526422,579.6633457,538.827436,635.1974641,590.9637417,571.1188586,568.2135335,544.3633343,589.5867279,573.4964291,625.6771953,532.6467887,586.9352065,726.0728099,511.4015551,568.2656202,640.8776647,537.5891819,589.5306596,594.9908485,520.1770212,567.4853214,572.5694699,573.7352754,584.39005,726.0728099,488.1267441,650.7331812,585.7705424,600.9606564,565.9828039,788.5530307,696.2665975
run48,474.4535168,543.6710941,537.3096122,635.1974641,548.1660315,534.0233149,590.9355751,549.0399124,515.4196342,524.6897715,576.9927076,542.8379729,558.6886852,567.9532433,509.572944,539.6717725,534.3455286,513.2433374,533.7244641,579.6633457,537.0768595,567.095975,526.248697,534.8757248,539.4839136,520.8325688,537.2397652,549.2588181,542.3156024,534.7373114,540.3774103,550.6982012,520.0024872,536.6119585,531.8927199,509.6567313,532.1438388,516.2566331,501.3108241,518.393582,519.5884377,531.9840085,552.4649898,528.8525551,546.715729,517.161062,542.1496043,521.1828703,510.8537001,523.9801919,532.4866561,549.6727833,496.0756732,502.5910779,529.8922686,524.6453665,543.4089806,486.4605211,491.2989103,521.2266911,533.0819203,542.3156024,512.7763473,531.3911924,543.4327987,599.1890248,508.569642,515.9773316,529.3492999,528.6045321,535.5226029,516.3641373,541.9837079,562.3120913,494.3745485,556.2323599,514.8203837,496.2742385,517.2905249,545.6810572,527.0092366,549.088543,507.3418161,503.0601031,552.8098494,533.013168,599.1890248,494.2760047,517.7441559,514.4785801,537.4726591,492.1960818,532.9902545,562.2610903,539.6013101,518.9794601,542.4342346,491.3573218,533.4718515,530.617962,496.4133288,512.5219834,576.0811867,515.6554359,553.3279467,548.0206551,552.2189249,517.6360764,640.8776647,531.0270388,546.1618123,531.2773408,634.5148056,501.4527523,511.2961071,541.4866271,544.7938879,594.4488326,525.0675179,520.7013272,534.7142494,497.409103,531.4139686,552.8344986,550.0629681,543.9573247,527.5923107,572.1467144,572.913419,556.2074066,543.0995357,557.7838448,563.231695,561.9298088,561.166801,560.4311938,573.4168579,597.456597,515.2268659,537.8923775,558.5125141,526.2710345,576.0008967,548.7483093,544.8417693,508.2360853,526.1816959,574.2401603,577.1807319,512.6067433,550.3804014,513.4558869,530.3455942,591.5276384,547.7059372,566.422372,571.6982202,565.337618,533.1277649,543.7426235,542.1258986,490.2304892,487.1103328,535.6382815,560.8621777,539.225821,609.49854,531.4139686,562.0571785,548.0933337,567.7451828,552.8344986,503.8164615,530.617962,547.7059372,530.6633839,501.3716406,572.6223583,532.0981632,521.7531162,534.4376612,552.6373658,556.5819403,543.1709148,553.3526422,482.5789857,532.2580622,551.5311077,515.5267901,558.2610339,543.7187783,573.4964291,562.3120913,577.2613512,547.1983097,576.9927076,548.7968883,687.6168433,551.7029013,516.5147184,524.1352484,544.0289294,532.8070177,567.095975,604.712447,590.9637417,634.5148056,579.8531148,565.0799554,548.0448792,625.6771953,585.7705424,654.9268027,556.7568953,564.1799828,534.3685588,553.3526422,538.827436,579.6633457,630.5777287,551.0408578,571.1188586,589.5867279,568.2135335,573.4964291,585.4939224,544.3633343,532.6467887,586.9352065,726.0728099,568.2656202,511.4015551,568.2656202,543.1233267,584.39005,537.5891819,522.4346579,589.5306596,520.1770212,594.9908485,567.4853214,572.5694699,573.7352754,726.0728099,584.39005,650.7331812,585.7705424,600.9606564,565.9828039,788.5530307,696.2665975
run49,521.1828703,545.6810572,508.569642,515.9773316,535.5226029,510.8537001,482.5789857,527.0092366,516.3641373,531.8927199,536.6119585,520.0024872,531.9840085,552.4649898,519.5884377,534.7373114,540.3774103,518.393582,526.248697,534.8757248,539.4839136,549.6727833,532.4866561,523.9801919,516.2566331,532.1438388,531.0270388,549.2588181,520.8325688,537.2397652,514.8203837,546.715729,528.8525551,517.161062,542.1496043,524.6453665,543.4089806,501.3716406,565.0799554,486.4605211,548.7483093,560.4311938,509.6567313,491.2989103,533.0819203,531.3911924,542.3156024,512.7763473,541.9837079,528.6045321,562.3120913,535.6382815,521.2266911,527.5923107,517.2905249,529.3492999,556.2323599,562.2610903,494.3745485,550.6982012,543.9573247,534.0233149,530.3455942,513.4558869,551.7029013,726.0728099,474.4535168,569.4662549,549.0399124,542.8379729,539.6013101,533.7244641,534.3455286,548.1660315,543.0995357,561.166801,537.8923775,553.3526422,541.4866271,550.0629681,539.6717725,515.5267901,558.2610339,573.4168579,567.095975,502.5910779,557.7838448,497.409103,544.7938879,542.3156024,556.2074066,513.2433374,509.572944,567.9532433,537.0768595,552.2189249,558.6886852,597.456597,515.4196342,524.6897715,539.225821,507.3418161,533.013168,503.0601031,552.8098494,530.617962,532.9902545,514.4785801,517.7441559,537.4726591,517.6360764,585.4939224,525.0675179,549.088543,520.7013272,548.7968883,542.4342346,518.9794601,492.1960818,491.3573218,533.4718515,576.9927076,543.7426235,543.4327987,542.1258986,546.1618123,515.6554359,511.2961071,531.2773408,553.3279467,531.4139686,552.8344986,534.7142494,558.5125141,547.7059372,512.5219834,496.4133288,548.0206551,572.1467144,490.2304892,566.422372,494.2760047,576.0811867,572.913419,609.49854,537.3096122,687.6168433,551.0408578,512.6067433,533.1277649,544.8417693,543.7187783,550.3804014,508.2360853,547.1983097,573.4964291,572.6223583,556.5819403,567.7451828,574.0540467,561.9298088,496.2742385,571.6982202,590.9355751,487.1103328,501.4527523,562.3120913,565.337618,562.0571785,577.2613512,590.9637417,530.617962,503.8164615,547.7059372,530.6633839,532.2580622,515.2268659,551.5311077,501.3108241,526.2710345,529.0556561,576.0008967,516.5147184,552.8344986,524.1352484,544.0289294,532.8070177,560.8621777,526.1816959,574.2401603,577.1807319,567.095975,548.0933337,521.7531162,532.0981632,534.4376612,552.6373658,576.9927076,604.712447,548.0448792,654.9268027,579.8531148,579.6633457,531.4139686,584.39005,543.1233267,634.5148056,556.7568953,585.7705424,635.1974641,564.1799828,630.5777287,534.3685588,520.1770212,538.827436,600.9606564,553.3526422,599.1890248,563.231695,594.4488326,586.9352065,573.4964291,571.1188586,589.5867279,568.2135335,544.3633343,568.2656202,591.5276384,640.8776647,568.2656202,511.4015551,522.4346579,589.5306596,537.5891819,625.6771953,594.9908485,543.1709148,584.39005,634.5148056,573.7352754,567.4853214,572.5694699,726.0728099,488.1267441,650.7331812,585.7705424,565.9828039,532.6467887,788.5530307,579.6633457,696.2665975
run50,590.9637417,573.4168579,560.4311938,543.7187783,558.2610339,568.2135335,577.2613512,572.6223583,510.8537001,516.3641373,527.0092366,531.9840085,552.4649898,482.5789857,512.6067433,501.4527523,501.3108241,518.393582,494.3745485,520.0024872,536.6119585,531.8927199,515.9773316,535.5226029,508.569642,529.8922686,521.1828703,545.6810572,509.6567313,516.2566331,532.1438388,531.0270388,486.4605211,532.4866561,523.9801919,549.6727833,496.0756732,514.8203837,502.5910779,534.7373114,526.248697,534.8757248,540.3774103,520.8325688,537.2397652,549.2588181,515.2268659,537.8923775,528.8525551,546.715729,517.161062,524.6453665,542.1496043,543.4089806,539.4839136,548.7483093,550.6982012,543.0995357,557.7838448,496.2742385,561.166801,599.1890248,544.8417693,563.231695,562.0571785,533.1277649,556.5819403,543.9573247,508.2360853,539.6013101,542.3156024,542.8379729,520.7013272,549.0399124,544.7938879,556.2074066,497.409103,541.4866271,513.2433374,494.2760047,574.0540467,509.572944,525.0675179,537.0768595,552.2189249,517.7441559,567.9532433,530.617962,547.7059372,514.4785801,537.4726591,532.9902545,542.4342346,518.9794601,542.1258986,572.913419,507.3418161,533.013168,524.6897715,515.4196342,539.225821,503.0601031,552.8098494,491.2989103,521.2266911,527.5923107,533.0819203,512.7763473,531.3911924,528.6045321,517.2905249,529.3492999,541.9837079,542.3156024,543.6710941,474.4535168,569.4662549,534.3455286,534.0233149,535.6382815,533.7244641,599.1890248,551.0408578,597.456597,562.2610903,556.2323599,537.3096122,515.6554359,531.2773408,511.2961071,534.7142494,548.1660315,548.0206551,517.6360764,550.0629681,558.6886852,531.4139686,552.8344986,553.3526422,558.5125141,539.6717725,550.3804014,585.4939224,566.422372,562.3120913,546.1618123,572.1467144,490.2304892,574.2401603,543.7426235,553.3279467,491.3573218,492.1960818,533.4718515,576.9927076,576.0811867,594.4488326,567.095975,543.1233267,634.5148056,548.7968883,590.9355751,562.3120913,565.337618,530.617962,547.7059372,530.6633839,501.3716406,503.8164615,532.2580622,551.5311077,549.088543,567.7451828,487.1103328,565.0799554,547.1983097,567.095975,526.2710345,526.1816959,574.2401603,529.0556561,576.0008967,561.9298088,516.5147184,544.0289294,531.4139686,552.8344986,524.1352484,532.8070177,560.8621777,573.4964291,521.7531162,532.0981632,534.4376612,552.6373658,548.0933337,576.9927076,604.712447,530.3455942,513.4558869,551.7029013,591.5276384,543.1709148,634.5148056,512.5219834,585.7705424,543.4327987,564.1799828,579.8531148,556.7568953,584.39005,534.3685588,553.3526422,538.827436,579.6633457,548.0448792,594.9908485,571.1188586,589.5867279,635.1974641,544.3633343,573.4964291,579.6633457,625.6771953,586.9352065,726.0728099,511.4015551,496.4133288,609.49854,537.5891819,522.4346579,568.2656202,532.6467887,726.0728099,568.2656202,584.39005,589.5306596,565.9828039,572.5694699,520.1770212,640.8776647,585.7705424,573.7352754,600.9606564,630.5777287,571.6982202,654.9268027,488.1267441,650.7331812,687.6168433,696.2665975
