,iter1,iter2,iter3,iter4,iter5,iter6,iter7,iter8,iter9,iter10,iter11,iter12,iter13,iter14,iter15,iter16,iter17,iter18,iter19,iter20,iter21,iter22,iter23,iter24,iter25,iter26,iter27,iter28,iter29,iter30,iter31,iter32,iter33,iter34,iter35,iter36,iter37,iter38,iter39,iter40,iter41,iter42,iter43,iter44,iter45,iter46,iter47,iter48,iter49,iter50,iter51,iter52,iter53,iter54,iter55,iter56,iter57,iter58,iter59,iter60,iter61,iter62,iter63,iter64,iter65,iter66,iter67,iter68,iter69,iter70,iter71,iter72,iter73,iter74,iter75,iter76,iter77,iter78,iter79,iter80,iter81,iter82,iter83,iter84,iter85,iter86,iter87,iter88,iter89,iter90,iter91,iter92,iter93,iter94,iter95,iter96,iter97,iter98,iter99,iter100,iter101,iter102,iter103,iter104,iter105,iter106,iter107,iter108,iter109,iter110,iter111,iter112,iter113,iter114,iter115,iter116,iter117,iter118,iter119,iter120,iter121,iter122,iter123,iter124,iter125,iter126,iter127,iter128,iter129,iter130,iter131,iter132,iter133,iter134,iter135,iter136,iter137,iter138,iter139,iter140,iter141,iter142,iter143,iter144,iter145,iter146,iter147,iter148,iter149,iter150,iter151,iter152,iter153,iter154,iter155,iter156,iter157,iter158,iter159,iter160,iter161,iter162,iter163,iter164,iter165,iter166,iter167,iter168,iter169,iter170,iter171,iter172,iter173,iter174,iter175,iter176,iter177,iter178,iter179,iter180,iter181,iter182,iter183,iter184,iter185,iter186,iter187,iter188,iter189,iter190,iter191,iter192,iter193,iter194,iter195,iter196,iter197,iter198,iter199,iter200,iter201,iter202,iter203,iter204,iter205,iter206,iter207,iter208,iter209,iter210,iter211,iter212,iter213,iter214,iter215,iter216,iter217,iter218,iter219,iter220,iter221,iter222,iter223,iter224,iter225,iter226,iter227,iter228,iter229,iter230,iter231,iter232,iter233,iter234,iter235,iter236,iter237,iter238,iter239,iter240,iter241,iter242,iter243,iter244,iter245,iter246,iter247,iter248,iter249,iter250,iter251
run1,0.3599999999999999,1.7799999999999998,1.9599999999999997,2.36,2.6799999999999997,3.0799999999999996,3.38,4.02,4.56,4.659999999999999,5.199999999999999,5.359999999999999,5.539999999999999,5.6,5.819999999999999,5.879999999999999,6.139999999999999,6.679999999999999,7.079999999999999,7.499999999999999,8.059999999999999,8.339999999999998,8.939999999999998,9.319999999999997,9.339999999999996,10.919999999999996,10.939999999999996,11.519999999999996,11.599999999999996,11.639999999999997,11.679999999999998,11.719999999999999,12.18,13.219999999999999,13.28,14.12,14.12,14.2,14.459999999999999,14.459999999999999,14.879999999999999,14.899999999999999,15.28,15.52,15.78,15.78,15.84,16.04,17.119999999999997,17.319999999999997,17.659999999999997,17.679999999999996,18.079999999999995,18.119999999999994,18.319999999999993,18.359999999999992,18.43999999999999,18.55999999999999,19.09999999999999,19.539999999999992,20.139999999999993,20.439999999999994,21.019999999999996,23.259999999999994,23.399999999999995,23.519999999999996,23.879999999999995,23.999999999999996,24.199999999999996,24.439999999999994,25.159999999999993,25.619999999999994,25.779999999999994,26.339999999999993,26.639999999999993,26.899999999999995,27.219999999999995,27.599999999999994,28.139999999999993,28.459999999999994,28.979999999999993,29.619999999999994,31.039999999999992,31.07999999999999,31.11999999999999,34.01999999999999,34.07999999999999,34.43999999999999,34.59999999999999,35.079999999999984,35.819999999999986,36.33999999999999,36.65999999999999,36.91999999999999,37.19999999999999,37.499999999999986,37.899999999999984,38.51999999999998,38.63999999999998,38.99999999999998,39.19999999999998,39.73999999999998,40.03999999999998,40.21999999999998,40.67999999999998,41.09999999999998,41.37999999999998,41.85999999999998,42.439999999999976,42.939999999999976,43.91999999999997,43.95999999999997,44.77999999999997,45.019999999999975,45.49999999999997,46.09999999999997,46.699999999999974,47.09999999999997,48.739999999999974,52.25999999999998,52.439999999999976,52.81999999999998,53.63999999999998,54.51999999999998,54.95999999999998,55.33999999999998,56.05999999999998,56.29999999999998,56.639999999999986,57.09999999999999,57.23999999999999,57.55999999999999,57.59999999999999,57.79999999999999,58.37999999999999,58.91999999999999,59.139999999999986,59.95999999999999,60.15999999999999,63.85999999999999,64.69999999999999,65.85999999999999,66.27999999999999,66.87999999999998,67.21999999999998,67.37999999999998,67.97999999999998,69.73999999999998,70.21999999999998,70.57999999999998,71.05999999999999,71.57999999999998,71.77999999999999,72.46,73.3,76.03999999999999,76.39999999999999,76.8,77.16,77.67999999999999,78.19999999999999,78.61999999999999,78.96,79.3,79.74,80.11999999999999,80.83999999999999,81.21999999999998,82.85999999999999,86.37999999999998,86.67999999999998,87.01999999999998,87.05999999999999,87.39999999999999,88.02,88.52,89.3,89.38,90.17999999999999,90.74,91.11999999999999,91.47999999999999,91.66,92.82,92.94,94.08,96.16,99.0,99.38,99.52,99.8,99.94,100.12,100.18,100.96000000000001,101.9,102.24000000000001,103.18,103.28,104.66,105.34,105.7,106.02,106.96,107.5,111.2,111.78,113.9,115.08000000000001,115.88000000000001,115.98,116.26,116.82000000000001,117.38000000000001,117.84,118.86,119.58,120.1,120.58,121.14,121.86,125.53999999999999,126.69999999999999,127.25999999999999,127.67999999999999,127.97999999999999,128.6,128.88,128.98,129.78,130.22,130.64,131.14,132.04,132.32,133.04,133.95999999999998,134.23999999999998,134.77999999999997,136.89999999999998,137.31999999999996,137.83999999999997,138.09999999999997,139.01999999999995,139.83999999999995,140.97999999999993,144.25999999999993,144.73999999999992,147.03999999999994,147.77999999999994,148.39999999999995
run2,0.6000000000000001,1.1400000000000001,2.9,2.94,3.02,3.14,3.34,3.6799999999999997,3.88,4.04,4.0600000000000005,4.1000000000000005,4.16,4.16,5.0,5.4,5.7,5.7,5.9,5.960000000000001,6.420000000000001,7.200000000000001,7.220000000000001,7.300000000000001,7.300000000000001,7.540000000000001,7.800000000000001,8.22,8.600000000000001,8.640000000000002,8.680000000000003,9.000000000000004,9.340000000000003,10.760000000000003,11.120000000000003,11.240000000000002,11.440000000000001,11.680000000000001,11.820000000000002,11.940000000000001,12.32,12.64,12.8,12.860000000000001,13.040000000000001,13.860000000000001,13.88,14.280000000000001,14.760000000000002,15.120000000000001,15.120000000000001,16.54,16.84,17.66,18.26,18.680000000000003,19.040000000000003,19.580000000000002,19.880000000000003,20.080000000000002,20.400000000000002,20.8,21.62,22.26,22.44,25.34,26.38,27.099999999999998,27.56,27.74,28.16,28.580000000000002,29.060000000000002,29.320000000000004,29.600000000000005,29.820000000000004,30.280000000000005,30.540000000000006,31.100000000000005,31.500000000000004,31.620000000000005,32.24,32.84,33.440000000000005,33.620000000000005,34.06,34.32,34.72,35.0,35.44,36.419999999999995,36.8,37.18,37.46,37.86,37.9,38.04,38.519999999999996,39.059999999999995,39.419999999999995,39.99999999999999,40.29999999999999,40.53999999999999,40.99999999999999,41.35999999999999,41.559999999999995,41.599999999999994,41.919999999999995,42.239999999999995,42.66,42.72,42.96,42.980000000000004,43.7,44.06,44.46,45.02,45.52,46.540000000000006,46.580000000000005,46.68000000000001,47.220000000000006,47.28000000000001,48.92000000000001,52.44000000000001,53.320000000000014,53.70000000000002,53.780000000000015,53.94000000000001,54.16000000000001,54.360000000000014,54.94000000000001,55.10000000000001,55.44000000000001,55.62000000000001,55.72000000000001,59.420000000000016,61.66000000000002,62.240000000000016,62.280000000000015,63.02000000000002,63.56000000000002,64.72000000000001,65.80000000000001,66.44000000000001,68.02000000000001,68.54,69.44000000000001,69.86000000000001,70.70000000000002,71.04000000000002,71.66000000000003,72.14000000000003,72.70000000000003,73.00000000000003,73.36000000000003,76.10000000000002,76.68000000000002,77.20000000000002,77.70000000000002,78.22000000000001,78.54,79.32000000000001,80.00000000000001,80.20000000000002,81.04000000000002,81.56000000000002,82.16000000000001,82.64000000000001,82.98000000000002,83.32000000000002,83.76000000000002,84.14000000000001,84.52000000000001,88.04,88.08000000000001,88.38000000000001,88.72000000000001,88.80000000000001,89.14000000000001,89.86000000000001,90.66000000000001,90.80000000000001,91.08000000000001,91.26000000000002,91.32000000000002,91.92000000000002,92.30000000000001,92.66000000000001,93.82000000000001,93.94000000000001,96.78000000000002,98.86000000000001,99.24000000000001,99.78000000000002,100.92000000000002,101.46000000000002,101.50000000000003,102.58000000000003,103.10000000000002,104.04000000000002,105.22000000000003,106.60000000000002,106.96000000000002,107.50000000000003,111.20000000000003,111.60000000000004,112.32000000000004,113.96000000000004,114.90000000000003,115.00000000000003,115.54000000000003,116.10000000000004,118.40000000000003,119.20000000000003,119.72000000000003,121.84000000000003,122.78000000000003,123.26000000000003,123.72000000000003,124.28000000000003,124.96000000000004,128.64000000000004,129.20000000000005,130.36000000000004,130.66000000000005,131.28000000000006,132.00000000000006,132.42000000000004,132.52000000000004,133.02000000000004,133.94000000000003,134.22000000000003,134.50000000000003,135.22000000000003,135.80000000000004,137.92000000000004,138.20000000000005,139.34000000000003,142.62000000000003,143.14000000000004,143.40000000000003,143.82000000000002,144.64000000000001,145.56,146.36,146.64000000000001,147.38000000000002,147.86,148.48000000000002,149.04000000000002
run3,0.28,0.7000000000000001,1.1600000000000001,1.9800000000000002,2.46,2.88,3.16,3.7199999999999998,3.7399999999999998,3.8,4.18,4.58,5.1,5.92,6.02,6.56,7.1,7.359999999999999,7.579999999999999,7.639999999999999,7.659999999999998,9.299999999999999,9.459999999999999,10.879999999999999,11.6,12.0,12.32,12.8,13.100000000000001,13.46,14.280000000000001,15.260000000000002,15.660000000000002,15.660000000000002,17.240000000000002,17.880000000000003,18.060000000000002,18.14,18.18,18.22,18.259999999999998,18.72,19.759999999999998,19.819999999999997,20.659999999999997,20.659999999999997,20.699999999999996,20.839999999999996,20.919999999999995,21.179999999999996,21.599999999999998,21.759999999999998,21.779999999999998,22.38,22.419999999999998,22.419999999999998,22.619999999999997,22.959999999999997,23.22,23.24,23.619999999999997,23.74,23.779999999999998,23.86,24.28,24.82,25.26,25.5,26.22,26.58,26.7,26.9,27.139999999999997,27.259999999999998,27.4,27.88,28.46,29.84,30.44,30.44,30.84,30.9,31.419999999999998,31.479999999999997,31.519999999999996,32.12,32.48,32.519999999999996,32.919999999999995,33.53999999999999,33.97999999999999,36.87999999999999,37.07999999999999,37.459999999999994,37.81999999999999,38.35999999999999,41.879999999999995,42.459999999999994,42.75999999999999,43.01999999999999,43.51999999999999,43.83999999999999,43.999999999999986,44.73999999999999,45.25999999999999,45.55999999999999,45.75999999999999,45.959999999999994,46.25999999999999,46.57999999999999,46.85999999999999,47.099999999999994,47.379999999999995,47.49999999999999,47.81999999999999,48.699999999999996,48.959999999999994,49.739999999999995,50.17999999999999,50.559999999999995,50.94,51.54,51.88,52.42,53.02,53.42,53.6,53.940000000000005,54.300000000000004,54.7,54.940000000000005,55.400000000000006,55.720000000000006,56.10000000000001,56.14000000000001,56.34000000000001,56.70000000000001,56.92000000000001,57.50000000000001,58.040000000000006,58.82000000000001,60.580000000000005,61.2,61.36,65.06,66.22,66.67999999999999,67.22,68.64,69.24,70.14,70.62,71.46000000000001,71.66000000000001,72.08000000000001,74.32000000000001,74.52000000000001,75.20000000000002,75.88000000000002,76.72000000000003,77.06000000000003,77.58000000000003,78.14000000000003,78.62000000000003,78.94000000000003,79.50000000000003,79.80000000000003,80.16000000000003,82.90000000000002,83.48000000000002,84.42000000000002,84.92000000000002,85.26000000000002,85.60000000000002,86.04000000000002,86.42000000000002,86.72000000000001,87.10000000000001,87.44000000000001,87.48000000000002,88.20000000000002,89.84000000000002,93.36000000000001,93.70000000000002,94.18000000000002,94.26000000000002,95.06000000000002,95.58000000000001,95.72000000000001,95.84000000000002,96.98000000000002,99.06000000000002,101.90000000000002,102.28000000000002,102.64000000000001,102.82000000000002,103.10000000000002,103.24000000000002,103.42000000000003,103.48000000000003,104.64000000000003,105.00000000000003,106.08000000000003,107.16000000000003,107.26000000000002,108.44000000000003,109.24000000000002,109.34000000000002,110.28000000000002,110.38000000000001,110.66000000000001,111.22000000000001,113.34000000000002,113.88000000000002,117.58000000000003,117.98000000000003,118.78000000000003,119.24000000000002,120.26000000000002,121.20000000000002,121.92000000000002,122.44000000000001,122.92000000000002,123.48000000000002,123.96000000000002,124.52000000000002,128.20000000000002,129.36,129.66000000000003,130.28000000000003,130.70000000000002,131.20000000000002,132.12,132.4,133.12,133.70000000000002,134.24,136.36,136.64000000000001,137.06,137.58,137.84,138.56,139.48,140.29999999999998,141.43999999999997,144.71999999999997,145.51999999999998,147.82,148.56,149.18
run4,0.84,1.76,1.8000000000000003,1.9200000000000004,2.0000000000000004,2.5400000000000005,3.1400000000000006,3.5800000000000005,3.9000000000000004,4.220000000000001,4.6000000000000005,4.640000000000001,4.680000000000001,4.760000000000001,5.180000000000001,5.44,5.5200000000000005,5.5200000000000005,5.760000000000001,5.780000000000001,5.980000000000001,6.320000000000001,6.340000000000002,6.500000000000002,6.540000000000002,6.600000000000001,6.600000000000001,6.620000000000001,6.880000000000001,7.340000000000001,7.340000000000001,7.4,7.800000000000001,8.100000000000001,8.3,8.5,9.28,10.32,11.16,11.74,13.98,15.56,15.92,16.12,16.240000000000002,16.360000000000003,16.500000000000004,16.740000000000002,17.46,17.62,17.8,17.86,18.68,18.68,20.1,20.5,20.98,21.38,21.7,22.22,22.52,22.88,23.7,24.3,24.720000000000002,24.900000000000002,25.12,28.02,28.08,28.34,28.9,29.18,29.58,30.56,30.98,31.52,31.62,31.64,32.1,32.64,34.06,34.400000000000006,34.940000000000005,36.580000000000005,40.10000000000001,40.98000000000001,41.70000000000001,42.24000000000001,42.56000000000001,43.30000000000001,43.46000000000001,43.940000000000005,44.46000000000001,44.50000000000001,44.56000000000001,44.84000000000001,45.08000000000001,45.26000000000001,45.72000000000001,46.140000000000015,46.740000000000016,47.100000000000016,47.680000000000014,47.98000000000001,48.38000000000001,49.00000000000001,49.28000000000001,49.720000000000006,50.080000000000005,50.620000000000005,50.74,50.940000000000005,51.24,51.72,52.1,52.300000000000004,52.800000000000004,52.940000000000005,53.300000000000004,53.7,53.940000000000005,54.300000000000004,54.78,55.24,55.28,55.6,55.800000000000004,56.64000000000001,57.580000000000005,57.84,58.2,59.36,59.74,60.38,60.42,60.68,61.12,61.72,61.9,62.28,62.68,63.02,63.18,63.22,66.92,67.44,68.08,68.76,69.08,70.84,71.74000000000001,72.26,72.86,73.36,73.88,74.42,74.98,75.28,78.02,78.58,79.06,79.64,80.06,80.84,81.46000000000001,81.82000000000001,82.4,82.88000000000001,82.92000000000002,84.00000000000001,84.34000000000002,84.68000000000002,85.12000000000002,85.50000000000001,89.02000000000001,89.32000000000001,89.7,90.04,90.08000000000001,90.80000000000001,90.88000000000001,91.22000000000001,91.36000000000001,91.48000000000002,93.56000000000002,96.40000000000002,96.78000000000002,96.96000000000002,97.34000000000002,97.70000000000002,98.86000000000001,100.00000000000001,101.08000000000001,101.22000000000001,101.50000000000001,101.68000000000002,101.74000000000002,103.12000000000002,103.22000000000001,103.94000000000001,104.34000000000002,104.88000000000002,108.58000000000003,109.60000000000002,110.54000000000002,111.34000000000002,112.52000000000002,113.00000000000003,114.64000000000003,114.74000000000002,115.28000000000003,115.84000000000003,116.30000000000003,116.86000000000003,118.98000000000003,119.58000000000003,120.10000000000002,120.66000000000003,121.34000000000003,121.96000000000004,122.18000000000004,122.68000000000004,123.10000000000004,126.78000000000003,127.94000000000003,128.66000000000003,129.08,129.64000000000001,129.92000000000002,130.64000000000001,130.92000000000002,131.50000000000003,133.62000000000003,134.56000000000003,134.84000000000003,134.94000000000003,138.22000000000003,139.36,139.88000000000002,140.14000000000001,140.94000000000003,141.36,142.18,143.1,143.4,144.20000000000002,144.48000000000002,144.96,147.26000000000002,148.00000000000003,148.62000000000003
run5,0.62,1.4,2.48,3.04,3.4,5.48,5.74,6.0600000000000005,6.460000000000001,6.760000000000001,7.180000000000001,7.180000000000001,7.380000000000001,7.440000000000001,7.900000000000001,8.940000000000001,9.000000000000002,9.000000000000002,9.840000000000002,9.860000000000001,10.200000000000001,10.4,10.440000000000001,10.64,10.8,10.82,13.72,14.440000000000001,14.56,14.600000000000001,14.680000000000001,15.220000000000002,15.820000000000002,15.900000000000002,15.900000000000002,16.14,16.400000000000002,16.820000000000004,17.200000000000003,17.240000000000002,17.28,17.720000000000002,18.040000000000003,18.42,18.78,18.900000000000002,19.1,19.34,19.48,19.6,20.98,21.14,21.32,21.38,21.74,22.279999999999998,22.58,23.18,23.66,24.06,24.18,24.56,25.04,25.439999999999998,26.259999999999998,26.619999999999997,26.659999999999997,27.259999999999998,27.56,27.779999999999998,28.319999999999997,28.719999999999995,28.999999999999996,29.479999999999997,30.159999999999997,30.759999999999998,31.339999999999996,31.619999999999997,31.619999999999997,31.799999999999997,32.14,32.28,32.74,32.92,33.4,33.46,33.72,34.14,34.4,34.96,35.36,35.66,36.239999999999995,36.559999999999995,37.98,38.959999999999994,39.019999999999996,39.63999999999999,39.81999999999999,40.019999999999996,40.22,40.5,40.66,41.4,41.92,42.52,42.540000000000006,42.64000000000001,42.68000000000001,42.940000000000005,45.68000000000001,46.040000000000006,46.28000000000001,46.66000000000001,47.12000000000001,47.44000000000001,48.280000000000015,48.640000000000015,48.88000000000002,49.280000000000015,49.640000000000015,49.860000000000014,50.320000000000014,50.52000000000002,50.920000000000016,52.56000000000002,53.06000000000002,53.08000000000002,53.90000000000002,54.42000000000002,54.50000000000002,54.60000000000002,54.940000000000026,55.58000000000003,55.90000000000003,56.440000000000026,59.96000000000002,60.40000000000002,60.44000000000002,60.62000000000002,64.32000000000002,65.26000000000002,65.90000000000002,66.48000000000002,66.86000000000001,69.10000000000001,69.14000000000001,69.96000000000001,70.74000000000001,72.32000000000001,72.48,72.68,73.28,73.86,74.28,74.66,75.14,75.66,77.42,78.84,79.56,80.04,80.38000000000001,80.80000000000001,81.38000000000001,82.46000000000001,83.00000000000001,83.52000000000001,84.32000000000001,84.68,85.18,85.80000000000001,86.12,86.46000000000001,86.80000000000001,87.24000000000001,87.62,88.0,89.64,93.16,93.2,93.28,93.62,93.92,94.26,94.98,95.78,96.94,97.08,97.36,97.5,97.68,97.74000000000001,100.58000000000001,100.68,101.2,101.88000000000001,102.82000000000001,103.36000000000001,103.92000000000002,104.44000000000001,104.48000000000002,104.88000000000002,105.42000000000003,109.12000000000003,110.14000000000003,111.30000000000003,111.68000000000002,112.48000000000002,112.58000000000001,113.12000000000002,113.68000000000002,114.14000000000001,114.70000000000002,115.18000000000002,116.36000000000003,117.50000000000003,118.22000000000003,121.90000000000003,122.02000000000004,122.58000000000004,123.00000000000004,123.94000000000004,124.36000000000004,124.66000000000004,125.28000000000004,126.00000000000004,126.28000000000004,127.12000000000005,128.02000000000004,128.52000000000004,128.94000000000003,129.86,131.98000000000002,132.26000000000002,132.70000000000002,132.98000000000002,133.54000000000002,133.8,134.32000000000002,135.04000000000002,138.32000000000002,139.46,141.58,142.4,143.32,143.6,144.4,144.88,147.18,147.92000000000002
run6,0.38,0.7399999999999999,0.9799999999999999,1.3599999999999999,2.54,3.16,3.56,3.6799999999999997,3.9799999999999995,4.159999999999999,4.56,5.159999999999999,5.339999999999999,5.8199999999999985,6.159999999999998,6.759999999999998,7.299999999999998,7.559999999999998,7.859999999999998,8.139999999999997,9.119999999999997,9.699999999999998,10.159999999999997,10.299999999999997,10.339999999999998,10.539999999999997,10.899999999999997,11.499999999999996,11.659999999999997,14.939999999999996,15.519999999999996,15.839999999999996,16.339999999999996,16.379999999999995,16.439999999999994,16.679999999999993,16.959999999999994,18.039999999999992,18.07999999999999,18.39999999999999,18.839999999999993,19.23999999999999,22.91999999999999,22.97999999999999,22.97999999999999,23.81999999999999,23.85999999999999,24.31999999999999,24.31999999999999,24.37999999999999,24.579999999999988,24.599999999999987,24.85999999999999,25.219999999999988,25.69999999999999,26.099999999999987,26.639999999999986,26.799999999999986,26.979999999999986,27.039999999999985,27.859999999999985,28.439999999999984,28.839999999999982,28.839999999999982,28.87999999999998,28.91999999999998,28.99999999999998,29.47999999999998,29.49999999999998,30.059999999999977,30.13999999999998,30.13999999999998,30.359999999999978,30.61999999999998,31.03999999999998,31.319999999999983,31.69999999999998,32.01999999999998,32.399999999999984,32.759999999999984,32.95999999999999,33.499999999999986,33.79999999999998,33.859999999999985,34.11999999999998,34.719999999999985,35.15999999999998,35.399999999999984,35.819999999999986,36.539999999999985,37.01999999999998,37.15999999999998,37.27999999999998,37.63999999999998,37.75999999999998,37.95999999999998,38.19999999999998,38.51999999999998,38.67999999999998,39.41999999999998,39.93999999999998,40.539999999999985,41.95999999999999,42.139999999999986,42.59999999999999,43.01999999999999,43.05999999999999,43.139999999999986,43.259999999999984,43.579999999999984,44.61999999999998,44.83999999999998,44.859999999999985,45.319999999999986,45.859999999999985,46.05999999999999,46.47999999999999,46.639999999999986,46.65999999999999,47.05999999999999,48.07999999999999,48.71999999999999,49.059999999999995,49.9,50.28,51.0,51.04,51.86,52.18,52.76,52.94,54.36,54.96,55.84,56.36000000000001,57.14000000000001,57.440000000000005,57.92,58.46,58.56,58.760000000000005,59.10000000000001,60.86000000000001,61.42000000000001,61.720000000000006,61.980000000000004,62.50000000000001,62.980000000000004,63.34,63.88,64.68,64.78,65.7,67.08,67.42,67.8,68.42,71.16,72.24,72.44,73.12,73.80000000000001,74.64000000000001,76.28000000000002,79.80000000000001,80.32000000000001,80.68,82.26,82.46000000000001,82.96000000000001,85.2,85.74000000000001,86.08000000000001,86.16000000000001,86.50000000000001,86.84000000000002,87.28000000000002,87.66000000000001,87.96000000000001,88.34,91.86,91.9,92.24000000000001,92.66000000000001,93.38000000000001,93.52000000000001,94.32000000000001,94.46000000000001,94.74000000000001,94.92000000000002,94.98000000000002,97.82000000000002,98.76000000000002,98.86000000000001,99.66000000000001,100.24000000000001,100.60000000000001,101.76,102.14,102.5,102.9,103.54,104.02000000000001,104.96000000000001,105.48,106.04,106.60000000000001,108.72000000000001,109.88000000000001,110.44000000000001,110.54,111.08000000000001,113.38000000000001,113.92000000000002,117.62000000000002,118.40000000000002,118.86000000000001,121.76000000000002,122.90000000000002,123.62000000000002,124.18000000000002,124.46000000000002,124.90000000000002,125.20000000000002,125.82000000000002,126.30000000000003,127.46000000000002,127.58000000000003,131.28000000000003,132.22000000000003,132.64000000000001,133.36,133.86,134.78,135.06,135.34,136.98,137.39999999999998,139.51999999999998,139.93999999999997,140.75999999999996,141.01999999999995,141.53999999999996,142.67999999999995,143.47999999999996,144.37999999999997,144.65999999999997,145.39999999999998,146.11999999999998,146.73999999999998,147.29999999999998
run7,0.94,1.0999999999999999,1.16,1.98,2.1,2.3,2.54,2.58,2.62,2.64,2.7600000000000002,2.9000000000000004,3.2600000000000002,3.2600000000000002,4.68,5.16,5.46,5.92,6.96,7.0,7.14,7.739999999999999,8.2,9.1,9.68,10.08,10.7,11.0,11.24,11.64,12.040000000000001,12.360000000000001,12.420000000000002,13.260000000000002,13.260000000000002,13.3,13.3,13.360000000000001,13.56,14.06,15.08,15.24,15.26,15.3,18.2,18.62,19.02,19.36,19.56,20.279999999999998,20.54,20.56,20.68,21.84,22.22,22.48,22.900000000000002,23.180000000000003,23.620000000000005,23.880000000000006,24.480000000000008,24.680000000000007,24.720000000000006,25.080000000000005,25.920000000000005,26.240000000000006,26.520000000000007,27.120000000000008,27.500000000000007,27.980000000000008,28.360000000000007,28.420000000000005,28.460000000000004,29.020000000000003,29.1,29.1,29.34,29.82,30.3,30.34,30.46,30.54,30.919999999999998,31.24,31.599999999999998,32.14,32.44,32.64,32.82,33.04,33.1,33.36,33.74,34.34,34.78,35.32,35.42,35.440000000000005,35.84,36.38,36.96,37.24,37.84,38.02,38.480000000000004,38.900000000000006,39.14000000000001,39.34000000000001,39.64000000000001,40.040000000000006,41.68000000000001,45.2,46.02,46.900000000000006,47.260000000000005,47.660000000000004,48.02,48.18,48.92,49.440000000000005,49.78000000000001,50.50000000000001,51.06000000000001,51.26000000000001,51.70000000000001,52.02000000000001,52.28000000000001,52.70000000000001,53.48000000000001,55.06000000000001,55.28000000000001,55.60000000000001,55.78000000000001,55.940000000000005,56.28000000000001,56.88000000000001,57.30000000000001,57.48000000000001,58.56000000000001,59.08000000000001,59.62000000000001,63.320000000000014,64.10000000000001,64.68,66.92,67.46000000000001,68.10000000000001,68.62,69.26,69.78,70.3,70.78,71.32000000000001,71.9,72.22,72.78,73.08,73.44,76.17999999999999,76.63999999999999,77.13999999999999,77.82,78.02,78.7,79.54,79.88000000000001,80.42000000000002,80.76000000000002,81.10000000000002,81.54000000000002,81.92000000000002,82.22000000000001,82.56000000000002,82.94000000000001,82.98000000000002,86.50000000000001,86.58000000000001,86.92000000000002,87.54000000000002,88.34000000000002,89.06000000000002,89.54000000000002,89.68000000000002,89.80000000000003,91.88000000000002,94.72000000000003,95.10000000000002,96.24000000000002,96.38000000000002,96.66000000000003,96.84000000000003,96.90000000000003,96.94000000000004,98.02000000000004,99.20000000000005,99.58000000000004,101.00000000000004,102.76000000000005,103.12000000000005,103.22000000000004,104.02000000000004,104.96000000000004,105.06000000000003,105.46000000000004,106.18000000000004,106.98000000000003,107.46000000000004,108.40000000000003,108.50000000000003,109.04000000000003,109.60000000000004,110.16000000000004,110.52000000000004,112.16000000000004,114.28000000000004,114.74000000000004,115.26000000000003,115.82000000000004,116.24000000000004,117.22000000000004,117.72000000000004,118.28000000000004,119.44000000000004,123.12000000000003,123.42000000000003,124.04000000000003,124.76000000000003,125.18000000000004,126.56000000000003,127.48000000000003,127.76000000000003,128.04000000000002,128.76000000000002,129.34000000000003,129.88000000000002,131.04000000000002,133.16000000000003,133.44000000000003,133.96000000000004,134.22000000000003,135.36,135.78,139.06,139.88,140.79999999999998,141.6,141.88,142.35999999999999,144.66,145.4,146.02
run8,0.19999999999999996,0.36,0.4,0.4,1.2399999999999998,1.2599999999999998,1.9799999999999998,1.9999999999999998,2.0599999999999996,2.3999999999999995,2.5199999999999996,2.5599999999999996,2.6399999999999997,2.7199999999999998,2.7199999999999998,2.96,3.2199999999999998,3.6399999999999997,3.6999999999999997,4.1,4.1,5.18,5.38,5.68,6.14,6.52,6.56,6.6,6.859999999999999,7.279999999999999,7.659999999999999,8.26,8.7,8.84,8.959999999999999,9.319999999999999,9.439999999999998,9.639999999999997,9.879999999999997,11.259999999999998,11.579999999999998,13.339999999999998,13.799999999999997,14.159999999999997,14.559999999999997,15.039999999999997,15.199999999999998,15.259999999999998,15.439999999999998,15.439999999999998,15.619999999999997,16.439999999999998,17.86,17.88,18.18,18.4,18.939999999999998,19.259999999999998,19.659999999999997,20.059999999999995,20.739999999999995,20.939999999999994,21.779999999999994,22.099999999999994,24.999999999999993,25.599999999999994,25.659999999999993,26.039999999999992,26.299999999999994,26.859999999999992,27.89999999999999,28.179999999999993,28.73999999999999,28.839999999999993,29.259999999999994,29.619999999999994,29.819999999999993,30.359999999999992,30.659999999999993,30.839999999999993,31.299999999999994,31.719999999999995,32.199999999999996,32.31999999999999,32.919999999999995,33.31999999999999,33.61999999999999,33.89999999999999,35.53999999999999,35.97999999999999,39.499999999999986,40.11999999999998,40.719999999999985,41.079999999999984,41.33999999999998,41.81999999999998,42.69999999999998,43.09999999999998,43.27999999999998,43.61999999999998,44.43999999999998,44.819999999999986,45.139999999999986,45.639999999999986,46.65999999999999,46.69999999999999,46.75999999999999,46.779999999999994,47.059999999999995,47.8,47.959999999999994,48.48,48.959999999999994,49.559999999999995,50.13999999999999,50.17999999999999,51.15999999999999,51.39999999999999,51.65999999999999,51.83999999999999,52.23999999999999,53.319999999999986,53.55999999999999,53.91999999999999,54.359999999999985,54.819999999999986,54.95999999999999,55.27999999999999,55.319999999999986,55.51999999999999,56.15999999999999,56.97999999999999,57.19999999999999,57.73999999999999,57.819999999999986,58.359999999999985,58.93999999999998,59.139999999999986,62.83999999999999,63.17999999999999,63.959999999999994,64.55999999999999,65.19999999999999,66.03999999999999,66.82,67.39999999999999,67.91999999999999,68.33999999999999,68.85999999999999,71.09999999999998,71.13999999999999,71.29999999999998,72.87999999999998,74.03999999999998,74.57999999999998,75.11999999999999,76.53999999999999,76.88,77.24,77.75999999999999,78.27999999999999,78.77999999999999,79.11999999999999,79.19999999999999,79.53999999999999,79.66,82.39999999999999,82.77999999999999,83.39999999999999,83.74,84.17999999999999,84.22,84.36,86.0,89.52,92.36,92.9,93.7,94.26,94.54,94.68,94.86000000000001,94.92000000000002,95.48000000000002,95.78000000000002,96.14000000000001,98.22000000000001,98.80000000000001,99.12,99.80000000000001,100.28000000000002,101.22000000000001,101.32000000000001,102.04,102.42,102.72,103.06,103.44,104.58,104.96,105.32,106.25999999999999,106.61999999999999,107.55999999999999,108.71999999999998,109.87999999999998,109.91999999999999,110.71999999999998,110.81999999999998,111.09999999999998,111.65999999999998,113.95999999999998,114.67999999999998,115.07999999999998,116.25999999999999,116.71999999999998,117.23999999999998,117.81999999999998,118.35999999999999,122.05999999999999,122.61999999999999,123.1,126.78,127.2,127.5,128.12,128.4,128.88,131.0,131.1,131.9,132.32,133.22,133.5,134.0,134.72,135.64,135.92,136.45999999999998,138.57999999999998,139.71999999999997,140.13999999999996,140.65999999999997,140.91999999999996,141.63999999999996,142.55999999999995,143.37999999999994,146.65999999999994,147.39999999999995,148.01999999999995,148.57999999999996
run9,2.9,3.02,3.26,3.6199999999999997,3.9799999999999995,5.14,5.26,5.3999999999999995,5.9799999999999995,8.219999999999999,8.999999999999998,9.319999999999999,9.799999999999999,10.139999999999999,10.659999999999998,11.399999999999999,11.919999999999998,12.079999999999998,12.339999999999998,12.759999999999998,13.139999999999999,13.419999999999998,13.499999999999998,13.499999999999998,13.739999999999998,13.819999999999999,13.86,13.9,14.5,14.52,14.559999999999999,15.02,16.06,16.34,16.78,17.380000000000003,17.78,18.400000000000002,18.700000000000003,18.740000000000002,18.880000000000003,19.340000000000003,20.160000000000004,21.060000000000002,21.6,22.200000000000003,22.26,22.26,22.46,22.48,22.740000000000002,23.32,23.62,23.98,24.22,24.419999999999998,24.459999999999997,24.72,24.939999999999998,25.259999999999998,26.099999999999998,26.9,26.959999999999997,27.199999999999996,27.699999999999996,27.859999999999996,28.419999999999995,29.139999999999993,29.619999999999994,29.939999999999994,30.299999999999994,30.499999999999993,31.039999999999992,31.339999999999993,31.459999999999994,31.939999999999994,32.25999999999999,32.63999999999999,33.239999999999995,33.62,34.0,34.32,34.58,35.019999999999996,35.4,35.559999999999995,35.739999999999995,36.559999999999995,36.62,36.98,38.4,38.879999999999995,39.099999999999994,39.16,39.419999999999995,39.8,40.199999999999996,40.739999999999995,41.31999999999999,41.49999999999999,41.959999999999994,42.239999999999995,42.839999999999996,43.26,43.68,43.86,44.88,45.080000000000005,46.660000000000004,47.1,48.52,48.52,48.92,48.980000000000004,48.980000000000004,49.82000000000001,49.86000000000001,49.940000000000005,50.06,50.480000000000004,50.88,52.52,56.040000000000006,56.92000000000001,57.32000000000001,57.720000000000006,58.080000000000005,58.10000000000001,59.86000000000001,59.900000000000006,60.080000000000005,60.440000000000005,60.760000000000005,61.36000000000001,61.70000000000001,62.22000000000001,62.640000000000015,63.72000000000001,63.76000000000001,63.88000000000001,66.72000000000001,67.10000000000001,67.44000000000001,68.08000000000001,68.70000000000002,69.34000000000002,69.68000000000002,70.12000000000002,70.60000000000002,70.90000000000002,71.44000000000003,71.54000000000002,72.08000000000003,72.64000000000003,72.94000000000003,74.08000000000003,74.80000000000003,76.44000000000003,76.82000000000002,80.34000000000002,80.64000000000001,80.98000000000002,81.36000000000001,81.40000000000002,81.76000000000002,84.50000000000001,84.70000000000002,84.86000000000001,84.88000000000001,85.22000000000001,85.26000000000002,85.46000000000002,86.62000000000002,87.08000000000001,87.58000000000001,88.06000000000002,89.00000000000001,89.20000000000002,89.88000000000002,90.72000000000003,91.24000000000002,91.76000000000002,91.90000000000002,92.24000000000002,92.78000000000003,93.30000000000003,93.58000000000003,93.72000000000003,93.90000000000003,93.96000000000004,94.06000000000003,94.42000000000003,96.50000000000003,100.20000000000003,101.02000000000002,101.56000000000003,101.96000000000004,102.30000000000004,102.48000000000005,102.58000000000004,103.36000000000004,103.94000000000004,104.62000000000005,105.42000000000004,106.60000000000005,106.70000000000005,106.98000000000005,107.54000000000005,109.84000000000005,111.96000000000005,112.42000000000004,113.22000000000004,113.62000000000005,117.32000000000005,118.26000000000005,118.74000000000005,119.46000000000005,120.54000000000005,121.10000000000005,121.52000000000005,122.08000000000006,123.06000000000006,123.62000000000006,123.92000000000006,124.54000000000006,125.26000000000006,126.42000000000006,126.96000000000006,127.88000000000007,128.30000000000007,128.80000000000007,129.08000000000007,129.66000000000008,131.04000000000008,131.32000000000008,132.04000000000008,132.32000000000008,134.44000000000008,135.38000000000008,135.80000000000007,136.32000000000008,136.58000000000007,137.72000000000006,138.64000000000004,139.46000000000004,142.74000000000004,143.22000000000003,144.02000000000004,144.76000000000005,145.38000000000005,145.94000000000005
run10,0.040000000000000036,0.24,0.5399999999999998,0.6999999999999998,0.8999999999999998,1.2399999999999998,1.2599999999999998,1.38,1.42,2.2,5.88,6.08,6.08,6.140000000000001,6.2,6.2,6.6,7.06,7.38,7.76,7.779999999999999,8.04,8.12,8.12,8.16,8.42,8.84,9.22,9.82,10.26,10.379999999999999,10.52,10.879999999999999,11.079999999999998,11.199999999999998,11.439999999999998,12.579999999999998,12.62,13.079999999999998,13.619999999999997,13.859999999999998,14.299999999999997,14.899999999999997,15.299999999999997,15.919999999999996,16.399999999999995,16.699999999999996,16.819999999999997,17.179999999999996,17.479999999999997,18.019999999999996,18.619999999999997,19.099999999999998,19.139999999999997,19.959999999999997,20.56,20.7,21.28,21.580000000000002,21.840000000000003,22.040000000000003,22.28,22.740000000000002,22.78,23.16,23.36,24.259999999999998,24.979999999999997,25.339999999999996,25.819999999999997,25.839999999999996,25.999999999999996,26.179999999999996,26.259999999999998,27.099999999999998,27.419999999999998,27.7,28.08,28.4,28.619999999999997,28.979999999999997,29.339999999999996,29.499999999999996,29.679999999999996,30.499999999999996,30.559999999999995,31.979999999999997,32.379999999999995,33.959999999999994,34.17999999999999,34.71999999999999,34.97999999999999,35.65999999999999,36.05999999999999,36.25999999999999,37.099999999999994,38.13999999999999,38.53999999999999,38.81999999999999,39.379999999999995,39.98,40.76,40.76,41.16,41.48,41.76,42.78,42.84,43.1,43.160000000000004,43.540000000000006,43.56000000000001,44.14000000000001,44.32000000000001,44.78000000000001,45.20000000000001,46.84000000000001,50.360000000000014,50.40000000000001,51.280000000000015,51.640000000000015,51.680000000000014,51.920000000000016,52.360000000000014,52.740000000000016,52.94000000000002,53.28000000000002,53.46000000000002,54.880000000000024,55.300000000000026,55.72000000000003,56.46000000000003,56.620000000000026,57.22000000000003,57.700000000000024,58.22000000000003,59.380000000000024,60.10000000000002,60.74000000000002,61.160000000000025,61.74000000000002,62.28000000000002,62.380000000000024,62.74000000000002,64.98000000000002,66.74000000000002,67.26000000000002,67.78000000000002,68.32000000000002,68.64000000000001,69.20000000000002,69.84000000000002,70.40000000000002,70.70000000000002,73.44000000000001,73.92000000000002,74.42000000000002,74.94000000000001,75.46000000000001,75.82000000000001,76.4,77.34,77.68,78.22000000000001,78.56000000000002,78.90000000000002,79.34000000000002,79.72000000000001,80.02000000000001,80.36000000000001,80.74000000000001,80.78000000000002,81.50000000000001,83.14000000000001,86.66000000000001,86.74000000000001,87.08000000000001,87.70000000000002,88.50000000000001,88.90000000000002,89.08000000000003,89.42000000000003,89.52000000000002,90.68000000000002,91.50000000000001,94.40000000000002,94.54000000000002,94.66000000000003,97.50000000000003,99.58000000000003,100.72000000000003,101.10000000000002,101.38000000000002,101.52000000000002,101.70000000000003,101.76000000000003,102.30000000000004,102.34000000000005,103.42000000000004,103.52000000000004,103.88000000000004,104.36000000000004,105.30000000000004,105.98000000000005,107.36000000000004,108.54000000000005,109.34000000000005,109.44000000000004,109.72000000000004,110.28000000000004,112.58000000000004,114.70000000000005,115.10000000000005,115.64000000000006,119.34000000000006,123.04000000000006,123.84000000000006,124.78000000000006,125.24000000000005,125.76000000000005,126.24000000000005,126.96000000000005,128.04000000000005,128.60000000000005,129.58000000000004,130.06000000000003,130.62000000000003,130.92000000000004,131.54000000000005,132.70000000000005,133.12000000000003,133.62000000000003,134.54000000000002,134.82000000000002,135.10000000000002,135.82000000000002,136.40000000000003,136.94000000000003,139.06000000000003,139.34000000000003,139.76000000000002,140.28000000000003,140.54000000000002,141.26000000000002,144.54000000000002,145.46,146.28,147.08,147.82000000000002,148.44000000000003,149.00000000000003
run11,0.52,0.5600000000000002,0.6400000000000002,0.6600000000000003,0.7800000000000001,1.1800000000000002,1.8,2.0999999999999996,2.5799999999999996,2.88,3.12,3.7,3.88,4.24,4.58,5.0600000000000005,5.220000000000001,8.5,9.1,9.459999999999999,9.5,10.08,10.22,10.68,10.879999999999999,11.719999999999999,11.759999999999998,12.019999999999998,12.459999999999997,13.059999999999997,13.439999999999998,13.839999999999998,14.019999999999998,14.619999999999997,15.119999999999997,15.159999999999997,15.199999999999996,15.259999999999996,15.499999999999996,15.779999999999996,16.159999999999997,17.239999999999995,17.559999999999995,17.879999999999995,18.279999999999994,18.679999999999993,19.319999999999993,20.339999999999993,20.339999999999993,20.539999999999992,20.59999999999999,20.65999999999999,21.49999999999999,21.49999999999999,21.51999999999999,21.77999999999999,22.49999999999999,22.53999999999999,22.99999999999999,23.41999999999999,23.89999999999999,24.09999999999999,24.25999999999999,24.27999999999999,24.61999999999999,25.09999999999999,25.21999999999999,25.25999999999999,25.33999999999999,26.15999999999999,26.47999999999999,26.51999999999999,26.83999999999999,27.219999999999988,27.29999999999999,27.29999999999999,27.53999999999999,28.099999999999987,28.35999999999999,28.77999999999999,29.15999999999999,29.29999999999999,29.41999999999999,29.77999999999999,29.89999999999999,30.09999999999999,30.33999999999999,30.65999999999999,30.87999999999999,31.31999999999999,31.67999999999999,31.87999999999999,32.41999999999999,32.719999999999985,32.999999999999986,33.15999999999998,33.33999999999998,33.399999999999984,34.219999999999985,34.579999999999984,34.79999999999998,35.33999999999998,35.73999999999998,35.79999999999998,36.05999999999998,36.15999999999998,36.69999999999998,36.719999999999985,37.319999999999986,37.69999999999999,38.43999999999999,38.69999999999999,39.679999999999986,40.499999999999986,40.91999999999999,41.499999999999986,42.09999999999999,42.819999999999986,43.219999999999985,43.41999999999999,43.719999999999985,44.759999999999984,44.93999999999998,45.399999999999984,45.859999999999985,46.05999999999999,46.05999999999999,46.23999999999999,46.75999999999999,47.17999999999999,47.519999999999996,49.16,52.67999999999999,53.559999999999995,57.239999999999995,58.66,60.08,60.68,61.32,61.86,62.38,64.14,64.56,65.10000000000001,65.88000000000001,66.68,67.04,67.14,68.72,69.64,69.92,70.46000000000001,70.66000000000001,71.34000000000002,72.02000000000002,72.86000000000003,73.20000000000003,73.56000000000003,74.06000000000003,74.58000000000003,75.14000000000003,75.66000000000003,76.14000000000003,77.22000000000003,77.78000000000003,78.08000000000003,80.82000000000002,81.40000000000002,81.98000000000002,84.22000000000001,84.76000000000002,85.70000000000002,86.18000000000002,86.52000000000002,86.60000000000002,86.94000000000003,87.56000000000003,87.90000000000003,88.34000000000003,88.72000000000003,89.10000000000002,90.74000000000002,94.26000000000002,94.56000000000002,94.60000000000002,94.94000000000003,95.30000000000003,96.10000000000002,96.82000000000002,96.96000000000002,97.08000000000003,97.46000000000002,98.60000000000002,101.44000000000003,101.72000000000003,101.86000000000003,102.04000000000003,102.10000000000004,102.20000000000003,104.28000000000003,104.84000000000003,105.64000000000003,106.36000000000003,106.76000000000003,107.14000000000003,107.50000000000003,108.44000000000003,109.60000000000002,109.70000000000002,110.24000000000002,110.80000000000003,111.36000000000003,112.54000000000003,113.08000000000004,114.24000000000004,117.94000000000004,120.06000000000004,120.52000000000004,121.08000000000004,121.60000000000004,122.08000000000004,122.86000000000004,125.76000000000005,126.26000000000005,127.42000000000004,127.70000000000005,128.14000000000004,128.44000000000005,129.06000000000006,129.78000000000006,130.72000000000006,134.42000000000004,134.84000000000003,135.56000000000003,136.48000000000002,136.76000000000002,137.04000000000002,137.46,139.58,140.0,140.82,141.07999999999998,141.6,142.4,143.54,143.82,146.12,146.6,147.5,148.24,148.86
run12,0.72,1.12,1.1800000000000002,1.4400000000000002,1.4800000000000002,4.38,4.4799999999999995,4.52,4.579999999999999,4.6,4.84,5.12,5.38,5.92,5.92,5.9799999999999995,6.0,6.26,7.1,7.819999999999999,7.8999999999999995,7.8999999999999995,8.139999999999999,8.339999999999998,8.679999999999998,8.799999999999997,8.839999999999998,8.919999999999998,9.299999999999997,9.579999999999997,10.139999999999997,10.959999999999997,11.219999999999997,11.639999999999997,12.179999999999996,12.779999999999996,13.219999999999995,13.599999999999996,13.999999999999996,14.319999999999997,14.639999999999997,15.019999999999996,15.059999999999997,15.099999999999998,15.119999999999997,15.159999999999997,15.619999999999997,15.779999999999998,16.819999999999997,16.819999999999997,16.879999999999995,17.379999999999995,17.579999999999995,18.999999999999993,19.359999999999992,20.379999999999992,20.539999999999992,20.71999999999999,21.199999999999992,21.199999999999992,21.25999999999999,21.55999999999999,21.95999999999999,22.57999999999999,22.879999999999992,23.23999999999999,23.59999999999999,24.13999999999999,24.61999999999999,24.81999999999999,24.99999999999999,25.45999999999999,25.879999999999992,26.299999999999994,26.599999999999994,26.719999999999995,27.199999999999996,27.339999999999996,27.459999999999997,27.819999999999997,27.939999999999998,28.139999999999997,28.459999999999997,28.619999999999997,29.359999999999996,29.599999999999994,30.119999999999994,30.719999999999995,32.13999999999999,32.739999999999995,33.31999999999999,33.919999999999995,34.339999999999996,34.739999999999995,35.019999999999996,35.62,36.019999999999996,36.199999999999996,36.54,36.96,37.22,38.86,42.379999999999995,43.459999999999994,43.89999999999999,44.49999999999999,44.79999999999999,44.99999999999999,45.53999999999999,46.419999999999995,50.12,50.64,51.02,51.5,52.08,54.32,54.76,54.839999999999996,55.3,55.5,55.84,57.0,57.4,58.22,59.98,60.36,60.519999999999996,60.54,60.58,61.22,61.76,62.48,63.059999999999995,63.099999999999994,63.239999999999995,63.76,64.3,64.84,65.36,65.6,65.91999999999999,66.27999999999999,66.46,66.5,66.7,67.54,67.76,68.22,68.86,69.64,70.0,70.18,71.76,72.24000000000001,72.80000000000001,73.10000000000001,73.42,73.78,76.52,77.1,77.58,78.36,78.88,79.56,79.76,80.44000000000001,81.28000000000002,81.62000000000002,82.12000000000002,82.74000000000002,83.08000000000003,83.42000000000003,83.86000000000003,84.24000000000002,84.62000000000002,84.92000000000002,85.26000000000002,85.30000000000003,88.82000000000002,89.54000000000002,89.62000000000002,89.96000000000002,90.76000000000002,91.14000000000001,91.50000000000001,92.66000000000001,92.78000000000002,94.86000000000001,97.70000000000002,98.08000000000001,98.22000000000001,99.60000000000001,100.74000000000001,101.92000000000002,102.06000000000002,102.34000000000002,102.52000000000002,102.58000000000003,103.66000000000003,104.60000000000002,104.70000000000002,105.32000000000002,105.86000000000003,109.56000000000003,111.20000000000003,113.32000000000004,113.68000000000004,114.62000000000003,115.02000000000004,115.12000000000003,115.40000000000003,115.96000000000004,116.52000000000004,116.98000000000003,117.92000000000003,118.02000000000002,118.54000000000002,119.26000000000002,120.06000000000002,120.86000000000001,121.34000000000002,121.76000000000002,125.44000000000003,126.00000000000003,127.16000000000003,127.72000000000003,128.28000000000003,128.78000000000003,129.32000000000002,129.74,130.04000000000002,130.62000000000003,130.90000000000003,131.82000000000002,132.10000000000002,132.38000000000002,133.36,134.08,134.9,137.02,137.44,137.96,138.22,139.14,139.95999999999998,141.09999999999997,144.37999999999997,146.67999999999998,147.48,148.22,148.84
run13,0.5800000000000001,1.08,4.359999999999999,5.34,6.359999999999999,6.3999999999999995,6.699999999999999,7.02,7.3,7.6,9.24,9.32,9.66,9.7,9.76,10.02,10.04,10.139999999999999,10.54,11.18,11.299999999999999,14.139999999999999,14.499999999999998,14.979999999999999,15.379999999999999,15.919999999999998,16.54,16.779999999999998,17.36,17.5,17.96,18.28,18.32,18.6,18.84,19.56,20.4,20.4,20.459999999999997,20.519999999999996,20.519999999999996,20.719999999999995,21.179999999999996,21.199999999999996,21.459999999999997,22.179999999999996,22.219999999999995,23.259999999999994,23.419999999999995,23.599999999999994,23.659999999999993,23.659999999999993,23.839999999999993,24.05999999999999,24.11999999999999,24.379999999999992,24.75999999999999,24.83999999999999,24.83999999999999,25.079999999999988,25.259999999999987,25.719999999999988,26.19999999999999,26.61999999999999,26.65999999999999,26.69999999999999,26.95999999999999,27.379999999999992,27.75999999999999,28.039999999999992,28.59999999999999,28.99999999999999,29.07999999999999,29.55999999999999,30.159999999999993,30.279999999999994,30.319999999999993,30.39999999999999,30.93999999999999,31.539999999999992,31.89999999999999,32.43999999999999,32.73999999999999,33.179999999999986,33.37999999999999,33.51999999999999,33.87999999999999,33.999999999999986,34.19999999999999,34.319999999999986,34.55999999999999,34.87999999999999,35.039999999999985,35.77999999999999,36.29999999999999,37.71999999999999,37.93999999999999,38.39999999999999,38.599999999999994,39.419999999999995,39.44,40.26,40.58,40.96,41.34,41.74,42.160000000000004,42.7,43.34,43.68000000000001,44.160000000000004,44.760000000000005,45.56,45.92,46.300000000000004,46.900000000000006,47.02,47.620000000000005,47.82000000000001,48.24000000000001,48.58000000000001,48.74000000000001,48.76000000000001,48.80000000000001,49.20000000000001,49.60000000000001,49.78000000000001,50.16000000000001,51.80000000000001,55.32000000000001,55.52000000000001,55.96000000000001,56.260000000000005,56.620000000000005,57.50000000000001,57.900000000000006,58.42000000000001,58.76000000000001,62.44000000000001,62.48000000000001,63.000000000000014,63.58000000000001,65.82000000000001,67.24000000000001,67.82000000000001,68.30000000000001,68.92000000000002,69.46000000000002,69.80000000000003,70.24000000000002,71.82000000000002,72.36000000000003,72.72000000000003,73.66000000000003,74.26000000000002,77.78000000000002,78.86000000000001,79.06000000000002,79.10000000000002,79.30000000000003,79.98000000000003,80.82000000000004,81.32000000000004,81.84000000000003,82.40000000000003,82.70000000000003,83.06000000000003,83.54000000000003,83.90000000000003,84.04000000000003,84.84000000000003,85.18000000000004,85.90000000000003,87.04000000000003,87.42000000000003,89.18000000000004,89.96000000000004,90.32000000000004,93.06000000000003,93.86000000000003,94.14000000000003,94.28000000000003,94.46000000000004,94.52000000000004,95.04000000000003,95.36000000000003,95.74000000000002,96.04000000000002,96.38000000000002,96.76000000000002,96.94000000000003,98.10000000000002,98.68000000000002,99.62000000000002,100.16000000000003,100.84000000000003,101.78000000000003,103.86000000000003,104.18000000000002,105.56000000000002,106.12000000000002,106.22000000000001,106.76000000000002,107.92000000000002,111.62000000000002,113.74000000000002,114.82000000000002,116.00000000000003,116.80000000000003,116.90000000000002,117.18000000000002,117.74000000000002,120.04000000000002,120.44000000000003,121.16000000000003,121.62000000000002,122.14000000000001,122.62000000000002,123.18000000000002,126.08000000000003,126.86000000000003,127.28000000000003,127.56000000000003,128.12000000000003,128.54000000000002,129.26000000000002,129.56000000000003,130.18000000000004,131.34000000000003,131.44000000000003,135.14000000000001,135.58,136.0,136.9,137.18,137.68,138.4,138.94,139.85999999999999,140.14,142.26,142.67999999999998,143.2,143.45999999999998,144.59999999999997,145.51999999999995,146.33999999999995,146.81999999999994,147.55999999999995,148.17999999999995,148.73999999999995
run14,0.05999999999999994,0.14,0.14,0.38,0.44000000000000006,0.68,1.0,1.54,1.8,2.16,2.3600000000000003,2.54,2.96,3.42,3.7199999999999998,4.34,4.74,5.1,5.4799999999999995,6.02,6.739999999999999,7.56,7.8,8.879999999999999,9.18,9.66,9.86,10.28,10.399999999999999,10.879999999999999,11.479999999999999,12.079999999999998,12.479999999999999,12.659999999999998,13.04,13.139999999999999,13.399999999999999,13.62,13.899999999999999,14.2,14.799999999999999,15.379999999999999,15.559999999999999,15.959999999999999,16.32,16.66,20.34,20.8,20.94,20.98,21.0,21.26,21.98,22.560000000000002,22.660000000000004,22.660000000000004,22.720000000000002,23.560000000000002,24.020000000000003,24.060000000000002,24.060000000000002,24.26,24.32,25.36,25.86,26.88,27.96,28.0,28.04,28.119999999999997,28.499999999999996,28.779999999999998,29.04,29.46,29.48,30.3,31.72,32.04,32.42,32.78,33.26,34.239999999999995,34.63999999999999,35.07999999999999,35.23999999999999,35.719999999999985,35.859999999999985,35.97999999999998,36.719999999999985,37.23999999999999,37.59999999999999,37.719999999999985,37.91999999999999,38.15999999999999,38.47999999999999,38.69999999999999,38.87999999999999,39.039999999999985,39.09999999999999,39.639999999999986,40.05999999999999,41.47999999999999,42.07999999999999,42.15999999999999,42.19999999999999,42.319999999999986,42.91999999999999,43.319999999999986,43.639999999999986,43.679999999999986,44.19999999999999,44.75999999999999,45.21999999999999,45.419999999999995,45.739999999999995,45.99999999999999,46.39999999999999,47.239999999999995,47.779999999999994,47.93999999999999,47.959999999999994,47.99999999999999,48.419999999999995,48.81999999999999,50.39999999999999,50.39999999999999,50.919999999999995,51.099999999999994,52.739999999999995,56.25999999999999,56.69999999999999,57.57999999999999,57.87999999999999,58.47999999999999,59.05999999999999,61.29999999999999,61.45999999999999,61.83999999999999,62.41999999999999,62.75999999999999,62.83999999999999,65.67999999999999,66.16,66.97999999999999,67.17999999999999,67.52,68.16,68.67999999999999,69.19999999999999,69.99999999999999,71.15999999999998,71.49999999999999,71.59999999999998,72.13999999999999,73.77999999999999,74.11999999999999,74.55999999999999,75.17999999999999,78.69999999999999,79.15999999999998,79.65999999999998,80.47999999999998,82.23999999999998,82.79999999999998,83.09999999999998,83.45999999999998,83.93999999999998,84.27999999999999,84.47999999999999,85.02,85.58,86.38,86.66,86.8,86.98,87.04,87.18,87.52000000000001,88.06000000000002,88.58000000000001,89.26000000000002,89.46000000000002,90.14000000000003,90.98000000000003,91.10000000000004,91.48000000000003,94.22000000000003,94.32000000000002,94.64000000000001,95.42000000000002,95.46000000000002,95.82000000000002,96.38000000000002,98.46000000000002,98.84000000000002,99.20000000000002,100.14000000000001,103.84000000000002,104.62000000000002,104.64000000000001,105.18000000000002,106.56000000000002,107.28000000000002,107.66000000000001,107.96000000000001,108.30000000000001,108.68,109.82000000000001,110.36000000000001,111.52000000000001,115.22000000000001,115.80000000000001,117.92000000000002,118.72000000000001,119.44000000000001,119.84000000000002,120.78000000000002,123.68000000000002,124.16000000000003,124.88000000000002,125.52000000000002,126.08000000000003,126.50000000000003,127.68000000000004,128.18000000000004,129.34000000000003,130.28000000000003,130.76000000000002,131.06000000000003,131.68000000000004,131.96000000000004,132.38000000000002,132.82000000000002,133.62000000000003,133.90000000000003,134.82000000000002,135.74,136.02,136.58,138.70000000000002,139.12,139.38,139.9,143.18,144.32,144.6,145.5,146.22,148.52,149.26000000000002,149.88000000000002
run15,0.56,0.8400000000000001,0.9800000000000002,1.6,2.06,2.1,2.26,5.539999999999999,6.179999999999999,6.699999999999999,6.699999999999999,6.759999999999999,7.599999999999999,7.599999999999999,7.659999999999998,7.8599999999999985,7.879999999999999,8.04,8.059999999999999,8.099999999999998,8.299999999999997,8.639999999999997,9.039999999999997,9.299999999999997,9.599999999999998,9.799999999999997,9.839999999999998,9.879999999999999,9.999999999999998,10.04,10.12,10.12,10.379999999999999,10.799999999999999,11.34,11.78,11.86,12.24,12.7,13.02,13.16,13.28,13.639999999999999,13.839999999999998,13.959999999999997,14.539999999999997,16.779999999999998,17.259999999999998,17.58,17.959999999999997,17.979999999999997,18.139999999999997,18.679999999999996,18.739999999999995,19.559999999999995,19.959999999999994,20.439999999999994,20.619999999999994,20.659999999999993,21.479999999999993,21.619999999999994,22.219999999999995,22.579999999999995,22.579999999999995,24.159999999999997,24.379999999999995,24.799999999999997,25.199999999999996,25.719999999999995,25.959999999999994,26.299999999999994,27.71999999999999,28.319999999999993,29.739999999999995,30.279999999999994,30.319999999999993,30.639999999999993,31.21999999999999,31.71999999999999,31.75999999999999,32.31999999999999,32.61999999999999,33.01999999999999,33.639999999999986,33.93999999999998,33.999999999999986,34.27999999999999,34.51999999999999,34.679999999999986,35.039999999999985,35.759999999999984,36.039999999999985,37.05999999999999,37.87999999999999,38.61999999999999,39.13999999999999,39.459999999999994,39.71999999999999,42.61999999999999,43.59999999999999,43.65999999999999,43.91999999999999,44.319999999999986,44.41999999999999,44.43999999999999,44.85999999999999,45.099999999999994,45.63999999999999,46.239999999999995,46.419999999999995,46.67999999999999,46.75999999999999,47.47999999999999,47.99999999999999,49.75999999999999,49.93999999999999,50.39999999999999,50.81999999999999,51.17999999999999,51.71999999999999,51.919999999999995,52.03999999999999,52.31999999999999,52.919999999999995,53.3,53.779999999999994,54.66,54.959999999999994,55.35999999999999,55.79999999999999,56.15999999999999,56.35999999999999,56.599999999999994,57.059999999999995,57.379999999999995,58.019999999999996,58.379999999999995,58.58,59.42,59.64,60.02,60.6,61.68,62.62,63.099999999999994,63.699999999999996,64.47999999999999,64.82,64.89999999999999,65.24,65.58,66.1,66.44,66.88,67.0,69.74,70.11999999999999,70.17999999999999,71.82,75.33999999999999,75.47999999999999,76.07999999999998,76.51999999999998,76.91999999999999,77.1,77.47999999999999,77.52,77.7,78.78,78.88,79.25999999999999,80.63999999999999,81.43999999999998,81.77999999999999,82.93999999999998,86.61999999999998,86.81999999999998,87.49999999999999,88.33999999999999,88.85999999999999,88.89999999999999,91.74,93.38,96.89999999999999,97.25999999999999,97.8,98.34,98.7,98.8,99.11999999999999,99.67999999999999,99.97999999999999,100.47999999999999,101.19999999999999,101.57999999999998,101.87999999999998,102.21999999999998,102.59999999999998,102.95999999999998,105.03999999999998,105.61999999999998,106.75999999999998,107.29999999999998,108.45999999999998,109.39999999999998,113.09999999999998,113.87999999999998,115.99999999999999,116.67999999999999,117.24,118.17999999999999,118.97999999999999,122.67999999999999,123.08,123.7,124.18,124.76,125.24000000000001,125.96000000000001,126.52000000000001,127.32000000000001,127.74000000000001,128.3,128.4,128.68,129.22,129.68,130.24,130.52,131.66,132.16,132.57999999999998,133.73999999999998,134.21999999999997,135.01999999999998,135.43999999999997,135.73999999999998,136.64,136.92,137.83999999999997,138.55999999999997,138.83999999999997,140.95999999999998,141.67999999999998,142.09999999999997,142.61999999999998,142.87999999999997,143.79999999999995,144.61999999999995,145.35999999999996,145.97999999999996
run16,2.9,3.7399999999999998,4.14,4.3999999999999995,4.819999999999999,5.199999999999999,5.279999999999999,5.279999999999999,5.52,5.6,5.64,5.68,6.0,6.32,6.7,7.140000000000001,7.28,7.4,7.640000000000001,8.0,8.2,8.319999999999999,9.739999999999998,10.779999999999998,10.959999999999997,11.019999999999998,11.179999999999998,11.719999999999999,11.94,12.399999999999999,12.819999999999999,12.999999999999998,13.479999999999999,13.879999999999999,14.299999999999999,14.84,15.2,15.5,16.1,16.540000000000003,16.94,17.560000000000002,17.860000000000003,18.680000000000003,19.040000000000003,19.520000000000003,19.560000000000002,19.700000000000003,20.180000000000003,20.460000000000004,20.940000000000005,21.400000000000006,21.640000000000004,22.540000000000003,22.740000000000002,22.78,23.62,23.94,24.540000000000003,24.660000000000004,25.220000000000002,25.820000000000004,26.200000000000003,26.460000000000004,26.480000000000004,26.740000000000006,27.460000000000004,27.460000000000004,27.660000000000004,27.720000000000002,27.980000000000004,28.580000000000005,28.760000000000005,28.760000000000005,29.020000000000007,29.200000000000006,29.580000000000005,29.660000000000004,29.700000000000003,29.820000000000004,30.220000000000002,30.220000000000002,30.28,31.12,31.580000000000002,32.0,32.4,33.0,33.82,34.02,34.040000000000006,34.620000000000005,34.92,36.34,36.900000000000006,37.18000000000001,37.620000000000005,37.980000000000004,38.040000000000006,38.10000000000001,38.48000000000001,38.72000000000001,39.30000000000001,39.62000000000001,39.84000000000001,40.38000000000001,40.40000000000001,42.04000000000001,45.56000000000002,46.06000000000002,46.94000000000002,46.98000000000002,47.72000000000002,47.88000000000002,48.40000000000002,48.92000000000002,49.64000000000002,50.04000000000002,50.44000000000002,50.80000000000002,52.38000000000002,52.70000000000002,53.06000000000002,53.360000000000014,53.780000000000015,54.320000000000014,54.920000000000016,55.240000000000016,55.34000000000002,56.36000000000002,56.94000000000002,57.14000000000002,59.380000000000024,59.54000000000002,60.62000000000002,60.66000000000002,61.30000000000002,61.72000000000002,62.36000000000002,62.90000000000002,64.66000000000003,64.82000000000002,64.84000000000002,65.04000000000002,65.38000000000002,65.42000000000003,66.58000000000003,66.78000000000003,67.72000000000003,68.24000000000002,68.86000000000003,69.42000000000003,69.72000000000003,72.46000000000002,72.94000000000003,73.40000000000002,73.90000000000002,74.42000000000002,74.94000000000001,75.48000000000002,76.06000000000002,76.42000000000002,76.90000000000002,77.44000000000003,78.12000000000003,78.32000000000004,79.00000000000004,79.34000000000005,79.42000000000004,79.76000000000005,80.10000000000005,80.54000000000005,80.92000000000004,81.22000000000004,81.56000000000004,81.94000000000004,81.98000000000005,82.70000000000005,84.34000000000005,87.86000000000004,88.66000000000004,88.80000000000004,88.92000000000004,90.06000000000004,90.44000000000004,93.28000000000004,93.42000000000004,93.70000000000005,93.88000000000005,93.94000000000005,94.28000000000006,95.06000000000006,95.42000000000006,97.50000000000006,98.06000000000006,99.24000000000007,99.34000000000006,99.44000000000005,100.24000000000005,101.16000000000005,101.26000000000005,101.54000000000005,102.10000000000005,102.56000000000004,104.86000000000004,105.58000000000004,105.62000000000005,106.00000000000004,106.36000000000004,107.14000000000004,109.26000000000005,109.66000000000005,110.00000000000006,110.18000000000006,111.00000000000006,112.16000000000005,113.54000000000005,114.48000000000005,115.00000000000004,115.54000000000005,119.24000000000005,122.94000000000005,123.42000000000006,123.98000000000006,125.06000000000006,125.78000000000006,126.76000000000006,127.18000000000006,128.34000000000006,128.88000000000005,129.16000000000005,129.66000000000005,130.24000000000007,130.52000000000007,131.24000000000007,131.52000000000007,133.64000000000007,134.58000000000007,135.38000000000008,135.80000000000007,136.32000000000008,136.58000000000007,137.72000000000006,138.64000000000004,139.46000000000004,142.74000000000004,143.22000000000003,144.02000000000004,144.76000000000005,145.38000000000005,145.94000000000005
run17,3.2799999999999994,4.319999999999999,5.159999999999999,5.879999999999999,5.999999999999999,6.199999999999999,6.4399999999999995,6.8,6.9399999999999995,7.06,7.4399999999999995,7.699999999999999,8.12,8.139999999999999,8.219999999999999,8.219999999999999,8.459999999999999,8.5,8.540000000000001,8.620000000000001,9.16,9.6,10.2,10.28,10.399999999999999,10.44,10.76,11.14,12.520000000000001,12.780000000000001,12.840000000000002,12.840000000000002,13.3,13.72,14.32,14.68,15.219999999999999,15.52,15.92,16.54,17.02,17.32,17.56,17.759999999999998,17.799999999999997,18.279999999999998,19.119999999999997,19.699999999999996,20.139999999999997,20.74,21.119999999999997,21.24,21.52,21.84,22.22,22.419999999999998,22.58,22.599999999999998,22.639999999999997,22.979999999999997,23.019999999999996,23.839999999999996,24.299999999999997,24.439999999999998,25.04,25.2,25.259999999999998,25.439999999999998,25.799999999999997,26.199999999999996,26.679999999999996,26.899999999999995,27.439999999999994,28.119999999999994,28.799999999999994,29.379999999999995,29.859999999999996,30.459999999999997,30.639999999999997,30.639999999999997,30.819999999999997,31.179999999999996,31.379999999999995,31.779999999999994,32.31999999999999,32.57999999999999,32.97999999999999,33.33999999999999,33.79999999999999,34.35999999999999,34.419999999999995,34.419999999999995,34.62,35.14,35.56,35.900000000000006,36.68000000000001,37.32000000000001,37.64000000000001,38.36000000000001,38.900000000000006,39.080000000000005,39.36000000000001,39.620000000000005,40.18000000000001,40.60000000000001,41.06000000000001,41.62000000000001,41.92000000000001,42.18000000000001,43.120000000000005,43.260000000000005,43.540000000000006,43.720000000000006,43.78000000000001,44.400000000000006,44.60000000000001,44.80000000000001,45.180000000000014,45.48000000000001,45.860000000000014,46.58000000000001,46.920000000000016,49.66000000000002,49.70000000000002,50.04000000000002,50.48000000000002,54.000000000000014,54.820000000000014,55.70000000000002,56.000000000000014,56.58000000000001,56.600000000000016,56.920000000000016,57.140000000000015,58.56000000000002,58.88000000000002,59.860000000000014,60.680000000000014,60.72000000000001,60.780000000000015,60.820000000000014,60.920000000000016,61.280000000000015,61.34000000000002,61.740000000000016,61.76000000000002,61.96000000000002,62.800000000000026,63.04000000000003,63.38000000000003,64.12000000000003,64.28000000000003,64.88000000000002,65.40000000000002,67.04000000000002,70.56000000000002,70.94000000000001,71.48000000000002,71.56000000000002,71.90000000000002,72.38000000000002,72.52000000000002,72.94000000000003,73.28000000000003,73.66000000000003,75.08000000000003,75.88000000000002,77.64000000000003,78.22000000000003,80.46000000000002,80.96000000000002,81.48000000000002,82.00000000000001,82.40000000000002,83.56000000000002,83.86000000000001,84.38000000000001,84.74000000000001,85.14000000000001,85.48000000000002,85.66000000000003,86.74000000000002,87.02000000000002,87.06000000000003,89.90000000000003,90.26000000000003,90.82000000000004,91.90000000000003,92.48000000000003,92.84000000000003,95.74000000000004,96.68000000000004,97.16000000000004,97.66000000000004,97.82000000000004,97.92000000000003,98.86000000000003,100.44000000000003,100.76000000000002,101.40000000000002,102.20000000000002,103.00000000000001,103.40000000000002,104.58000000000003,105.06000000000003,105.58000000000003,106.74000000000002,107.30000000000003,109.42000000000003,109.84000000000003,110.40000000000003,110.52000000000004,111.66000000000004,113.74000000000004,114.46000000000004,114.56000000000003,114.84000000000003,115.40000000000003,115.86000000000003,116.40000000000003,120.10000000000004,121.12000000000003,121.84000000000003,122.14000000000003,122.76000000000003,123.04000000000003,124.20000000000003,127.88000000000002,128.32000000000002,128.42000000000002,128.84,129.34,130.24,130.52,131.24,132.16,132.44,134.07999999999998,136.2,136.73999999999998,137.87999999999997,138.29999999999995,138.81999999999996,139.07999999999996,139.99999999999994,140.81999999999994,141.29999999999993,143.59999999999994,144.33999999999995,144.95999999999995
run18,0.44000000000000006,0.9800000000000001,1.2800000000000002,1.6400000000000001,5.16,5.8,6.26,6.4399999999999995,6.859999999999999,7.34,8.22,8.64,9.26,11.02,11.299999999999999,12.12,12.6,12.719999999999999,12.899999999999999,13.299999999999999,13.639999999999999,13.939999999999998,14.339999999999998,14.959999999999997,15.259999999999998,15.539999999999997,15.899999999999997,16.139999999999997,16.72,17.08,17.34,17.44,18.040000000000003,18.620000000000005,18.780000000000005,22.060000000000002,22.1,22.6,22.92,23.48,24.5,24.54,24.599999999999998,25.68,25.96,26.560000000000002,26.900000000000002,26.980000000000004,27.460000000000004,27.480000000000004,27.640000000000004,28.120000000000005,28.860000000000003,29.380000000000003,29.520000000000003,29.640000000000004,29.680000000000003,30.140000000000004,31.180000000000003,31.240000000000002,32.08,32.08,32.28,32.34,32.34,32.36000000000001,32.440000000000005,32.480000000000004,32.52,32.78,33.2,33.28,33.28,33.54,33.66,33.699999999999996,34.419999999999995,34.8,35.18,35.26,35.58,36.0,36.2,36.540000000000006,36.7,36.720000000000006,36.760000000000005,37.160000000000004,37.52,37.64,37.84,38.080000000000005,38.400000000000006,38.7,38.900000000000006,40.32000000000001,40.78000000000001,41.040000000000006,41.86000000000001,41.92000000000001,42.18000000000001,42.400000000000006,42.800000000000004,42.900000000000006,43.10000000000001,43.70000000000001,43.80000000000001,44.40000000000001,44.740000000000016,44.98000000000002,45.960000000000015,46.12000000000001,46.30000000000001,46.360000000000014,46.76000000000001,46.90000000000001,47.44000000000001,47.48000000000001,47.94000000000001,48.26000000000001,48.500000000000014,48.88000000000002,49.360000000000014,49.72000000000001,50.26000000000001,50.66000000000001,50.66000000000001,50.84000000000001,52.26000000000001,52.600000000000016,53.04000000000001,53.62000000000001,54.22000000000001,54.44000000000001,54.460000000000015,54.98000000000002,55.56000000000002,57.80000000000002,58.40000000000002,58.80000000000002,58.98000000000002,59.36000000000002,61.00000000000002,61.44000000000002,64.96000000000002,68.64000000000001,68.68000000000002,68.88000000000002,69.42000000000003,69.80000000000003,70.62000000000002,71.46000000000002,71.58000000000003,74.42000000000003,75.14000000000003,75.34000000000003,76.02000000000004,76.86000000000004,77.24000000000004,78.82000000000004,79.14000000000003,79.64000000000003,80.00000000000003,80.92000000000003,81.06000000000003,81.40000000000003,81.92000000000003,81.96000000000004,82.48000000000003,83.56000000000003,84.10000000000004,84.66000000000004,84.96000000000004,85.44000000000004,88.18000000000004,88.50000000000003,88.78000000000003,88.92000000000003,89.10000000000004,89.16000000000004,89.70000000000005,90.24000000000005,90.80000000000005,91.60000000000005,92.18000000000005,92.96000000000005,93.32000000000005,95.40000000000005,96.04000000000005,96.98000000000005,97.34000000000005,97.74000000000005,98.46000000000005,98.84000000000005,99.14000000000004,99.48000000000005,99.86000000000004,101.00000000000004,101.38000000000004,101.74000000000004,102.90000000000003,103.62000000000003,104.56000000000003,105.72000000000003,107.10000000000002,108.28000000000003,108.76000000000003,108.86000000000003,109.14000000000003,109.70000000000003,110.26000000000003,110.72000000000003,111.24000000000002,113.36000000000003,113.90000000000003,117.60000000000004,118.16000000000004,118.84000000000005,119.26000000000005,120.04000000000005,120.52000000000005,123.42000000000006,123.98000000000006,124.26000000000006,125.06000000000006,126.22000000000006,126.66000000000005,126.96000000000005,127.58000000000006,128.52000000000007,132.22000000000006,132.72000000000006,133.14000000000004,134.06000000000003,134.34000000000003,134.62000000000003,135.04000000000002,136.68,138.8,139.34,139.76,140.57999999999998,141.38,141.64,142.16,142.88,144.01999999999998,146.32,147.22,147.96,148.58
run19,1.1600000000000001,1.54,1.74,1.74,2.16,2.22,2.2600000000000002,2.72,2.72,2.7800000000000002,2.8000000000000003,3.1400000000000006,3.5400000000000005,4.58,5.42,5.46,5.66,5.68,6.84,7.04,7.34,10.24,10.82,13.06,13.32,13.44,13.48,13.56,14.16,14.24,14.24,14.66,14.92,15.3,15.340000000000002,15.380000000000003,15.520000000000003,15.640000000000002,16.000000000000004,16.120000000000005,16.320000000000004,16.560000000000002,16.880000000000003,17.320000000000004,17.880000000000003,18.26,18.560000000000002,19.12,19.540000000000003,19.860000000000003,20.120000000000005,21.540000000000006,21.900000000000006,22.380000000000006,22.540000000000006,22.600000000000005,22.780000000000005,22.780000000000005,23.180000000000003,24.000000000000004,24.040000000000003,24.180000000000003,24.780000000000005,24.960000000000004,25.360000000000003,25.480000000000004,26.100000000000005,26.400000000000006,26.760000000000005,27.300000000000004,28.120000000000005,29.540000000000006,29.560000000000006,29.760000000000005,30.060000000000006,30.640000000000008,30.94000000000001,31.42000000000001,32.02000000000001,32.84000000000001,33.02000000000001,33.44000000000001,33.72000000000001,34.180000000000014,34.54000000000001,34.780000000000015,35.34000000000002,35.56000000000002,35.98000000000002,36.58000000000002,36.98000000000002,37.16000000000002,37.420000000000016,37.70000000000002,38.680000000000014,39.16000000000001,39.500000000000014,39.84000000000002,40.240000000000016,40.680000000000014,41.22000000000001,41.62000000000001,42.10000000000001,42.56000000000001,43.02000000000001,43.22000000000001,43.72000000000001,44.740000000000016,45.180000000000014,45.240000000000016,45.500000000000014,46.22000000000001,48.960000000000015,50.600000000000016,54.12000000000002,55.00000000000002,55.16000000000002,56.740000000000016,57.08000000000002,57.56000000000002,57.88000000000002,58.04000000000001,58.780000000000015,58.820000000000014,58.90000000000001,59.54000000000001,59.58000000000001,59.90000000000001,59.960000000000015,60.240000000000016,60.62000000000002,61.00000000000002,64.52000000000002,65.60000000000002,65.90000000000002,66.34000000000002,66.72000000000001,67.12000000000002,67.62000000000002,67.80000000000003,71.50000000000003,71.74000000000002,72.10000000000002,72.56000000000002,72.94000000000001,73.28000000000002,73.32000000000002,73.84000000000002,73.88000000000002,74.08000000000003,74.40000000000002,74.64000000000001,75.18000000000002,75.56000000000002,76.14000000000001,76.62000000000002,76.70000000000002,77.04000000000002,78.80000000000003,78.90000000000002,79.52000000000002,79.62000000000002,80.16000000000003,80.68000000000002,81.52000000000002,81.74000000000002,82.52000000000002,82.88000000000002,83.66000000000003,84.38000000000002,85.02000000000002,85.56000000000003,86.36000000000003,86.68000000000002,86.80000000000003,89.64000000000003,91.72000000000003,92.08000000000003,92.22000000000003,92.50000000000003,92.68000000000004,92.74000000000004,93.26000000000003,93.40000000000003,93.74000000000004,94.42000000000004,94.94000000000004,95.14000000000004,95.98000000000005,96.58000000000004,97.18000000000004,98.32000000000004,98.70000000000003,101.00000000000003,101.10000000000002,102.02000000000002,102.56000000000003,102.92000000000003,103.50000000000003,104.04000000000003,105.22000000000004,105.24000000000004,105.96000000000004,106.48000000000003,107.56000000000003,108.94000000000003,109.48000000000003,111.12000000000003,113.24000000000004,113.78000000000004,117.48000000000005,117.88000000000005,118.24000000000005,119.18000000000005,119.66000000000005,120.22000000000006,120.74000000000005,121.46000000000005,122.14000000000006,122.70000000000006,126.38000000000005,126.66000000000005,127.82000000000005,128.12000000000006,128.74000000000007,129.22000000000006,130.02000000000007,130.60000000000008,131.02000000000007,131.12000000000006,131.62000000000006,132.18000000000006,133.10000000000005,133.38000000000005,133.80000000000004,134.08000000000004,136.20000000000005,137.14000000000004,137.86000000000004,139.00000000000003,139.42000000000002,139.68,140.20000000000002,143.48000000000002,144.28000000000003,145.18000000000004,145.46000000000004,146.20000000000005,146.92000000000004,147.54000000000005,148.10000000000005
run20,0.3400000000000001,0.52,0.6799999999999999,1.22,1.8,2.62,3.04,3.52,4.4,4.62,4.88,5.12,5.32,6.0600000000000005,6.24,6.640000000000001,6.700000000000001,6.740000000000001,7.060000000000001,7.480000000000001,8.320000000000002,8.940000000000001,9.080000000000002,9.380000000000003,9.960000000000003,10.360000000000003,10.400000000000004,10.660000000000004,10.720000000000004,11.000000000000004,11.240000000000004,11.680000000000003,12.040000000000003,12.080000000000002,12.680000000000001,12.840000000000002,13.340000000000002,13.380000000000003,16.28,16.880000000000003,17.160000000000004,17.720000000000002,17.740000000000002,19.32,19.7,19.86,20.34,20.86,21.599999999999998,21.819999999999997,21.919999999999998,22.939999999999998,23.259999999999998,24.68,25.22,25.58,26.06,26.459999999999997,26.779999999999998,27.179999999999996,27.179999999999996,27.359999999999996,27.999999999999996,28.059999999999995,28.899999999999995,28.899999999999995,29.359999999999996,29.359999999999996,29.559999999999995,29.619999999999994,30.659999999999993,30.679999999999993,30.939999999999994,31.659999999999993,31.739999999999995,31.779999999999994,31.819999999999993,31.89999999999999,31.89999999999999,32.15999999999999,32.57999999999999,32.69999999999999,32.83999999999999,33.19999999999999,33.319999999999986,33.51999999999999,33.75999999999999,34.13999999999999,34.379999999999995,34.49999999999999,34.53999999999999,34.61999999999999,34.81999999999999,35.239999999999995,35.58,35.98,36.519999999999996,37.12,37.559999999999995,38.98,39.8,40.16,40.36,40.9,41.199999999999996,41.31999999999999,41.919999999999995,42.31999999999999,42.49999999999999,42.879999999999995,43.26,43.559999999999995,44.16,44.519999999999996,44.81999999999999,45.019999999999996,45.12,48.82,49.14,49.52,49.92,50.28,50.44,50.46,50.5,51.28,52.44,52.96,53.5,54.0,54.46,55.1,55.620000000000005,56.1,56.42,56.68,57.02,57.220000000000006,57.800000000000004,60.040000000000006,60.38000000000001,60.82000000000001,60.900000000000006,61.02,63.86,64.24,64.86,65.14,66.78,70.3,70.89999999999999,71.44,71.46,71.64,71.98,73.06,73.62,73.92,74.28,76.36,79.1,79.88,80.42,81.4,81.78,83.54,84.34,84.82000000000001,85.18,85.9,86.22,86.66,87.17999999999999,87.52,87.56,88.72,88.86,89.14,89.32000000000001,89.38000000000001,89.52000000000001,89.86000000000001,90.94000000000001,91.52000000000001,92.20000000000002,92.40000000000002,93.08000000000003,93.92000000000003,93.96000000000004,94.06000000000003,94.86000000000003,95.66000000000003,96.14000000000003,97.08000000000003,98.46000000000002,98.86000000000003,99.68000000000002,100.40000000000002,100.78000000000002,101.08000000000001,101.42000000000002,101.80000000000001,102.94000000000001,103.88000000000001,104.42000000000002,108.12000000000002,108.64000000000001,109.20000000000002,109.30000000000001,109.58000000000001,110.14000000000001,112.26000000000002,112.72000000000001,113.44000000000001,113.92000000000002,114.34000000000002,114.62000000000002,115.34000000000002,116.28000000000002,116.84000000000002,120.52000000000001,121.02000000000001,121.44000000000001,123.08000000000001,124.24000000000001,124.86000000000001,125.42000000000002,127.54000000000002,127.84000000000002,128.76000000000002,129.04000000000002,129.96,130.68,130.96,131.5,132.3,133.48000000000002,133.74,134.26000000000002,134.84000000000003,135.98000000000002,139.26000000000002,139.62000000000003,140.18000000000004,140.66000000000003,142.96000000000004,143.38000000000002,143.8,144.62,145.52,146.14000000000001
run21,2.3000000000000003,2.4200000000000004,2.6800000000000006,2.7000000000000006,2.8400000000000007,3.5800000000000005,4.1000000000000005,4.260000000000001,4.74,4.8,5.04,5.32,5.58,5.6,5.699999999999999,6.239999999999999,6.779999999999999,7.499999999999999,8.059999999999999,8.419999999999998,8.499999999999998,8.499999999999998,8.759999999999998,9.179999999999998,9.459999999999997,9.459999999999997,9.519999999999998,9.679999999999998,9.879999999999997,9.899999999999997,10.239999999999997,10.279999999999998,11.119999999999997,11.239999999999997,11.279999999999998,11.479999999999997,12.019999999999996,12.619999999999996,12.699999999999996,13.139999999999995,13.519999999999996,14.099999999999996,16.339999999999996,16.419999999999995,16.459999999999994,16.499999999999993,16.539999999999992,16.999999999999993,18.039999999999992,18.39999999999999,19.11999999999999,19.31999999999999,19.43999999999999,19.47999999999999,19.87999999999999,20.49999999999999,20.87999999999999,20.99999999999999,21.81999999999999,22.41999999999999,22.77999999999999,23.17999999999999,23.47999999999999,23.63999999999999,24.11999999999999,24.33999999999999,24.51999999999999,24.579999999999988,24.579999999999988,24.979999999999986,25.299999999999986,25.439999999999987,25.799999999999986,26.339999999999986,26.799999999999986,26.979999999999986,27.399999999999988,27.459999999999987,27.719999999999988,28.13999999999999,28.33999999999999,28.63999999999999,28.93999999999999,29.33999999999999,29.919999999999987,30.19999999999999,31.17999999999999,31.49999999999999,31.559999999999988,31.559999999999988,31.799999999999986,31.839999999999986,32.15999999999998,32.97999999999998,34.399999999999984,34.93999999999998,35.11999999999998,36.539999999999985,36.91999999999999,37.399999999999984,37.59999999999999,38.05999999999999,38.69999999999999,39.03999999999999,39.29999999999999,39.89999999999999,40.29999999999999,40.53999999999999,41.01999999999999,41.45999999999999,41.91999999999999,42.23999999999999,42.83999999999999,43.19999999999999,43.21999999999999,44.03999999999999,44.21999999999999,44.559999999999995,45.63999999999999,46.059999999999995,47.22,47.82,48.46,51.36,51.88,52.42,52.800000000000004,53.68000000000001,53.88000000000001,53.92000000000001,54.36000000000001,54.96000000000001,55.34000000000001,56.98000000000001,60.500000000000014,61.34000000000002,62.920000000000016,63.140000000000015,64.90000000000002,65.08000000000003,66.26000000000003,66.58000000000003,67.36000000000003,67.76000000000003,68.54000000000003,69.04000000000003,69.20000000000003,69.58000000000003,70.10000000000002,70.50000000000003,71.88000000000002,72.18000000000002,72.70000000000002,72.80000000000001,73.82000000000001,74.18,74.98,78.66,79.24,79.72,80.34,80.7,81.06,81.56,82.10000000000001,82.42,82.98,83.28,83.84,84.2,86.94,87.28,87.7,87.9,88.48,89.62,90.56,91.08,92.02,93.1,95.17999999999999,95.72,96.88,100.58,101.06,101.4,101.74000000000001,102.18,102.56,102.94,106.46,106.75999999999999,107.1,107.14,107.86,109.5,109.84,109.92,110.72,110.86,111.14,111.32000000000001,111.38000000000001,111.52000000000001,114.36000000000001,116.48000000000002,116.88000000000002,117.56000000000003,117.76000000000003,117.86000000000003,118.54000000000003,119.34000000000003,119.92000000000003,120.44000000000003,120.82000000000002,121.30000000000003,121.86000000000003,123.00000000000003,123.12000000000003,123.84000000000003,124.40000000000003,124.96000000000004,125.06000000000003,125.60000000000004,126.06000000000003,126.34000000000003,126.62000000000003,127.56000000000003,127.98000000000003,128.48000000000002,129.64000000000001,132.92000000000002,133.54000000000002,134.02,134.82000000000002,135.24,135.54000000000002,136.44000000000003,136.72000000000003,137.64000000000001,138.36,138.64000000000001,140.76000000000002,141.18,141.9,142.42000000000002,142.68,143.6,144.42,145.16,145.78
run22,0.38,0.8200000000000001,1.1,1.2400000000000002,4.76,5.6,5.659999999999999,6.279999999999999,6.279999999999999,6.299999999999999,6.339999999999999,6.499999999999999,6.839999999999999,7.039999999999999,7.239999999999999,7.959999999999999,8.36,8.66,8.66,8.86,8.92,9.379999999999999,10.159999999999998,10.179999999999998,10.439999999999998,10.939999999999998,10.979999999999997,11.019999999999996,11.259999999999996,11.319999999999997,11.639999999999997,11.919999999999996,12.279999999999996,12.659999999999997,13.739999999999997,17.419999999999995,17.679999999999996,18.039999999999996,18.339999999999996,18.959999999999997,19.56,19.959999999999997,20.199999999999996,20.399999999999995,20.439999999999994,20.879999999999995,21.359999999999996,21.479999999999997,22.08,22.259999999999998,22.639999999999997,23.039999999999996,26.559999999999995,26.919999999999995,28.079999999999995,28.499999999999996,28.919999999999998,29.38,29.86,30.22,30.759999999999998,31.06,31.259999999999998,31.439999999999998,31.86,32.42,32.5,32.5,32.54,32.66,32.739999999999995,33.059999999999995,33.44,33.48,33.519999999999996,33.779999999999994,34.199999999999996,34.48,34.86,35.46,35.9,36.04,36.16,36.519999999999996,36.63999999999999,36.839999999999996,37.08,37.4,37.62,37.64,39.02,39.580000000000005,39.900000000000006,40.440000000000005,40.900000000000006,41.10000000000001,41.260000000000005,42.300000000000004,43.14000000000001,43.28000000000001,43.86000000000001,44.46000000000001,44.50000000000001,44.580000000000005,44.82000000000001,45.16000000000001,46.74000000000001,47.00000000000001,47.64000000000001,48.120000000000005,48.6,49.02,49.96,50.84,51.0,51.18,51.24,52.06,52.6,53.18,53.4,53.46,53.72,54.1,54.5,54.92,55.260000000000005,55.300000000000004,55.980000000000004,56.18000000000001,57.02000000000001,57.62000000000001,58.60000000000001,59.38000000000001,59.52000000000001,60.26000000000001,60.42000000000001,60.94000000000001,61.54000000000001,61.62000000000001,64.36000000000001,64.84000000000002,65.66000000000001,66.56000000000002,66.86000000000001,67.22000000000001,67.62000000000002,67.94000000000001,68.34000000000002,68.34000000000002,69.76000000000002,70.24000000000002,70.52000000000002,71.04000000000002,71.22000000000003,71.66000000000003,72.00000000000003,72.02000000000002,72.74000000000002,74.16000000000003,74.50000000000003,75.14000000000003,75.46000000000002,75.82000000000002,76.62000000000002,77.16000000000003,77.26000000000002,78.28000000000002,78.82000000000002,79.34000000000002,79.86000000000001,80.40000000000002,80.44000000000003,81.02000000000002,83.26000000000002,84.08000000000001,84.48000000000002,84.66000000000003,85.00000000000003,85.10000000000002,85.48000000000002,87.24000000000002,87.82000000000002,88.32000000000002,89.40000000000002,89.76000000000002,90.70000000000002,93.60000000000002,94.78000000000003,95.20000000000003,95.88000000000004,95.98000000000003,96.38000000000004,96.74000000000004,97.12000000000003,97.42000000000003,97.80000000000003,98.14000000000003,98.86000000000003,101.70000000000003,102.50000000000003,103.30000000000003,103.78000000000003,104.72000000000003,105.26000000000003,106.42000000000003,110.12000000000003,111.76000000000003,112.92000000000003,113.44000000000003,113.98000000000003,117.68000000000004,117.78000000000003,118.06000000000003,118.62000000000003,119.08000000000003,121.38000000000002,123.02000000000002,123.58000000000003,124.10000000000002,124.22000000000003,125.36000000000003,127.44000000000003,128.16000000000003,128.72000000000003,129.02000000000004,129.64000000000004,130.20000000000005,130.92000000000004,133.04000000000005,133.62000000000006,134.04000000000005,134.96000000000004,135.24000000000004,135.74000000000004,136.02000000000004,136.74000000000004,137.28000000000003,137.56000000000003,139.68000000000004,140.20000000000005,140.46000000000004,141.38000000000002,142.20000000000002,143.34,146.62,147.1,147.9,148.64000000000001,149.26000000000002,149.82000000000002
run23,0.28,0.8200000000000001,1.28,1.48,2.04,3.08,5.380000000000001,5.420000000000001,6.580000000000001,6.640000000000001,6.640000000000001,6.640000000000001,6.7,7.54,7.5600000000000005,7.720000000000001,8.06,8.26,8.52,8.54,8.959999999999999,9.04,9.08,9.2,9.24,9.780000000000001,10.38,10.46,10.46,10.72,11.14,11.520000000000001,11.560000000000002,11.640000000000002,11.760000000000002,11.900000000000002,12.260000000000002,12.46,12.58,12.82,13.06,13.780000000000001,14.100000000000001,14.48,14.64,14.700000000000001,14.88,15.700000000000001,15.72,17.3,17.7,18.099999999999998,18.58,18.58,18.939999999999998,19.459999999999997,19.759999999999998,20.58,21.18,22.6,23.060000000000002,23.700000000000003,24.180000000000003,24.500000000000004,24.720000000000002,25.040000000000003,25.380000000000003,25.78,25.82,26.36,26.84,27.38,28.02,28.2,29.619999999999997,29.819999999999997,30.019999999999996,30.319999999999997,30.759999999999998,31.36,31.66,31.72,31.82,32.38,32.64,32.92,33.34,34.32,35.14,35.4,36.14,36.660000000000004,36.68000000000001,36.74000000000001,36.78000000000001,37.040000000000006,37.080000000000005,39.980000000000004,40.28,40.9,41.3,41.66,41.8,42.379999999999995,42.62,42.8,43.26,43.68,44.04,44.58,44.699999999999996,45.08,45.36,45.839999999999996,46.08,46.559999999999995,47.16,47.339999999999996,47.63999999999999,48.07999999999999,48.279999999999994,48.63999999999999,49.03999999999999,49.419999999999995,51.059999999999995,54.58,55.08,55.519999999999996,55.8,56.199999999999996,56.8,57.519999999999996,57.839999999999996,57.99999999999999,58.099999999999994,58.44,59.32,59.78,60.1,60.14,60.18,60.72,60.92,61.28,61.5,62.34,63.260000000000005,63.660000000000004,63.82,67.52,68.1,68.47999999999999,68.55999999999999,68.89999999999999,69.24,71.47999999999999,72.1,72.69999999999999,72.82,73.19999999999999,76.03999999999999,77.11999999999999,77.66,78.0,78.44,79.0,82.52,83.02,83.22,83.9,84.74000000000001,85.30000000000001,85.82000000000001,85.92,86.44,86.75999999999999,87.03999999999999,87.17999999999999,87.36,87.5,87.84,88.38000000000001,88.44000000000001,88.96000000000001,89.38000000000001,90.32000000000001,90.9,91.38000000000001,91.56000000000002,92.64000000000001,93.02000000000001,93.38000000000001,95.14000000000001,95.92000000000002,96.50000000000001,97.28000000000002,98.00000000000001,99.14000000000001,99.50000000000001,101.58000000000001,101.96000000000001,102.26,102.64,105.38,105.42,105.76,106.28,106.68,107.48,108.28,109.46000000000001,110.62,111.18,111.9,113.28,115.4,115.82000000000001,116.38000000000001,117.32000000000001,118.00000000000001,118.54000000000002,122.24000000000002,122.72000000000003,123.74000000000002,124.02000000000002,124.82000000000002,125.32000000000002,125.62000000000002,126.24000000000002,127.18000000000002,128.34000000000003,129.06000000000003,132.74000000000004,133.02000000000004,133.74000000000004,134.66000000000003,135.08,135.5,135.78,137.9,138.72,139.52,139.78,140.3,141.44,144.72,145.2,146.1,146.84,147.46,148.02
run24,0.10000000000000009,0.5200000000000002,0.6800000000000003,1.7600000000000002,1.7600000000000002,1.8200000000000003,1.8600000000000003,1.8800000000000003,2.3400000000000003,2.4000000000000004,2.4000000000000004,2.4200000000000004,2.7600000000000007,3.1600000000000006,3.420000000000001,3.460000000000001,3.7600000000000007,4.800000000000001,5.000000000000001,5.840000000000001,6.040000000000001,6.120000000000001,6.160000000000001,6.200000000000001,6.520000000000001,6.900000000000001,6.940000000000001,7.060000000000001,7.1400000000000015,7.2200000000000015,7.2200000000000015,7.760000000000002,8.200000000000001,8.46,8.88,9.260000000000002,9.860000000000001,10.100000000000001,10.240000000000002,10.360000000000001,11.14,11.5,11.7,11.819999999999999,12.059999999999999,13.479999999999999,14.2,14.739999999999998,15.2,15.7,16.34,16.68,17.2,17.759999999999998,18.06,18.32,18.64,18.8,18.98,19.8,19.86,19.88,21.46,21.82,21.82,23.240000000000002,23.64,24.04,24.36,24.88,25.099999999999998,25.159999999999997,25.419999999999998,25.979999999999997,26.379999999999995,26.659999999999997,27.199999999999996,27.299999999999997,27.839999999999996,28.359999999999996,28.839999999999996,28.879999999999995,29.619999999999994,30.139999999999993,30.739999999999995,30.779999999999994,31.379999999999995,31.959999999999994,31.999999999999993,32.49999999999999,35.39999999999999,35.459999999999994,35.739999999999995,35.879999999999995,36.9,37.14,37.46,37.62,38.199999999999996,38.35999999999999,38.559999999999995,39.03999999999999,39.21999999999999,41.459999999999994,42.279999999999994,42.81999999999999,42.839999999999996,43.22,43.58,43.879999999999995,44.279999999999994,44.89999999999999,45.15999999999999,45.27999999999999,45.579999999999984,45.97999999999998,46.15999999999998,46.61999999999998,47.039999999999985,47.399999999999984,47.93999999999998,48.139999999999986,48.55999999999999,48.83999999999999,48.93999999999999,49.53999999999999,49.93999999999999,50.11999999999999,51.75999999999999,52.19999999999999,55.719999999999985,56.79999999999998,57.679999999999986,61.37999999999999,61.819999999999986,62.11999999999998,62.899999999999984,63.259999999999984,64.23999999999998,64.41999999999999,65.13999999999999,65.67999999999999,66.05999999999999,67.82,68.97999999999999,69.33999999999999,69.91999999999999,70.25999999999999,70.74,71.25999999999999,71.46,72.14,72.82000000000001,73.4,74.2,75.04,75.38000000000001,75.86000000000001,76.18,76.98,77.58,78.2,78.58,78.94,80.1,80.55999999999999,80.79999999999998,81.15999999999998,81.47999999999998,81.85999999999997,82.49999999999997,82.71999999999997,83.27999999999997,83.65999999999997,84.59999999999997,85.41999999999996,85.45999999999997,85.79999999999997,86.13999999999997,86.57999999999997,88.21999999999997,91.73999999999997,91.81999999999996,92.15999999999997,92.43999999999997,92.57999999999997,92.75999999999998,92.81999999999998,92.95999999999998,93.47999999999998,94.27999999999997,94.39999999999998,97.13999999999997,99.21999999999997,99.31999999999996,99.85999999999997,99.89999999999998,101.27999999999997,101.67999999999998,102.39999999999998,102.77999999999997,103.07999999999997,103.41999999999997,103.79999999999997,104.93999999999997,105.49999999999997,106.43999999999997,108.55999999999997,109.09999999999998,112.79999999999998,113.25999999999998,113.73999999999998,114.21999999999998,114.93999999999998,115.35999999999999,116.29999999999998,116.57999999999998,120.25999999999999,120.82,121.32,121.94,122.66,123.82,124.24,126.36,126.92,127.76,128.68,128.98000000000002,129.26000000000002,130.18,130.9,131.70000000000002,131.9,132.18,133.36,133.62,134.14000000000001,135.28,138.56,139.14000000000001,139.50000000000003,140.06000000000003,140.34000000000003,140.76000000000002,141.18,141.66,143.96,144.78,145.68,146.3
run25,0.3599999999999999,0.5399999999999998,1.9599999999999997,2.28,2.6799999999999997,3.1599999999999997,3.46,3.98,4.8,5.78,5.94,6.0,6.18,6.74,7.34,7.6,8.32,8.4,8.440000000000001,8.480000000000002,8.520000000000003,8.980000000000004,10.020000000000003,10.080000000000004,10.920000000000003,10.920000000000003,12.000000000000004,12.020000000000003,12.360000000000003,12.560000000000002,12.560000000000002,12.620000000000003,13.020000000000003,13.040000000000003,13.300000000000002,14.020000000000003,14.060000000000004,14.180000000000003,14.260000000000003,14.580000000000004,14.960000000000004,15.560000000000004,15.560000000000004,15.640000000000004,15.880000000000004,16.260000000000005,16.520000000000007,16.94000000000001,17.38000000000001,17.60000000000001,17.960000000000008,18.08000000000001,18.28000000000001,18.520000000000007,18.640000000000008,18.78000000000001,20.160000000000007,20.700000000000006,21.100000000000005,21.120000000000005,21.180000000000003,21.740000000000002,22.000000000000004,22.820000000000004,23.100000000000005,23.520000000000007,24.120000000000008,24.500000000000007,24.820000000000007,24.92000000000001,25.08000000000001,25.120000000000008,28.020000000000007,28.220000000000006,28.640000000000008,28.840000000000007,29.140000000000008,29.720000000000006,30.060000000000006,30.600000000000005,30.620000000000005,31.400000000000006,33.040000000000006,36.56,37.440000000000005,37.900000000000006,38.540000000000006,39.260000000000005,39.440000000000005,39.900000000000006,40.32000000000001,40.68000000000001,41.220000000000006,41.52,41.720000000000006,42.080000000000005,42.14000000000001,42.18000000000001,42.46000000000001,42.70000000000001,43.06000000000001,43.80000000000001,44.320000000000014,44.80000000000001,45.12000000000001,45.28000000000001,45.86000000000001,46.160000000000004,46.56,47.18,47.3,47.54,48.019999999999996,48.379999999999995,48.66,49.099999999999994,49.48,49.8,50.26,50.4,50.44,51.04,51.24,51.72,52.36,55.1,55.52,55.92,56.760000000000005,56.980000000000004,57.480000000000004,57.68000000000001,58.50000000000001,60.080000000000005,60.440000000000005,61.040000000000006,61.080000000000005,61.34,61.78,62.38,62.760000000000005,62.940000000000005,63.1,63.14,63.54,63.92,64.26,65.16000000000001,66.58000000000001,67.60000000000001,69.36000000000001,69.88000000000001,70.36000000000001,70.90000000000002,71.08000000000003,71.18000000000002,74.88000000000002,75.66000000000003,76.24000000000002,78.48000000000002,79.56000000000002,80.14000000000001,80.68000000000002,81.20000000000002,81.40000000000002,82.08000000000003,82.76000000000003,83.60000000000004,84.12000000000003,84.46000000000004,85.62000000000003,86.04000000000003,86.60000000000004,87.14000000000004,87.68000000000005,88.18000000000005,88.52000000000005,88.60000000000005,88.94000000000005,89.56000000000006,90.36000000000006,90.70000000000006,91.14000000000006,91.52000000000005,91.90000000000005,92.20000000000005,92.54000000000005,92.58000000000006,94.22000000000006,97.74000000000005,98.10000000000005,98.24000000000005,98.36000000000006,101.20000000000006,103.28000000000006,103.66000000000005,104.80000000000005,105.12000000000005,105.40000000000005,105.54000000000005,105.72000000000006,105.78000000000006,106.94000000000005,107.04000000000005,107.84000000000005,108.40000000000005,109.34000000000005,109.82000000000005,111.00000000000006,111.10000000000005,111.38000000000005,111.94000000000005,112.50000000000006,114.62000000000006,115.08000000000006,115.88000000000005,116.28000000000006,116.82000000000006,120.52000000000007,121.46000000000006,122.40000000000006,122.92000000000006,123.64000000000006,124.12000000000006,124.68000000000006,128.36000000000007,129.52000000000007,129.82000000000008,130.44000000000008,130.98000000000008,131.48000000000008,131.90000000000006,132.48000000000008,132.76000000000008,133.68000000000006,133.96000000000006,134.68000000000006,134.96000000000006,137.08000000000007,137.50000000000006,138.02000000000007,138.28000000000006,139.20000000000005,140.02000000000004,143.30000000000004,144.44000000000003,144.92000000000002,147.22000000000003,148.02000000000004,148.76000000000005,149.38000000000005
run26,0.24,0.29999999999999993,0.33999999999999997,0.6,0.96,1.1199999999999999,1.64,2.12,2.16,2.46,3.08,3.48,3.7199999999999998,3.92,3.96,4.8,5.22,5.4399999999999995,5.88,6.34,6.4799999999999995,7.06,7.1,8.02,8.62,8.78,9.28,9.6,10.44,10.5,10.5,11.22,11.24,11.280000000000001,11.740000000000002,12.780000000000001,12.780000000000001,12.98,13.040000000000001,13.3,13.440000000000001,13.56,13.92,14.04,14.239999999999998,14.479999999999999,14.559999999999999,14.6,14.64,14.66,14.92,15.34,15.72,16.0,16.08,16.08,16.639999999999997,16.879999999999995,17.359999999999996,17.639999999999997,17.779999999999998,17.959999999999997,18.58,18.779999999999998,18.86,19.38,19.86,20.2,20.54,20.98,21.78,21.900000000000002,22.160000000000004,22.500000000000004,22.540000000000003,23.000000000000004,23.180000000000003,23.600000000000005,23.920000000000005,24.300000000000004,24.620000000000005,26.200000000000003,27.28,27.44,27.46,30.36,30.56,30.98,31.32,31.72,31.759999999999998,31.88,32.42,32.86,32.94,34.36,34.72,34.92,35.46,35.58,35.879999999999995,36.48,36.959999999999994,37.35999999999999,37.53999999999999,40.37999999999999,40.679999999999986,41.039999999999985,42.45999999999999,42.93999999999998,43.33999999999998,43.49999999999998,43.67999999999998,43.73999999999998,44.55999999999998,44.87999999999998,45.27999999999998,46.29999999999998,46.51999999999998,46.579999999999984,46.83999999999998,46.93999999999998,47.219999999999985,47.61999999999998,48.15999999999998,49.79999999999998,53.31999999999998,54.13999999999998,54.55999999999998,55.43999999999998,55.43999999999998,56.039999999999985,56.639999999999986,57.079999999999984,57.679999999999986,57.859999999999985,58.43999999999998,60.679999999999986,61.01999999999999,61.53999999999999,62.07999999999999,62.459999999999994,62.839999999999996,63.22,63.8,64.14,64.44,64.64,64.68,65.32000000000001,65.7,65.88000000000001,66.28000000000002,69.98000000000002,70.76000000000002,71.12000000000002,72.76000000000002,76.28000000000002,76.42000000000002,76.94000000000001,78.02000000000001,78.54,79.7,80.24000000000001,80.78000000000002,81.12000000000002,81.58000000000001,82.12000000000002,82.62000000000002,84.38000000000002,84.94000000000003,85.24000000000002,87.98000000000002,88.50000000000001,89.18000000000002,89.38000000000002,90.22000000000003,90.70000000000003,91.52000000000002,92.50000000000003,92.82000000000002,93.60000000000002,93.62000000000002,93.98000000000002,94.62000000000002,95.34000000000002,95.44000000000001,96.24000000000001,96.82000000000001,97.18,99.26,99.64,100.0,101.16,101.88,102.25999999999999,102.55999999999999,102.89999999999999,103.27999999999999,104.41999999999999,105.6,106.0,107.38,108.32,110.44,110.53999999999999,110.82,111.38,113.67999999999999,114.03999999999999,114.97999999999999,115.43999999999998,115.97999999999999,119.67999999999999,120.39999999999999,120.88,121.44,122.12,122.54,123.14,123.7,124.42,128.1,129.26,129.56,130.18,130.76000000000002,131.04000000000002,131.84000000000003,132.26000000000002,132.82000000000002,133.32000000000002,133.60000000000002,134.52,134.8,136.92000000000002,137.46,138.4,139.12,139.22,139.64,140.44,140.7,141.22,142.35999999999999,145.64,146.11999999999998,147.01999999999998,147.76,148.38,148.94
run27,2.3000000000000003,3.08,4.12,4.48,4.48,5.9,6.42,6.9,7.720000000000001,8.32,8.48,11.76,12.16,12.56,12.88,12.920000000000002,13.560000000000002,13.860000000000003,14.260000000000003,14.880000000000003,15.180000000000003,15.420000000000003,15.460000000000004,15.600000000000005,16.060000000000006,16.640000000000008,16.680000000000007,17.000000000000007,17.200000000000006,17.560000000000006,18.160000000000007,19.060000000000006,19.900000000000006,20.340000000000007,20.620000000000008,20.680000000000007,20.720000000000006,20.960000000000004,21.080000000000005,21.440000000000005,21.820000000000004,22.900000000000006,23.500000000000007,23.980000000000008,24.360000000000007,24.860000000000007,25.880000000000006,26.420000000000005,26.520000000000007,26.880000000000006,27.180000000000007,27.380000000000006,27.920000000000005,28.400000000000006,28.800000000000004,28.980000000000004,29.160000000000004,29.560000000000002,29.900000000000002,30.180000000000003,33.86,34.019999999999996,34.199999999999996,34.26,34.48,34.54,34.8,34.98,35.44,35.82,36.24,36.78,37.18,37.46,38.02,38.28,38.300000000000004,39.02,39.1,39.1,39.34,39.6,40.02,40.400000000000006,41.24000000000001,41.30000000000001,41.30000000000001,41.500000000000014,41.56000000000002,41.600000000000016,41.640000000000015,42.240000000000016,42.72000000000001,42.860000000000014,43.22000000000001,43.34000000000001,43.54000000000001,43.780000000000015,43.90000000000001,44.06000000000001,44.38000000000001,44.46000000000001,44.50000000000001,44.620000000000005,44.940000000000005,45.32000000000001,45.92000000000001,47.34000000000001,47.360000000000014,48.180000000000014,49.000000000000014,49.740000000000016,50.26000000000002,51.90000000000002,55.420000000000016,55.44000000000002,55.48000000000002,55.88000000000002,56.22000000000002,56.42000000000002,56.72000000000002,57.60000000000002,58.980000000000025,60.560000000000024,60.72000000000002,61.18000000000002,61.72000000000002,62.36000000000002,62.700000000000024,63.020000000000024,63.440000000000026,63.700000000000024,63.700000000000024,63.78000000000002,63.980000000000025,65.74000000000002,66.16000000000003,66.68000000000002,67.12000000000002,67.34000000000002,69.58000000000001,69.60000000000001,70.32000000000001,70.9,71.42,71.88,72.47999999999999,73.02,73.64,74.42,74.9,75.26,75.64,76.18,79.08000000000001,79.50000000000001,80.04000000000002,80.60000000000002,80.90000000000002,81.40000000000002,81.96000000000002,82.64000000000003,82.84000000000003,83.52000000000004,84.36000000000004,84.88000000000004,85.22000000000004,85.42000000000004,85.78000000000004,85.88000000000004,88.62000000000003,89.78000000000003,90.96000000000004,91.28000000000003,91.86000000000003,92.24000000000002,92.82000000000002,93.18000000000002,94.12000000000002,94.22000000000001,94.58000000000001,95.20000000000002,95.68000000000002,96.62000000000002,96.96000000000002,97.30000000000003,97.74000000000002,98.12000000000002,98.50000000000001,98.80000000000001,100.44000000000001,103.96000000000001,104.30000000000001,104.34000000000002,105.06000000000002,105.14000000000001,105.48000000000002,106.28000000000002,106.42000000000002,106.70000000000002,106.88000000000002,106.94000000000003,107.08000000000003,109.92000000000003,112.04000000000003,113.18000000000004,113.58000000000004,114.38000000000004,114.92000000000004,116.08000000000004,119.78000000000004,120.72000000000004,120.76000000000005,124.46000000000005,124.98000000000005,125.10000000000005,126.24000000000005,128.32000000000005,128.80000000000004,129.60000000000005,130.32000000000005,130.88000000000005,130.98000000000005,131.52000000000004,132.08000000000004,132.54000000000005,132.82000000000005,133.24000000000004,134.22000000000003,134.78000000000003,135.28000000000003,136.44000000000003,136.92000000000002,137.34,137.64000000000001,138.22000000000003,138.50000000000003,139.42000000000002,139.70000000000002,140.42000000000002,140.70000000000002,142.82000000000002,143.24,143.96,144.48000000000002,144.74,145.66,146.48,147.28,148.02,148.64000000000001
run28,0.28,0.42000000000000015,0.4800000000000001,0.7600000000000001,0.9400000000000001,1.2999999999999998,1.64,1.74,2.1399999999999997,2.4999999999999996,2.619999999999999,5.899999999999999,6.299999999999999,6.919999999999999,7.219999999999999,7.459999999999999,8.04,8.639999999999999,9.079999999999998,9.699999999999998,10.059999999999997,10.319999999999997,10.899999999999997,11.039999999999997,11.499999999999996,12.419999999999996,13.259999999999996,13.299999999999997,13.499999999999996,13.559999999999997,13.599999999999998,13.839999999999998,14.119999999999997,14.439999999999998,14.459999999999997,15.539999999999997,16.099999999999998,16.279999999999998,16.74,17.16,17.64,17.92,18.400000000000002,18.480000000000004,18.820000000000004,19.160000000000004,19.280000000000005,22.120000000000005,22.180000000000003,22.400000000000002,22.660000000000004,22.760000000000005,23.160000000000004,24.800000000000004,25.240000000000006,25.780000000000005,29.300000000000004,30.020000000000003,30.060000000000002,30.380000000000003,30.880000000000003,31.040000000000003,31.060000000000002,31.880000000000003,32.900000000000006,33.300000000000004,33.82000000000001,34.56000000000001,34.62000000000001,35.46000000000001,35.46000000000001,35.50000000000001,35.96000000000001,35.96000000000001,36.02000000000001,36.22000000000001,36.240000000000016,36.500000000000014,37.22000000000001,37.30000000000001,37.34000000000001,37.38000000000001,37.46000000000001,37.46000000000001,37.720000000000006,38.14000000000001,38.28000000000001,38.400000000000006,38.56,38.760000000000005,38.78000000000001,39.20000000000001,39.54000000000001,39.780000000000015,39.90000000000001,39.94000000000001,40.320000000000014,40.640000000000015,40.72000000000001,41.54000000000001,42.08000000000001,42.680000000000014,43.06000000000002,43.500000000000014,43.54000000000001,43.94000000000001,44.30000000000001,44.42000000000001,44.62000000000001,44.860000000000014,45.180000000000014,45.38000000000002,45.740000000000016,46.280000000000015,47.70000000000002,48.08000000000002,49.12000000000002,49.66000000000002,50.26000000000002,50.56000000000002,51.04000000000001,51.40000000000001,51.66000000000001,52.06000000000001,53.040000000000006,53.24000000000001,53.540000000000006,54.42000000000001,54.64000000000001,54.98000000000001,55.16000000000001,55.32000000000001,55.38000000000001,55.76000000000001,56.280000000000015,56.280000000000015,56.88000000000002,57.460000000000015,59.70000000000002,60.180000000000014,60.72000000000001,63.62000000000001,64.20000000000002,64.84000000000002,66.48000000000002,66.82000000000002,67.26000000000002,67.40000000000002,68.22000000000001,68.82000000000001,69.2,69.8,70.2,70.38000000000001,70.86000000000001,70.90000000000002,71.44000000000003,71.82000000000002,72.28000000000002,72.84000000000002,73.14000000000001,73.48000000000002,74.20000000000002,75.34000000000002,78.86000000000001,79.36000000000001,79.54000000000002,80.96000000000002,81.16000000000003,81.84000000000003,82.52000000000004,83.36000000000004,83.88000000000004,83.98000000000003,85.56000000000003,85.88000000000002,86.36000000000003,86.88000000000002,87.96000000000002,88.16000000000003,88.80000000000003,88.84000000000003,89.20000000000003,91.94000000000003,92.74000000000002,93.30000000000003,94.10000000000002,94.48000000000002,94.84000000000002,96.60000000000002,97.38000000000002,97.54000000000002,98.08000000000003,98.66000000000003,99.60000000000002,99.98000000000002,100.28000000000002,100.62000000000002,101.00000000000001,101.36000000000001,103.44000000000001,104.60000000000001,105.00000000000001,105.10000000000001,105.38000000000001,105.84,108.14,108.7,109.42,113.12,114.28,115.66,117.78,118.96000000000001,119.48,120.04,120.46000000000001,121.4,122.18,122.72000000000001,126.42000000000002,126.90000000000002,127.46000000000002,127.74000000000002,128.46000000000004,129.26000000000005,129.56000000000006,130.18000000000006,131.34000000000006,132.28000000000006,135.96000000000006,136.50000000000006,137.00000000000006,137.28000000000006,137.70000000000005,138.42000000000004,139.34000000000003,139.62000000000003,140.04000000000002,142.16000000000003,142.58,143.4,144.20000000000002,144.46,144.98000000000002,146.12,146.6,147.5,148.24,148.86,149.42000000000002
run29,0.52,1.0,1.2200000000000002,1.96,2.1,2.22,2.46,2.82,2.94,3.1399999999999997,3.46,4.88,6.26,6.8,7.4,7.66,8.08,8.46,8.74,8.82,8.82,9.06,9.100000000000001,9.180000000000001,9.3,9.32,9.52,9.86,10.059999999999999,10.059999999999999,10.12,10.139999999999999,10.18,11.02,11.18,11.219999999999999,11.68,12.719999999999999,12.76,12.8,13.120000000000001,13.5,13.52,15.1,15.1,15.299999999999999,15.36,15.76,16.06,16.32,17.04,17.119999999999997,17.38,17.8,17.84,18.34,21.24,21.279999999999998,21.839999999999996,22.419999999999995,22.459999999999994,22.599999999999994,23.199999999999996,23.259999999999994,23.539999999999996,23.699999999999996,24.139999999999997,24.439999999999998,24.839999999999996,25.459999999999997,25.72,26.88,27.119999999999997,27.58,27.9,28.139999999999997,29.559999999999995,30.579999999999995,30.739999999999995,30.919999999999995,30.979999999999993,31.799999999999994,32.199999999999996,32.67999999999999,33.03999999999999,33.43999999999999,33.75999999999999,34.39999999999999,35.07999999999999,35.279999999999994,36.12,36.72,36.72,36.9,37.5,37.8,38.14,38.26,38.62,38.839999999999996,38.9,39.16,39.26,39.64,40.04,40.32,41.14,41.72,42.699999999999996,42.879999999999995,43.339999999999996,43.81999999999999,44.17999999999999,44.57999999999999,44.93999999999999,45.13999999999999,45.67999999999999,45.97999999999999,46.17999999999999,46.559999999999995,47.16,47.559999999999995,47.739999999999995,48.12,48.46,48.5,48.94,49.14,49.74,50.28,50.86,51.339999999999996,51.44,51.62,55.32,56.96,60.480000000000004,60.86000000000001,62.620000000000005,63.2,65.44,65.46,65.82,66.89999999999999,67.41999999999999,68.49999999999999,69.03999999999999,69.39999999999999,70.55999999999999,71.37999999999998,72.15999999999998,72.87999999999998,73.29999999999998,73.93999999999998,74.27999999999999,74.59999999999998,75.15999999999998,75.45999999999998,78.19999999999997,78.67999999999998,79.03999999999998,79.61999999999998,80.09999999999998,80.61999999999998,81.13999999999997,81.67999999999998,82.29999999999998,82.61999999999998,83.41999999999997,84.21999999999997,84.67999999999996,85.21999999999997,85.71999999999997,86.49999999999997,86.91999999999997,87.25999999999998,87.59999999999998,88.03999999999998,88.41999999999997,88.79999999999997,90.43999999999997,93.95999999999997,93.99999999999997,94.29999999999997,94.63999999999997,94.71999999999997,95.05999999999997,95.77999999999997,95.91999999999997,96.03999999999998,98.87999999999998,100.95999999999998,101.33999999999997,102.47999999999998,102.75999999999998,102.89999999999998,103.07999999999998,103.13999999999999,103.23999999999998,104.17999999999998,104.85999999999999,105.41999999999999,105.96,109.66,110.53999999999999,111.69999999999999,111.79999999999998,112.07999999999998,112.63999999999999,113.19999999999999,113.65999999999998,114.17999999999998,114.71999999999998,115.23999999999998,116.03999999999998,116.43999999999998,117.61999999999999,118.33999999999999,118.82,122.5,122.98,123.54,124.38000000000001,124.68,125.30000000000001,125.58000000000001,126.00000000000001,126.42000000000002,126.92000000000002,129.04000000000002,129.96,130.88,131.16,131.6,131.96,132.24,133.04000000000002,133.58,134.0,134.82,135.38,135.64,136.16,136.88,139.0,142.28,143.42,144.14,146.44,147.34,148.08
run30,0.72,1.54,2.96,3.98,4.96,4.98,6.5600000000000005,6.880000000000001,7.160000000000001,7.460000000000001,7.500000000000001,7.800000000000001,10.700000000000001,10.860000000000001,11.440000000000001,11.940000000000001,11.98,12.040000000000001,12.3,12.32,12.42,12.98,13.040000000000001,13.3,13.520000000000001,13.920000000000002,14.3,14.4,14.56,14.76,15.68,15.959999999999999,16.7,17.3,17.62,19.26,19.62,20.14,20.5,20.5,20.9,21.299999999999997,21.779999999999998,22.319999999999997,22.799999999999997,22.959999999999997,23.139999999999997,23.199999999999996,24.019999999999996,24.419999999999995,25.039999999999996,25.639999999999997,26.08,26.139999999999997,26.139999999999997,26.599999999999998,26.639999999999997,27.679999999999996,28.519999999999996,28.579999999999995,28.579999999999995,28.779999999999994,28.859999999999992,28.89999999999999,28.93999999999999,28.95999999999999,29.21999999999999,29.29999999999999,29.29999999999999,29.55999999999999,29.979999999999993,30.099999999999994,30.239999999999995,30.599999999999994,30.719999999999995,30.919999999999995,31.159999999999993,31.539999999999992,31.77999999999999,32.49999999999999,32.779999999999994,32.89999999999999,32.93999999999999,33.01999999999999,33.21999999999999,33.63999999999999,33.98,34.379999999999995,34.919999999999995,35.519999999999996,35.959999999999994,37.379999999999995,37.919999999999995,38.739999999999995,39.459999999999994,39.63999999999999,40.099999999999994,40.459999999999994,40.66,41.199999999999996,41.49999999999999,41.919999999999995,42.3,42.419999999999995,43.019999999999996,46.53999999999999,47.01999999999999,47.89999999999999,48.29999999999999,48.47999999999999,48.81999999999999,49.11999999999999,49.31999999999999,49.75999999999999,50.11999999999999,50.35999999999999,50.739999999999995,51.21999999999999,51.67999999999999,51.879999999999995,52.199999999999996,52.58,52.98,53.339999999999996,54.419999999999995,54.66,54.8,55.26,55.3,55.62,55.66,56.339999999999996,56.98,57.5,58.08,60.32,60.660000000000004,61.74,65.44,65.96,66.47999999999999,67.02,67.66,67.97999999999999,68.13999999999999,68.15999999999998,68.19999999999999,68.39999999999999,68.75999999999999,69.35999999999999,70.25999999999999,70.77999999999999,71.19999999999999,71.74,72.28,72.76,73.92,74.48,74.78,75.14,77.88,78.36,78.7,79.38000000000001,79.7,80.28,80.62,82.26,82.60000000000001,83.04,86.56,86.64,86.98,87.60000000000001,88.10000000000001,88.9,89.68,90.28,90.66,92.42,92.7,92.84,93.02000000000001,93.16000000000001,93.22000000000001,93.26000000000002,93.62000000000002,94.56000000000002,95.14000000000001,95.32000000000002,95.42000000000002,96.20000000000002,97.36000000000001,99.44000000000001,99.54,99.82000000000001,100.38000000000001,100.94000000000001,101.24000000000001,101.62,102.0,102.34,103.06,105.9,108.02000000000001,108.42000000000002,109.22000000000001,110.60000000000001,111.12,112.06,112.52,113.7,114.18,114.56,115.18,115.72000000000001,119.42000000000002,119.98000000000002,121.12000000000002,121.84000000000002,122.26000000000002,122.82000000000002,122.94000000000003,123.16000000000003,126.84000000000003,127.34000000000003,128.50000000000003,128.92000000000002,129.76000000000002,130.3,130.58,131.14000000000001,131.42000000000002,132.14000000000001,132.72000000000003,134.84000000000003,135.12000000000003,136.06000000000003,136.86000000000004,137.28000000000003,137.80000000000004,138.06000000000003,139.20000000000002,142.48000000000002,143.4,144.22,144.52,146.82000000000002,147.62000000000003,148.36000000000004,148.98000000000005
run31,0.28,0.92,0.92,1.1800000000000002,1.6,1.98,2.2199999999999998,2.36,2.48,2.84,2.96,3.16,3.4000000000000004,3.4200000000000004,3.4200000000000004,3.4800000000000004,4.32,4.58,4.78,5.12,5.140000000000001,5.180000000000001,5.300000000000001,5.380000000000001,5.98,5.98,6.040000000000001,6.440000000000001,6.900000000000001,6.940000000000001,6.980000000000001,7.1800000000000015,7.500000000000002,7.840000000000002,8.220000000000002,8.260000000000002,8.760000000000002,9.060000000000002,9.260000000000002,10.040000000000001,10.600000000000001,10.900000000000002,11.160000000000002,11.480000000000002,11.700000000000003,11.860000000000003,12.400000000000002,12.920000000000002,12.980000000000002,13.380000000000003,13.780000000000003,13.780000000000003,14.300000000000002,14.780000000000003,15.140000000000002,15.440000000000003,16.26,16.860000000000003,17.040000000000003,17.200000000000003,18.020000000000003,19.440000000000005,19.460000000000004,19.780000000000005,20.180000000000003,21.760000000000005,22.360000000000007,22.78000000000001,23.42000000000001,23.60000000000001,24.640000000000008,25.360000000000007,25.420000000000005,25.680000000000007,26.240000000000006,26.660000000000007,26.94000000000001,27.92000000000001,28.300000000000008,28.74000000000001,28.820000000000007,29.400000000000006,29.940000000000005,30.040000000000006,30.060000000000006,30.520000000000007,32.160000000000004,35.68000000000001,36.56000000000001,37.28000000000001,38.10000000000001,38.64000000000001,38.68000000000001,38.74000000000001,38.78000000000001,41.68000000000001,41.96000000000001,42.20000000000001,42.38000000000001,42.84000000000001,43.26000000000001,43.62000000000001,44.20000000000001,44.50000000000001,44.900000000000006,45.52,45.68,46.42,46.940000000000005,47.42,47.56,47.84,48.28,48.64,49.18,49.3,49.54,50.019999999999996,50.48,50.8,50.839999999999996,51.44,51.739999999999995,51.94,52.32,52.52,53.02,53.38,53.78,54.14,54.74,55.1,56.260000000000005,56.46000000000001,57.30000000000001,58.20000000000001,58.68000000000001,58.900000000000006,59.220000000000006,59.7,62.440000000000005,62.7,62.74,63.18,63.78,63.96,64.34,64.82000000000001,64.98,65.4,65.80000000000001,66.14000000000001,67.16000000000001,67.74000000000001,68.52000000000001,68.84,69.78,70.32000000000001,70.42,70.60000000000001,74.30000000000001,74.82000000000001,75.50000000000001,75.70000000000002,76.38000000000002,77.22000000000003,77.56000000000003,78.10000000000004,78.44000000000004,78.78000000000004,79.22000000000004,79.60000000000004,79.90000000000003,80.28000000000003,80.62000000000003,80.66000000000004,82.30000000000004,85.82000000000004,85.90000000000003,86.24000000000004,86.86000000000004,87.66000000000004,88.38000000000004,88.96000000000004,91.20000000000003,92.28000000000003,92.42000000000003,92.56000000000003,92.84000000000003,93.02000000000004,93.08000000000004,93.20000000000005,96.04000000000005,98.12000000000005,99.26000000000005,99.64000000000004,100.18000000000005,100.54000000000005,100.58000000000006,101.66000000000005,101.76000000000005,102.56000000000004,103.74000000000005,104.46000000000005,104.56000000000004,104.84000000000005,105.40000000000005,107.70000000000005,109.82000000000005,110.62000000000005,111.02000000000005,111.96000000000005,112.42000000000004,112.90000000000005,113.42000000000004,115.18000000000005,115.74000000000005,116.30000000000005,116.86000000000006,117.16000000000005,117.78000000000006,118.26000000000006,119.42000000000006,119.80000000000005,120.16000000000005,123.84000000000006,124.76000000000006,125.18000000000006,126.56000000000006,127.06000000000006,127.34000000000006,128.06000000000006,128.64000000000007,129.18000000000006,130.34000000000006,130.88000000000005,133.00000000000006,133.28000000000006,134.22000000000006,134.64000000000004,135.36000000000004,135.88000000000005,136.14000000000004,137.28000000000003,138.20000000000002,139.02,142.3,143.10000000000002,143.84000000000003,144.46000000000004,145.02000000000004
run32,0.0,0.17999999999999994,0.5399999999999998,1.0199999999999998,1.8399999999999999,2.8200000000000003,3.12,3.2800000000000002,3.3400000000000003,3.5200000000000005,4.12,4.5200000000000005,4.920000000000001,5.240000000000001,5.760000000000002,5.800000000000002,5.860000000000001,6.940000000000001,6.980000000000001,7.080000000000001,7.100000000000001,7.360000000000001,10.260000000000002,10.320000000000002,10.320000000000002,10.360000000000003,10.820000000000004,11.860000000000003,12.700000000000003,12.760000000000003,12.760000000000003,12.960000000000003,13.220000000000002,13.240000000000002,13.520000000000001,13.82,14.22,14.84,15.08,15.4,15.76,16.48,16.94,17.080000000000002,17.12,17.32,17.36,18.0,18.04,18.08,18.56,18.64,19.2,19.28,19.28,19.6,19.720000000000002,19.76,19.840000000000003,20.160000000000004,20.540000000000003,21.080000000000002,21.520000000000003,21.900000000000002,22.160000000000004,22.580000000000005,22.860000000000007,23.220000000000006,23.760000000000005,24.060000000000006,24.480000000000008,24.680000000000007,25.020000000000007,25.240000000000006,25.300000000000004,25.560000000000006,25.980000000000008,26.180000000000007,26.580000000000005,26.700000000000006,27.180000000000007,27.78000000000001,28.140000000000008,28.26000000000001,28.460000000000008,28.700000000000006,28.820000000000007,28.960000000000008,29.28000000000001,29.44000000000001,29.92000000000001,30.140000000000008,31.56000000000001,32.16000000000001,32.54000000000001,32.72000000000001,33.460000000000015,33.98000000000002,34.58000000000002,34.96000000000002,35.14000000000002,35.60000000000002,36.020000000000024,36.86000000000003,37.14000000000003,37.72000000000003,37.96000000000003,38.16000000000003,38.56000000000003,38.88000000000003,39.14000000000003,39.74000000000003,40.14000000000003,40.96000000000003,42.60000000000003,43.04000000000003,46.56000000000003,47.06000000000003,47.64000000000003,47.66000000000003,48.540000000000035,48.84000000000003,49.040000000000035,49.38000000000004,49.92000000000004,50.640000000000036,51.460000000000036,55.16000000000004,55.70000000000004,56.22000000000004,56.38000000000004,56.40000000000004,56.44000000000004,57.22000000000004,57.80000000000004,60.04000000000004,60.44000000000004,60.82000000000004,61.40000000000004,62.560000000000045,64.32000000000005,64.68000000000005,65.28000000000004,65.44000000000004,65.78000000000004,66.58000000000004,67.00000000000004,67.64000000000004,68.16000000000004,68.70000000000005,69.24000000000005,69.44000000000005,70.12000000000006,70.80000000000007,71.64000000000007,72.16000000000007,72.78000000000007,74.36000000000007,74.84000000000007,75.18000000000008,75.52000000000008,75.60000000000008,75.94000000000008,76.06000000000009,78.80000000000008,79.18000000000008,79.52000000000008,79.96000000000008,80.00000000000009,80.14000000000009,81.78000000000009,82.16000000000008,82.46000000000008,82.80000000000008,83.18000000000008,86.70000000000007,89.54000000000008,90.26000000000008,91.04000000000008,92.18000000000008,92.54000000000008,93.10000000000008,93.40000000000008,93.76000000000008,95.84000000000007,96.42000000000007,96.80000000000007,97.16000000000007,98.10000000000007,98.56000000000006,99.04000000000006,99.18000000000006,99.46000000000006,99.64000000000007,99.70000000000007,100.24000000000008,100.42000000000009,101.58000000000008,101.68000000000008,102.48000000000008,102.98000000000008,103.92000000000007,104.02000000000007,105.10000000000007,106.48000000000006,107.28000000000006,108.22000000000006,110.34000000000006,110.88000000000007,114.58000000000007,115.76000000000008,116.56000000000007,116.66000000000007,116.94000000000007,119.24000000000007,119.80000000000007,120.20000000000007,120.92000000000007,121.94000000000007,122.40000000000006,122.92000000000006,123.40000000000006,123.96000000000006,127.64000000000007,128.06000000000006,128.62000000000006,128.92000000000007,129.54000000000008,129.82000000000008,130.98000000000008,131.42000000000007,131.84000000000006,132.74000000000007,133.02000000000007,133.52000000000007,134.24000000000007,135.16000000000005,135.44000000000005,135.98000000000005,138.10000000000005,138.52000000000004,139.04000000000005,139.30000000000004,140.22000000000003,141.04000000000002,142.18,145.46,145.94,146.68,147.3,147.86
run33,0.94,1.66,1.68,1.92,2.2,2.2800000000000002,2.2800000000000002,2.5200000000000005,2.6400000000000006,2.6800000000000006,2.9400000000000004,3.3600000000000003,3.74,4.28,4.720000000000001,4.86,4.98,5.340000000000001,5.460000000000001,5.660000000000001,5.900000000000001,5.900000000000001,5.960000000000001,6.800000000000001,7.4,7.44,7.48,7.880000000000001,8.5,8.94,9.24,9.6,10.14,10.440000000000001,10.480000000000002,10.640000000000002,10.700000000000003,11.520000000000003,11.880000000000003,12.280000000000003,12.460000000000003,12.600000000000003,13.080000000000004,13.560000000000004,14.020000000000003,14.020000000000003,14.340000000000003,14.720000000000002,14.840000000000002,15.320000000000002,15.860000000000003,17.28,17.96,18.560000000000002,19.020000000000003,19.200000000000003,19.44,19.64,19.68,20.52,21.0,21.9,22.5,23.1,23.26,23.28,23.48,23.82,23.86,24.24,24.619999999999997,24.799999999999997,25.019999999999996,25.419999999999995,25.819999999999993,26.179999999999993,26.659999999999993,26.739999999999995,27.059999999999995,27.319999999999997,28.4,29.0,29.58,30.119999999999997,30.459999999999997,30.659999999999997,31.119999999999997,31.4,31.959999999999997,32.22,32.54,32.76,32.96,33.14,33.4,33.82,34.64,34.660000000000004,35.24,35.54,36.96,37.28,37.34,37.7,37.980000000000004,38.02,38.06,38.88,39.32,39.38,39.480000000000004,39.88,40.300000000000004,40.32000000000001,40.86000000000001,41.60000000000001,41.760000000000005,43.400000000000006,46.92,47.800000000000004,48.32000000000001,48.32000000000001,48.38000000000001,48.58000000000001,49.62000000000001,49.820000000000014,50.420000000000016,51.100000000000016,51.820000000000014,53.40000000000001,53.98000000000001,54.820000000000014,57.06000000000002,57.140000000000015,57.48000000000002,58.100000000000016,58.44000000000002,58.56000000000002,61.40000000000001,61.780000000000015,62.240000000000016,62.44000000000002,62.54000000000002,63.08000000000002,64.72000000000001,65.06000000000002,65.50000000000001,65.98000000000002,69.50000000000001,69.88000000000001,70.28000000000002,70.62000000000002,70.80000000000003,73.70000000000003,73.84000000000003,74.40000000000003,74.90000000000003,75.06000000000003,76.82000000000004,77.38000000000004,77.68000000000004,80.42000000000003,81.06000000000003,81.52000000000002,82.02000000000002,83.18000000000002,83.70000000000002,84.22000000000001,84.50000000000001,84.64000000000001,84.82000000000002,84.88000000000002,85.22000000000003,85.74000000000002,86.26000000000002,86.62000000000002,87.16000000000003,87.52000000000002,87.94000000000003,88.72000000000003,88.76000000000003,89.12000000000003,91.20000000000003,91.60000000000004,91.90000000000003,92.00000000000003,92.32000000000002,92.96000000000002,93.54000000000002,94.34000000000002,94.72000000000001,95.08000000000001,95.80000000000001,96.18,96.48,96.82000000000001,97.2,98.34,99.42,100.58,101.14,101.94,102.96,103.74,104.67999999999999,105.86,105.96,106.5,107.88,107.92,108.64,109.18,112.88000000000001,113.28000000000002,114.08000000000001,114.56000000000002,116.68000000000002,117.62000000000002,118.14000000000001,118.70000000000002,119.12000000000002,119.68000000000002,120.10000000000002,123.78000000000003,124.28000000000003,125.26000000000003,126.42000000000003,126.90000000000003,127.20000000000003,127.82000000000004,128.24000000000004,129.16000000000003,129.44000000000003,129.72000000000003,130.44000000000003,131.02000000000004,133.14000000000004,133.42000000000004,134.56000000000003,137.84000000000003,138.36000000000004,138.62000000000003,139.04000000000002,139.86,140.78,141.58,141.86,142.58,144.88000000000002,145.62000000000003,146.24000000000004
run34,0.45999999999999996,1.06,1.68,2.2199999999999998,2.46,2.5,2.7,3.54,3.8600000000000003,4.16,4.74,5.0200000000000005,5.28,5.32,5.78,5.92,6.22,6.8,7.62,8.22,8.280000000000001,8.520000000000001,8.88,9.780000000000001,9.82,10.540000000000001,10.56,10.82,10.82,10.88,11.72,11.760000000000002,12.220000000000002,13.260000000000002,13.320000000000002,13.320000000000002,14.400000000000002,14.520000000000001,15.000000000000002,15.380000000000003,15.980000000000002,16.360000000000003,16.520000000000003,16.540000000000003,16.740000000000002,17.080000000000002,17.12,17.16,17.52,17.919999999999998,18.24,18.72,19.259999999999998,19.36,19.919999999999998,20.0,20.0,20.24,20.279999999999998,20.319999999999997,20.4,20.439999999999998,20.56,20.64,21.02,21.34,21.7,22.24,22.54,22.74,23.22,23.38,23.56,23.619999999999997,24.439999999999998,24.459999999999997,24.519999999999996,24.899999999999995,25.159999999999997,25.379999999999995,25.979999999999997,26.419999999999998,26.799999999999997,27.06,27.48,27.76,28.16,28.7,29.28,29.76,29.900000000000002,30.020000000000003,30.380000000000003,30.500000000000004,30.700000000000003,30.94,31.26,31.42,31.64,32.22,33.6,34.42,35.02,36.440000000000005,37.18000000000001,37.36000000000001,37.760000000000005,38.120000000000005,38.64000000000001,39.040000000000006,39.38000000000001,39.56000000000001,39.96000000000001,40.32000000000001,41.400000000000006,41.580000000000005,42.040000000000006,42.46000000000001,42.88000000000001,43.14000000000001,43.56000000000001,44.34000000000001,44.34000000000001,44.360000000000014,46.000000000000014,49.52000000000001,50.40000000000001,53.30000000000001,53.500000000000014,53.70000000000002,54.420000000000016,54.960000000000015,55.56000000000002,57.320000000000014,57.66000000000002,57.94000000000002,58.48000000000002,58.56000000000002,58.90000000000002,59.24000000000002,59.36000000000002,62.10000000000002,62.480000000000025,62.58000000000003,62.86000000000003,63.42000000000003,65.06000000000003,65.40000000000003,65.84000000000003,66.32000000000004,66.94000000000004,68.36000000000004,68.88000000000004,69.40000000000003,69.60000000000004,70.28000000000004,70.96000000000005,71.80000000000005,71.94000000000005,72.26000000000005,72.54000000000005,72.68000000000005,72.86000000000006,72.92000000000006,73.56000000000006,74.02000000000005,74.36000000000006,77.88000000000005,78.38000000000005,81.22000000000006,81.74000000000005,81.84000000000005,81.94000000000004,82.12000000000005,84.36000000000004,84.52000000000004,85.02000000000004,86.60000000000004,86.92000000000003,87.28000000000003,88.44000000000003,88.98000000000003,89.50000000000003,90.30000000000003,90.78000000000003,90.82000000000004,91.38000000000004,91.68000000000004,92.04000000000003,94.12000000000003,94.54000000000003,95.12000000000003,96.06000000000003,96.46000000000004,97.26000000000003,97.56000000000003,98.36000000000003,98.92000000000003,99.30000000000003,99.66000000000003,100.82000000000002,101.54000000000002,101.92000000000002,102.22000000000001,102.56000000000002,102.94000000000001,104.08000000000001,104.80000000000001,105.58000000000001,106.60000000000001,107.00000000000001,107.94000000000001,110.06000000000002,111.00000000000001,111.54000000000002,115.24000000000002,115.76000000000002,116.24000000000002,116.88000000000002,117.44000000000003,118.62000000000003,119.10000000000004,120.08000000000004,120.64000000000004,124.32000000000005,124.74000000000005,125.90000000000005,126.20000000000005,126.82000000000005,127.24000000000005,127.74000000000005,128.18000000000006,128.72000000000006,129.00000000000006,129.92000000000004,130.20000000000005,130.92000000000004,131.20000000000005,133.32000000000005,133.74000000000004,134.26000000000005,134.52000000000004,135.24000000000004,136.16000000000003,136.98000000000002,138.12,141.4,143.70000000000002,144.50000000000003,145.24000000000004,145.86000000000004
run35,0.84,0.92,0.9600000000000002,0.9800000000000002,1.36,1.6800000000000002,3.2600000000000002,3.58,3.62,4.66,4.86,4.92,4.92,5.32,5.62,6.46,6.46,6.52,6.539999999999999,6.579999999999999,6.779999999999999,7.119999999999999,7.319999999999999,7.4799999999999995,7.5,7.76,7.76,7.84,8.08,8.16,8.200000000000001,8.32,8.76,9.14,9.4,9.82,12.06,12.18,12.32,12.68,12.879999999999999,12.999999999999998,13.239999999999998,13.659999999999998,14.259999999999998,14.679999999999998,15.399999999999999,15.86,16.4,16.56,19.839999999999996,19.879999999999995,20.379999999999995,20.419999999999995,20.979999999999993,21.71999999999999,22.039999999999992,22.319999999999993,22.839999999999993,22.999999999999993,23.599999999999994,24.079999999999995,24.399999999999995,25.419999999999995,25.479999999999993,25.579999999999995,25.599999999999994,26.179999999999993,26.439999999999994,27.519999999999996,28.119999999999997,28.359999999999996,28.419999999999995,28.799999999999994,29.059999999999995,29.279999999999994,29.679999999999993,30.499999999999993,31.319999999999993,31.679999999999993,31.959999999999994,32.16,32.419999999999995,32.81999999999999,33.17999999999999,33.65999999999999,33.65999999999999,34.05999999999999,34.59999999999999,34.759999999999984,34.93999999999998,34.999999999999986,35.539999999999985,35.719999999999985,37.139999999999986,37.65999999999999,38.25999999999999,38.779999999999994,40.199999999999996,40.54,41.12,41.26,41.3,42.279999999999994,43.099999999999994,43.63999999999999,44.279999999999994,44.99999999999999,45.419999999999995,45.71999999999999,46.11999999999999,46.73999999999999,46.91999999999999,47.37999999999999,47.79999999999999,48.15999999999999,48.69999999999999,48.89999999999999,49.19999999999999,49.319999999999986,49.79999999999998,50.399999999999984,50.999999999999986,51.399999999999984,51.579999999999984,52.05999999999998,53.69999999999998,57.219999999999985,57.65999999999998,58.539999999999985,62.219999999999985,62.61999999999998,63.139999999999986,63.51999999999999,63.85999999999999,64.24,66.0,66.54,67.0,67.3,67.82,68.17999999999999,68.97999999999999,70.05999999999999,70.61999999999999,70.91999999999999,71.23999999999998,73.97999999999998,74.35999999999997,74.65999999999997,74.99999999999997,75.71999999999997,76.19999999999997,76.55999999999997,77.13999999999997,77.59999999999997,77.91999999999996,78.15999999999995,78.19999999999996,78.39999999999996,78.61999999999996,79.45999999999997,79.81999999999996,80.45999999999997,81.39999999999996,81.87999999999997,82.21999999999997,83.85999999999997,87.37999999999997,87.71999999999997,87.75999999999998,87.83999999999997,88.17999999999998,88.79999999999998,89.59999999999998,90.21999999999998,90.71999999999998,90.89999999999999,91.17999999999999,91.27999999999999,91.63999999999999,92.55999999999999,92.89999999999999,93.44,93.58,93.86,94.04,94.10000000000001,94.24000000000001,94.36000000000001,95.50000000000001,98.34000000000002,100.42000000000002,100.80000000000001,101.48000000000002,101.68000000000002,102.36000000000003,102.92000000000003,103.86000000000003,104.58000000000003,104.68000000000002,105.60000000000002,106.00000000000003,106.10000000000002,106.64000000000003,107.20000000000003,107.58000000000003,108.36000000000003,108.72000000000003,109.88000000000002,110.44000000000003,111.00000000000003,113.12000000000003,114.28000000000003,114.74000000000002,115.22000000000003,115.74000000000002,116.92000000000003,118.30000000000003,118.86000000000003,119.58000000000003,119.86000000000003,120.30000000000003,121.08000000000003,124.78000000000003,125.36000000000003,126.52000000000002,129.42000000000002,130.14000000000001,130.64000000000001,131.06,131.34,131.62,135.32,135.73999999999998,137.85999999999999,138.39999999999998,138.81999999999996,139.63999999999996,139.89999999999995,140.41999999999996,141.35999999999996,142.15999999999997,142.95999999999998,144.09999999999997,144.99999999999997,145.27999999999997,146.01999999999998,146.49999999999997,148.79999999999998,149.42
run36,0.0,0.3599999999999999,1.7799999999999998,2.26,2.6599999999999997,3.0599999999999996,3.38,3.4799999999999995,3.7799999999999994,4.6,5.58,6.62,6.66,7.26,7.3999999999999995,7.859999999999999,8.5,8.9,9.52,9.76,10.66,11.2,12.28,12.399999999999999,12.759999999999998,13.159999999999998,13.639999999999999,14.239999999999998,14.419999999999998,14.799999999999997,14.839999999999996,15.379999999999995,15.639999999999995,15.839999999999995,16.679999999999996,16.999999999999996,17.379999999999995,17.419999999999995,17.479999999999993,17.499999999999993,17.859999999999992,18.25999999999999,18.539999999999992,18.89999999999999,19.23999999999999,19.47999999999999,20.559999999999988,20.81999999999999,20.83999999999999,20.899999999999988,21.739999999999988,21.739999999999988,21.759999999999987,22.099999999999987,22.299999999999986,22.459999999999987,22.499999999999986,22.699999999999985,23.419999999999984,26.319999999999983,26.319999999999983,26.37999999999998,26.77999999999998,26.97999999999998,27.27999999999998,27.69999999999998,28.27999999999998,30.51999999999998,30.879999999999978,31.419999999999977,31.719999999999978,31.919999999999977,32.39999999999998,32.559999999999974,32.739999999999974,32.799999999999976,33.35999999999998,33.439999999999976,33.439999999999976,33.49999999999998,33.87999999999998,34.13999999999998,34.35999999999998,34.59999999999998,34.67999999999998,34.71999999999998,34.839999999999975,34.879999999999974,34.91999999999997,35.239999999999974,35.619999999999976,35.99999999999998,36.27999999999998,36.53999999999998,36.95999999999998,37.39999999999998,37.81999999999998,38.21999999999998,38.699999999999974,38.839999999999975,38.95999999999997,39.31999999999997,39.43999999999997,39.63999999999997,39.879999999999974,40.479999999999976,40.75999999999998,40.939999999999976,41.39999999999998,41.71999999999998,41.879999999999974,42.09999999999997,42.839999999999975,43.35999999999998,44.99999999999998,48.51999999999998,48.95999999999998,49.77999999999998,50.37999999999998,50.91999999999998,51.79999999999998,52.399999999999984,52.69999999999998,53.259999999999984,53.73999999999998,55.15999999999998,55.47999999999998,55.73999999999998,56.31999999999998,56.81999999999998,56.83999999999998,56.91999999999998,57.63999999999998,58.07999999999998,59.839999999999975,60.17999999999998,60.99999999999998,61.51999999999998,62.11999999999998,65.81999999999998,66.39999999999998,66.81999999999998,67.27999999999997,67.89999999999998,67.93999999999998,68.09999999999998,68.17999999999998,68.51999999999998,68.85999999999999,68.97999999999999,71.82,72.19999999999999,72.29999999999998,72.75999999999998,72.95999999999998,73.49999999999999,75.13999999999999,75.47999999999999,75.91999999999999,76.39999999999999,79.91999999999999,80.69999999999999,81.47999999999999,82.03999999999999,82.33999999999999,82.69999999999999,83.33999999999999,83.38,84.53999999999999,84.99999999999999,85.27999999999999,85.41999999999999,85.6,85.66,85.8,86.32,87.03999999999999,88.17999999999999,88.38,89.06,89.9,92.2,92.54,93.06,94.64,95.0,95.38,95.67999999999999,96.02,96.39999999999999,99.13999999999999,99.63999999999999,100.17999999999999,100.53999999999999,102.61999999999999,102.8,103.96,104.05999999999999,104.37999999999998,104.95999999999998,105.89999999999998,105.99999999999997,106.67999999999998,108.05999999999997,108.85999999999997,110.03999999999998,110.55999999999997,111.09999999999998,111.89999999999998,112.43999999999998,116.13999999999999,116.85999999999999,117.65999999999998,118.05999999999999,118.53999999999999,120.66,121.67999999999999,122.61999999999999,123.17999999999999,123.6,124.02,127.69999999999999,128.26,128.82,129.12,129.74,130.9,131.62,132.04,132.95999999999998,133.45999999999998,133.73999999999998,134.01999999999998,134.73999999999998,135.32,137.44,137.72,138.66,139.79999999999998,143.07999999999998,143.6,143.85999999999999,144.27999999999997,145.09999999999997,146.01999999999995,146.81999999999996,147.09999999999997,147.57999999999996,148.31999999999996,148.93999999999997,149.49999999999997
run37,0.12,0.48,0.72,0.84,0.98,1.4,1.7799999999999998,2.0999999999999996,2.5399999999999996,2.6199999999999997,2.6599999999999997,2.78,3.9199999999999995,3.9599999999999995,3.9999999999999996,5.039999999999999,5.119999999999999,5.119999999999999,5.379999999999999,5.399999999999999,6.119999999999998,6.459999999999998,6.519999999999998,6.539999999999997,6.539999999999997,6.939999999999998,7.179999999999998,7.379999999999998,7.699999999999998,7.979999999999999,8.339999999999998,8.719999999999999,8.759999999999998,8.939999999999998,9.479999999999997,9.759999999999996,10.379999999999995,10.859999999999996,11.459999999999996,11.839999999999996,12.439999999999996,12.839999999999996,13.179999999999996,13.479999999999997,13.599999999999996,13.779999999999996,14.179999999999996,15.259999999999996,15.299999999999997,15.619999999999997,15.839999999999998,17.02,20.7,21.54,21.9,22.5,22.86,23.099999999999998,23.119999999999997,23.479999999999997,24.019999999999996,24.219999999999995,24.519999999999996,24.659999999999997,25.239999999999995,25.699999999999996,26.299999999999997,26.459999999999997,26.459999999999997,26.959999999999997,27.159999999999997,27.219999999999995,27.619999999999994,28.039999999999996,28.079999999999995,29.659999999999997,29.719999999999995,29.959999999999994,30.219999999999995,30.379999999999995,30.419999999999995,31.579999999999995,31.879999999999995,31.959999999999994,32.519999999999996,32.67999999999999,32.85999999999999,32.919999999999995,33.739999999999995,34.099999999999994,34.49999999999999,34.81999999999999,36.239999999999995,36.63999999999999,36.919999999999995,37.39999999999999,38.37999999999999,38.59999999999999,39.139999999999986,39.539999999999985,40.219999999999985,40.41999999999999,41.25999999999999,41.53999999999999,41.919999999999995,42.39999999999999,42.99999999999999,43.519999999999996,43.779999999999994,44.559999999999995,45.199999999999996,45.26,45.519999999999996,45.94,46.12,46.58,47.0,47.38,47.82,47.82,48.0,48.3,48.64,48.660000000000004,48.7,49.440000000000005,49.6,50.2,50.68,51.2,52.220000000000006,53.10000000000001,54.52000000000001,54.62000000000001,55.06000000000001,55.88000000000001,55.96000000000001,58.800000000000004,59.28,59.480000000000004,60.02,60.120000000000005,60.84,61.46,62.04,62.88,63.34,63.540000000000006,64.06,64.98,65.5,65.84,66.42,66.76,69.0,69.38,70.46,71.1,71.44,71.98,73.74000000000001,74.28000000000002,75.08000000000001,75.60000000000001,75.94000000000001,77.58000000000001,81.10000000000001,81.62,81.98,82.54,82.84,83.16,83.61999999999999,84.11999999999999,84.32,85.1,85.46,85.5,85.64,85.92,86.10000000000001,86.16000000000001,86.30000000000001,86.84000000000002,87.42000000000002,87.52000000000001,89.16000000000001,92.68,93.04,93.86,95.02,95.14,95.52,98.25999999999999,100.33999999999999,103.24,104.17999999999999,104.86,105.66,105.7,106.10000000000001,106.2,106.48,107.04,107.60000000000001,108.54,109.0,109.72,110.1,110.39999999999999,110.74,111.11999999999999,112.25999999999999,112.97999999999999,114.35999999999999,116.47999999999999,117.03999999999999,117.58,121.28,124.98,125.46000000000001,125.88000000000001,126.44000000000001,127.16000000000001,128.32000000000002,128.88000000000002,129.46000000000004,130.26000000000005,130.56000000000006,131.18000000000006,132.12000000000006,132.62000000000006,133.04000000000005,133.76000000000005,134.68000000000004,134.96000000000004,135.24000000000004,135.66000000000003,137.78000000000003,138.32000000000002,138.74,139.56,140.36,140.62,141.14000000000001,144.42000000000002,144.9,147.20000000000002,148.10000000000002,148.84000000000003,149.46000000000004
run38,1.1399999999999997,1.8599999999999997,2.2399999999999998,2.54,2.88,3.26,4.42,7.16,7.2,7.36,7.5600000000000005,7.9,8.1,8.16,8.16,9.0,9.4,9.7,9.7,9.899999999999999,9.959999999999999,10.419999999999998,11.199999999999998,11.219999999999997,11.479999999999997,11.879999999999997,12.279999999999998,12.279999999999998,12.799999999999997,13.279999999999998,13.639999999999997,13.939999999999998,14.759999999999998,14.799999999999999,14.94,15.74,15.92,15.98,17.14,17.32,17.64,18.04,18.16,18.64,19.240000000000002,19.6,20.14,20.740000000000002,21.040000000000003,21.42,21.700000000000003,22.160000000000004,22.580000000000005,22.760000000000005,23.240000000000006,23.780000000000005,23.780000000000005,23.860000000000007,24.120000000000008,24.340000000000007,24.880000000000006,25.280000000000005,25.860000000000007,26.160000000000007,26.78000000000001,27.140000000000008,28.56000000000001,28.960000000000008,29.22000000000001,29.40000000000001,29.68000000000001,30.08000000000001,30.42000000000001,31.40000000000001,31.44000000000001,31.500000000000007,31.540000000000006,31.640000000000008,31.700000000000006,31.720000000000006,32.800000000000004,33.220000000000006,33.42000000000001,33.92000000000001,37.60000000000001,38.64000000000001,38.88000000000001,38.96000000000001,39.00000000000001,39.120000000000005,39.56,40.120000000000005,40.84,40.88,40.92,41.24,41.620000000000005,42.00000000000001,42.28000000000001,42.540000000000006,42.96000000000001,43.14000000000001,44.78000000000001,48.30000000000001,48.74000000000001,49.62000000000001,50.10000000000001,50.24000000000001,50.36000000000001,50.720000000000006,50.84,51.040000000000006,51.28000000000001,51.88000000000001,53.30000000000001,53.54000000000001,53.90000000000001,54.280000000000015,54.740000000000016,55.06000000000002,55.30000000000002,55.34000000000002,55.54000000000002,56.12000000000002,56.44000000000002,56.600000000000016,57.34000000000002,57.86000000000002,58.12000000000002,58.44000000000002,58.82000000000002,59.24000000000002,59.46000000000002,60.00000000000002,60.72000000000002,61.32000000000002,61.340000000000025,61.42000000000002,61.940000000000026,62.40000000000003,62.940000000000026,63.28000000000003,63.48000000000003,64.06000000000003,64.64000000000003,66.88000000000002,67.48000000000002,68.30000000000001,69.88000000000001,70.48,71.32000000000001,71.48,72.5,73.14,73.56,73.9,74.24000000000001,74.68,74.76,75.24000000000001,75.58000000000001,76.20000000000002,76.40000000000002,77.08000000000003,77.92000000000003,78.46000000000004,78.98000000000003,79.54000000000003,79.84000000000003,80.32000000000004,80.68000000000004,81.00000000000003,81.36000000000003,82.14000000000003,82.66000000000003,83.04000000000002,83.40000000000002,84.22000000000001,84.56000000000002,85.06000000000002,85.86000000000001,88.76000000000002,88.88000000000002,91.72000000000003,93.80000000000003,94.44000000000003,94.82000000000002,95.76000000000002,96.70000000000002,96.74000000000002,98.12000000000002,98.80000000000003,99.88000000000002,100.02000000000002,100.16000000000003,100.44000000000003,100.62000000000003,100.68000000000004,102.32000000000004,105.84000000000003,106.38000000000004,107.54000000000003,111.24000000000004,111.34000000000003,111.70000000000003,112.64000000000003,113.22000000000003,114.02000000000002,115.20000000000003,115.30000000000003,115.84000000000003,116.40000000000003,120.10000000000004,120.50000000000004,120.96000000000004,121.52000000000004,122.04000000000003,122.60000000000004,122.64000000000004,123.12000000000005,123.68000000000005,124.24000000000005,124.66000000000005,124.96000000000005,125.58000000000006,126.06000000000006,126.34000000000006,126.44000000000005,127.24000000000005,127.68000000000005,128.18000000000006,128.60000000000005,130.72000000000006,131.62000000000006,131.90000000000006,132.82000000000005,133.54000000000005,133.82000000000005,135.94000000000005,137.08000000000004,140.36000000000004,140.88000000000005,141.14000000000004,141.56000000000003,142.38000000000002,143.3,143.58,144.3,146.60000000000002,147.34000000000003,147.96000000000004
run39,0.040000000000000036,0.20000000000000007,1.04,1.1,1.1,1.1400000000000001,1.4800000000000002,1.6800000000000002,2.08,2.08,2.2800000000000002,2.3400000000000003,3.5000000000000004,3.5200000000000005,3.7800000000000002,3.8200000000000003,3.8800000000000003,4.12,4.4,4.78,5.04,6.12,9.82,10.540000000000001,11.0,11.56,11.64,11.64,12.360000000000001,12.760000000000002,13.080000000000002,13.480000000000002,13.600000000000001,13.640000000000002,13.720000000000002,13.760000000000003,13.800000000000004,13.880000000000004,14.240000000000004,14.240000000000004,14.720000000000004,14.760000000000005,14.900000000000006,15.480000000000006,16.300000000000004,16.900000000000006,17.200000000000006,17.600000000000005,18.220000000000006,18.520000000000007,18.900000000000006,19.220000000000006,19.380000000000006,19.440000000000005,19.660000000000004,19.720000000000002,19.980000000000004,20.160000000000004,20.260000000000005,21.240000000000006,21.620000000000005,21.980000000000004,22.580000000000005,23.020000000000007,23.400000000000006,23.680000000000007,23.94000000000001,24.36000000000001,25.40000000000001,25.58000000000001,25.980000000000008,26.520000000000007,26.880000000000006,27.000000000000007,27.200000000000006,27.440000000000005,27.560000000000006,27.700000000000006,28.020000000000007,28.180000000000007,28.660000000000007,30.080000000000005,30.680000000000007,31.420000000000005,31.940000000000005,32.300000000000004,32.84,33.02,33.480000000000004,33.900000000000006,34.32000000000001,34.800000000000004,35.00000000000001,35.120000000000005,35.42,36.84,37.160000000000004,37.42,37.7,37.720000000000006,38.160000000000004,38.7,39.040000000000006,39.28000000000001,39.74000000000001,40.06000000000001,40.70000000000001,41.28000000000001,41.30000000000001,42.12000000000001,42.640000000000015,43.240000000000016,43.600000000000016,44.000000000000014,44.820000000000014,45.02000000000002,45.600000000000016,47.180000000000014,47.780000000000015,50.02000000000002,50.22000000000002,50.26000000000002,50.70000000000002,51.30000000000002,51.48000000000002,51.86000000000002,53.50000000000002,57.020000000000024,57.90000000000003,58.440000000000026,58.660000000000025,59.14000000000002,59.560000000000024,60.020000000000024,60.22000000000003,61.06000000000003,61.70000000000003,61.86000000000003,63.620000000000026,64.52000000000002,65.04000000000002,65.46000000000002,66.00000000000003,66.36000000000003,66.90000000000003,67.38000000000004,68.46000000000004,68.98000000000003,69.54000000000003,69.84000000000003,70.32000000000004,70.68000000000004,73.42000000000003,74.00000000000003,74.20000000000003,74.88000000000004,75.56000000000004,76.40000000000005,76.92000000000004,77.26000000000005,77.80000000000005,78.14000000000006,78.22000000000006,78.56000000000006,78.90000000000006,79.34000000000006,79.96000000000006,80.34000000000006,80.64000000000006,80.98000000000006,81.36000000000006,81.40000000000006,83.04000000000006,86.56000000000006,87.28000000000006,88.08000000000006,88.48000000000006,88.66000000000007,89.00000000000007,91.90000000000008,92.20000000000007,92.34000000000007,93.12000000000008,93.26000000000008,93.54000000000008,93.72000000000008,93.78000000000009,93.90000000000009,96.7400000000001,98.82000000000009,99.9600000000001,100.34000000000009,100.70000000000009,101.08000000000008,102.24000000000008,102.60000000000008,103.10000000000008,103.88000000000008,104.20000000000007,104.30000000000007,105.48000000000008,106.28000000000007,106.38000000000007,107.76000000000006,108.70000000000006,108.74000000000007,108.84000000000006,109.38000000000007,109.94000000000007,110.66000000000007,111.20000000000007,114.90000000000008,115.30000000000008,116.32000000000008,117.12000000000008,119.24000000000008,120.18000000000008,121.12000000000008,121.64000000000007,122.10000000000007,122.58000000000007,123.14000000000007,123.70000000000007,124.20000000000007,127.88000000000008,129.04000000000008,129.3400000000001,129.9600000000001,130.5200000000001,131.00000000000009,131.42000000000007,132.34000000000006,132.62000000000006,132.90000000000006,133.62000000000006,134.20000000000007,136.32000000000008,136.60000000000008,137.74000000000007,141.02000000000007,141.54000000000008,141.80000000000007,142.22000000000006,143.04000000000005,143.96000000000004,144.76000000000005,145.04000000000005,145.76000000000005,148.06000000000006,148.80000000000007,149.42000000000007
run40,0.48,1.3199999999999998,1.5199999999999998,1.8599999999999999,2.02,2.04,2.06,2.12,5.02,5.279999999999999,5.999999999999999,6.459999999999999,6.459999999999999,6.52,6.92,7.0,7.0,7.26,7.68,8.06,8.100000000000001,8.140000000000002,8.180000000000003,8.300000000000002,8.380000000000003,8.700000000000003,9.300000000000002,9.420000000000002,9.560000000000002,9.920000000000002,10.120000000000001,10.24,10.48,10.92,11.42,11.62,13.0,13.32,14.14,14.74,15.16,15.54,15.899999999999999,16.38,16.54,16.779999999999998,16.999999999999996,17.399999999999995,17.799999999999994,17.799999999999994,17.859999999999992,18.39999999999999,18.57999999999999,19.09999999999999,19.27999999999999,19.95999999999999,20.63999999999999,20.99999999999999,21.53999999999999,21.83999999999999,21.95999999999999,22.35999999999999,22.97999999999999,23.41999999999999,23.89999999999999,24.359999999999992,24.779999999999994,25.379999999999995,25.559999999999995,25.959999999999994,26.239999999999995,26.659999999999997,27.139999999999997,27.74,28.22,28.82,29.0,30.04,30.3,31.12,31.32,32.74,32.800000000000004,33.06,33.260000000000005,33.82000000000001,35.46000000000001,35.900000000000006,39.42,39.440000000000005,39.74,40.56,40.86,41.22,41.54,41.8,42.099999999999994,43.07999999999999,43.959999999999994,44.339999999999996,45.18,45.58,45.98,46.36,46.7,47.080000000000005,47.120000000000005,47.46000000000001,47.98000000000001,48.72000000000001,49.240000000000016,49.84000000000002,50.000000000000014,50.58000000000001,51.08000000000001,51.12000000000001,51.180000000000014,51.20000000000002,51.58000000000002,51.86000000000002,52.10000000000002,52.46000000000002,52.60000000000002,54.18000000000002,54.26000000000002,54.58000000000002,54.82000000000002,55.14000000000002,55.60000000000002,55.96000000000002,56.00000000000002,56.04000000000002,56.24000000000002,56.46000000000002,57.10000000000002,57.380000000000024,57.96000000000002,58.800000000000026,59.58000000000003,59.660000000000025,60.00000000000003,60.620000000000026,61.10000000000002,61.64000000000002,61.74000000000002,62.08000000000003,62.200000000000024,65.04000000000002,65.38000000000002,65.82000000000002,66.28000000000002,66.48000000000002,66.86000000000001,67.76000000000002,69.40000000000002,69.50000000000001,69.78000000000002,70.34000000000002,70.50000000000001,70.54000000000002,74.06000000000002,75.22000000000001,76.98000000000002,78.40000000000002,79.42000000000002,79.96000000000002,80.90000000000002,81.08000000000003,81.18000000000002,84.88000000000002,85.20000000000002,85.76000000000002,86.32000000000002,86.62000000000002,86.98000000000002,87.62000000000002,90.36000000000001,90.94000000000001,93.18,93.7,94.18,94.72000000000001,95.26000000000002,95.62000000000002,95.76000000000002,96.10000000000002,96.38000000000002,96.52000000000002,96.70000000000003,96.76000000000003,97.22000000000003,97.74000000000002,99.82000000000002,100.18000000000002,101.26000000000002,101.30000000000003,102.38000000000002,102.42000000000003,103.14000000000003,103.52000000000002,103.82000000000002,104.16000000000003,104.54000000000002,105.68000000000002,106.84000000000002,106.94000000000001,107.66000000000001,108.46000000000001,109.04,109.56,110.10000000000001,111.28000000000002,112.08000000000001,113.02000000000001,115.14000000000001,115.94000000000001,116.48000000000002,120.18000000000002,120.58000000000003,121.52000000000002,121.94000000000003,122.50000000000003,122.98000000000003,123.40000000000003,123.96000000000004,124.52000000000004,128.20000000000005,129.36000000000004,129.66000000000005,130.28000000000006,130.70000000000005,131.20000000000005,132.12000000000003,132.40000000000003,133.12000000000003,133.70000000000005,134.24000000000004,136.36000000000004,136.64000000000004,137.06000000000003,137.58000000000004,137.84000000000003,138.56000000000003,139.48000000000002,140.3,143.58,144.72,145.52,147.82000000000002,148.56000000000003,149.18000000000004
run41,0.15999999999999992,0.6799999999999999,1.56,1.6800000000000002,1.7200000000000002,2.2600000000000002,2.66,3.18,3.7600000000000002,3.8200000000000003,4.0,4.82,5.640000000000001,6.180000000000001,6.620000000000001,6.980000000000001,7.520000000000001,7.820000000000001,8.020000000000001,8.200000000000001,8.620000000000001,9.080000000000002,9.360000000000001,9.620000000000001,10.040000000000001,10.420000000000002,10.560000000000002,10.680000000000001,11.040000000000001,11.16,11.36,11.6,11.64,11.680000000000001,12.280000000000001,12.680000000000001,13.3,13.780000000000001,14.080000000000002,14.640000000000002,14.720000000000002,14.720000000000002,14.740000000000002,14.740000000000002,14.800000000000002,15.640000000000002,15.680000000000003,16.500000000000004,16.980000000000004,17.120000000000005,17.560000000000006,18.160000000000007,18.340000000000007,18.60000000000001,18.72000000000001,19.32000000000001,19.52000000000001,19.76000000000001,20.160000000000007,20.74000000000001,21.04000000000001,21.42000000000001,21.44000000000001,21.72000000000001,22.70000000000001,23.06000000000001,23.120000000000008,23.120000000000008,23.320000000000007,23.74000000000001,24.140000000000008,24.500000000000007,24.94000000000001,25.28000000000001,25.60000000000001,25.820000000000007,25.980000000000008,26.000000000000007,26.320000000000007,26.700000000000006,26.980000000000008,27.360000000000007,27.400000000000006,28.780000000000005,29.040000000000006,29.640000000000008,30.040000000000006,30.760000000000005,31.240000000000006,31.800000000000004,32.220000000000006,32.620000000000005,32.68000000000001,32.940000000000005,33.00000000000001,33.02000000000001,33.26000000000001,33.360000000000014,35.000000000000014,38.52000000000001,38.56000000000001,38.60000000000001,39.10000000000001,39.42000000000001,40.16000000000001,41.24000000000001,41.44000000000001,41.74000000000001,41.74000000000001,42.20000000000001,42.72000000000001,43.26000000000001,43.98000000000001,44.16000000000001,45.20000000000001,45.44000000000001,45.90000000000001,46.22000000000001,46.26000000000001,46.460000000000015,47.100000000000016,47.460000000000015,47.860000000000014,48.70000000000002,48.920000000000016,49.000000000000014,49.26000000000001,49.640000000000015,49.98000000000002,53.66000000000002,54.44000000000002,54.90000000000002,55.10000000000002,56.520000000000024,58.28000000000002,58.620000000000026,59.22000000000003,60.120000000000026,60.72000000000003,62.14000000000003,62.78000000000003,63.80000000000003,64.34000000000003,64.72000000000003,65.24000000000002,65.60000000000002,66.14000000000003,66.72000000000003,68.96000000000002,69.44000000000003,69.64000000000003,70.32000000000004,71.00000000000004,71.84000000000005,72.18000000000005,72.70000000000005,74.28000000000004,74.60000000000004,75.16000000000004,75.70000000000005,76.04000000000005,76.12000000000005,76.46000000000005,76.58000000000006,79.32000000000005,79.70000000000005,80.32000000000005,80.66000000000005,81.10000000000005,81.14000000000006,82.78000000000006,86.30000000000005,86.44000000000005,87.52000000000005,87.84000000000005,90.68000000000005,91.18000000000005,91.54000000000005,92.34000000000005,92.62000000000005,92.76000000000005,92.94000000000005,93.00000000000006,93.56000000000006,93.86000000000006,94.22000000000006,96.30000000000005,96.46000000000005,97.04000000000005,97.22000000000006,97.32000000000005,97.68000000000005,98.62000000000005,99.10000000000005,99.20000000000005,100.00000000000004,100.72000000000004,101.10000000000004,101.40000000000003,101.74000000000004,102.12000000000003,103.26000000000003,104.20000000000003,105.38000000000004,106.54000000000003,106.58000000000004,107.30000000000004,108.46000000000004,108.56000000000003,108.84000000000003,109.40000000000003,111.52000000000004,112.32000000000004,112.72000000000004,113.18000000000004,113.72000000000004,117.42000000000004,118.36000000000004,118.88000000000004,119.36000000000004,119.92000000000004,122.82000000000005,123.60000000000005,124.32000000000005,124.74000000000005,125.90000000000005,129.60000000000005,129.90000000000006,130.52000000000007,131.08000000000007,131.50000000000006,132.00000000000006,132.92000000000004,133.20000000000005,133.48000000000005,134.20000000000005,134.74000000000004,135.32000000000005,135.60000000000005,137.72000000000006,138.14000000000004,138.66000000000005,138.92000000000004,139.84000000000003,140.66000000000003,141.8,142.28,144.58,145.38000000000002,146.12000000000003,146.74000000000004
run42,0.05999999999999994,0.33999999999999997,0.36,1.08,1.8,1.84,1.94,2.48,2.74,2.7800000000000002,3.1000000000000005,3.5000000000000004,6.4,6.94,7.0,7.0,7.02,7.279999999999999,8.12,8.68,8.76,8.76,9.02,9.44,9.719999999999999,9.919999999999998,10.259999999999998,10.379999999999997,10.419999999999998,10.499999999999998,10.919999999999998,11.319999999999999,11.319999999999999,11.379999999999999,11.879999999999999,12.079999999999998,12.239999999999998,12.7,13.739999999999998,15.159999999999998,16.18,16.54,17.02,17.02,17.32,17.72,18.34,18.64,18.78,19.36,19.4,20.0,20.36,20.4,20.439999999999998,20.459999999999997,20.54,20.919999999999998,21.24,21.779999999999998,22.22,22.38,22.56,22.619999999999997,23.439999999999998,23.499999999999996,24.319999999999997,24.699999999999996,24.959999999999997,25.179999999999996,25.419999999999995,26.139999999999993,26.919999999999995,27.059999999999995,27.179999999999996,27.919999999999995,28.079999999999995,28.559999999999995,28.919999999999995,29.119999999999994,29.239999999999995,29.479999999999993,30.89999999999999,31.21999999999999,31.73999999999999,31.91999999999999,32.37999999999999,32.79999999999999,33.15999999999999,33.69999999999999,33.89999999999999,34.19999999999999,34.61999999999999,34.73999999999999,35.01999999999999,35.25999999999999,35.71999999999999,36.19999999999999,36.51999999999999,36.95999999999999,37.93999999999998,38.579999999999984,38.759999999999984,39.139999999999986,39.61999999999998,40.219999999999985,40.61999999999998,40.719999999999985,41.179999999999986,41.37999999999999,41.65999999999999,42.21999999999999,42.29999999999999,42.63999999999999,43.11999999999999,43.37999999999999,43.97999999999999,44.37999999999999,44.55999999999999,44.93999999999999,45.279999999999994,46.919999999999995,50.44,50.879999999999995,51.76,52.059999999999995,52.26,55.96,56.0,56.2,56.74,57.1,57.5,58.08,58.62,58.98,61.22,61.379999999999995,61.4,61.44,62.599999999999994,64.36,64.96,65.3,65.42,68.16,68.53999999999999,70.17999999999999,70.52,70.96,71.77999999999999,72.29999999999998,72.91999999999999,73.75999999999999,74.32,77.83999999999999,78.35999999999999,79.29999999999998,79.63999999999999,79.95999999999998,82.79999999999998,83.29999999999998,84.37999999999998,84.73999999999998,86.31999999999998,86.95999999999998,87.41999999999997,87.89999999999998,88.79999999999998,89.31999999999998,89.63999999999997,90.19999999999997,90.49999999999997,90.77999999999997,90.91999999999997,91.09999999999998,91.23999999999998,91.57999999999998,92.09999999999998,92.15999999999998,92.51999999999998,94.59999999999998,94.77999999999999,94.87999999999998,95.95999999999998,96.73999999999998,97.27999999999999,97.85999999999999,98.23999999999998,98.59999999999998,99.75999999999998,100.27999999999997,100.99999999999997,101.37999999999997,101.67999999999996,102.05999999999996,102.39999999999996,102.43999999999997,103.57999999999997,104.29999999999997,105.09999999999997,106.47999999999996,108.59999999999997,108.63999999999997,109.17999999999998,112.87999999999998,113.27999999999999,114.07999999999998,115.01999999999998,115.59999999999998,116.77999999999999,117.25999999999999,117.82,118.24,118.46,119.17999999999999,119.74,120.16,123.84,124.34,124.76,125.92,126.52,127.14,127.82000000000001,128.1,128.38,128.94,129.48,130.06,132.18,132.46,133.4,134.08,134.28,135.12,135.22,136.02,136.44,136.96,137.22,138.14,138.95999999999998,142.23999999999998,143.37999999999997,143.85999999999996,144.15999999999997,146.45999999999998,147.26,148.0,148.62
run43,0.74,1.3,1.84,2.38,2.6399999999999997,2.86,2.92,3.86,4.42,4.46,4.52,4.539999999999999,4.819999999999999,5.06,6.14,6.859999999999999,6.8999999999999995,7.22,10.899999999999999,11.299999999999999,11.7,11.959999999999999,12.6,12.6,12.66,13.5,13.52,13.78,14.5,14.58,14.58,14.82,14.88,14.88,15.08,15.58,16.6,16.64,17.1,18.14,18.62,18.98,18.98,20.4,20.58,20.619999999999997,20.759999999999998,21.339999999999996,21.799999999999997,22.119999999999997,22.419999999999998,22.819999999999997,23.059999999999995,23.679999999999996,23.859999999999996,23.919999999999995,24.079999999999995,24.559999999999995,24.599999999999994,24.639999999999993,24.71999999999999,25.539999999999992,26.139999999999993,27.119999999999994,27.379999999999995,27.799999999999997,28.179999999999996,28.459999999999997,28.479999999999997,29.299999999999997,29.619999999999997,29.999999999999996,30.159999999999997,30.179999999999996,30.219999999999995,31.299999999999997,31.419999999999998,31.959999999999997,32.36,32.94,33.54,33.98,34.339999999999996,34.63999999999999,34.839999999999996,35.379999999999995,35.8,35.98,36.44,36.739999999999995,36.81999999999999,36.85999999999999,36.97999999999999,37.11999999999999,37.23999999999999,37.59999999999999,37.719999999999985,37.91999999999999,38.15999999999999,38.47999999999999,38.639999999999986,39.11999999999998,39.859999999999985,40.37999999999999,41.79999999999999,42.39999999999999,42.71999999999999,43.099999999999994,43.459999999999994,43.85999999999999,44.07999999999999,44.599999999999994,46.17999999999999,46.599999999999994,46.99999999999999,47.29999999999999,47.89999999999999,48.07999999999999,48.47999999999999,48.85999999999999,49.13999999999999,49.239999999999995,49.419999999999995,49.779999999999994,50.12,50.279999999999994,51.199999999999996,51.63999999999999,53.279999999999994,56.8,57.68,58.1,58.88,59.480000000000004,60.080000000000005,60.900000000000006,61.480000000000004,63.720000000000006,63.92000000000001,64.26,64.30000000000001,64.84000000000002,65.32000000000002,65.76000000000002,67.52000000000002,67.72000000000003,68.88000000000002,69.24000000000002,69.78000000000003,70.28000000000003,70.74000000000002,71.30000000000003,71.94000000000003,72.46000000000002,72.80000000000003,73.28000000000003,73.60000000000002,73.86000000000003,74.06000000000003,74.48000000000003,75.04000000000003,75.34000000000003,75.70000000000003,76.28000000000003,76.90000000000003,79.64000000000003,80.12000000000003,80.46000000000004,81.00000000000004,81.52000000000004,83.60000000000004,84.38000000000004,85.06000000000004,85.26000000000005,85.94000000000005,86.78000000000006,86.88000000000005,87.68000000000005,87.76000000000005,88.28000000000004,89.08000000000004,89.42000000000004,89.56000000000004,89.84000000000005,89.98000000000005,90.16000000000005,90.22000000000006,90.62000000000006,90.96000000000006,91.30000000000007,91.74000000000007,91.78000000000007,94.68000000000008,95.16000000000008,95.54000000000008,95.84000000000007,96.22000000000007,96.56000000000007,97.28000000000007,100.12000000000008,100.50000000000007,100.86000000000007,102.02000000000007,103.40000000000006,104.34000000000006,104.90000000000006,105.28000000000006,105.80000000000005,107.44000000000005,109.56000000000006,109.66000000000005,109.94000000000005,112.24000000000005,112.70000000000005,116.40000000000005,116.94000000000005,120.64000000000006,121.78000000000006,122.50000000000006,123.22000000000006,123.64000000000006,124.80000000000005,125.42000000000006,126.36000000000006,128.48000000000005,128.60000000000005,128.80000000000004,129.64000000000004,130.14000000000004,130.44000000000005,130.72000000000006,131.52000000000007,132.44000000000005,132.72000000000006,133.00000000000006,133.72000000000006,134.26000000000005,135.44000000000005,136.24000000000007,136.82000000000008,137.08000000000007,137.60000000000008,137.9600000000001,138.5200000000001,139.66000000000008,142.94000000000008,143.42000000000007,144.24000000000007,145.14000000000007,145.76000000000008,146.32000000000008
run44,0.30000000000000004,0.8600000000000001,1.2800000000000002,4.0200000000000005,4.28,4.66,5.140000000000001,5.260000000000001,5.86,6.24,6.44,6.6000000000000005,6.640000000000001,6.840000000000001,6.860000000000001,7.200000000000001,7.200000000000001,7.260000000000001,8.100000000000001,8.520000000000001,8.920000000000002,9.220000000000002,10.300000000000002,10.360000000000003,10.360000000000003,10.560000000000002,11.020000000000003,11.040000000000003,11.440000000000003,11.800000000000002,12.280000000000003,12.580000000000004,12.580000000000004,12.760000000000003,13.800000000000004,13.880000000000004,13.880000000000004,14.120000000000005,14.160000000000005,14.240000000000006,14.360000000000005,14.400000000000006,14.440000000000007,14.760000000000007,15.140000000000008,15.300000000000008,15.360000000000008,15.540000000000008,16.140000000000008,16.58000000000001,16.960000000000008,17.22000000000001,17.64000000000001,18.00000000000001,18.54000000000001,18.84000000000001,19.38000000000001,19.960000000000008,22.200000000000006,23.020000000000007,23.220000000000006,24.640000000000008,24.660000000000007,25.480000000000008,25.880000000000006,26.060000000000006,26.200000000000006,26.320000000000007,26.680000000000007,26.800000000000008,27.000000000000007,27.240000000000006,27.640000000000004,27.960000000000004,28.360000000000003,28.540000000000003,28.94,29.220000000000002,29.520000000000003,29.860000000000003,30.26,30.880000000000003,33.78,34.22,34.28,34.54,35.1,35.38,35.64,36.02,37.660000000000004,38.080000000000005,41.60000000000001,42.48000000000001,42.84000000000001,43.08000000000001,43.66000000000001,43.84000000000001,44.30000000000001,44.78000000000001,45.260000000000005,45.720000000000006,46.040000000000006,46.760000000000005,47.400000000000006,48.00000000000001,48.34000000000001,49.76000000000001,50.08000000000001,50.58000000000001,51.100000000000016,51.680000000000014,52.66000000000001,52.76000000000001,56.460000000000015,56.62000000000001,56.88000000000001,56.94000000000001,57.22000000000001,57.26000000000001,58.000000000000014,58.52000000000002,58.54000000000002,58.90000000000002,59.22000000000002,59.26000000000002,59.72000000000002,59.86000000000002,60.50000000000002,60.94000000000002,60.98000000000002,61.22000000000002,61.94000000000002,62.16000000000002,62.240000000000016,62.80000000000002,63.34000000000002,63.44000000000002,64.26000000000002,64.68000000000002,65.62000000000002,65.82000000000002,67.40000000000002,67.44000000000003,67.60000000000002,68.20000000000002,69.10000000000002,69.46000000000002,70.24000000000002,70.76000000000002,70.96000000000002,71.56000000000002,72.10000000000002,72.58000000000003,74.34000000000003,74.92000000000003,75.44000000000003,75.98000000000003,77.14000000000003,77.34000000000003,78.02000000000004,78.70000000000005,79.54000000000005,80.06000000000004,80.40000000000005,80.90000000000005,81.44000000000005,81.98000000000006,82.40000000000006,82.74000000000007,83.08000000000007,83.52000000000007,83.90000000000006,84.28000000000006,85.92000000000006,89.44000000000005,89.74000000000005,90.08000000000006,90.12000000000006,90.20000000000006,90.54000000000006,91.16000000000007,91.88000000000007,92.68000000000006,93.76000000000006,94.54000000000006,94.92000000000006,95.28000000000006,96.44000000000005,96.58000000000006,96.70000000000006,99.54000000000006,101.62000000000006,102.76000000000006,103.04000000000006,103.18000000000006,103.36000000000007,103.42000000000007,103.78000000000007,104.16000000000007,104.48000000000006,104.96000000000006,105.06000000000006,106.24000000000007,107.04000000000006,108.42000000000006,109.36000000000006,109.40000000000006,110.12000000000006,110.52000000000007,110.62000000000006,111.16000000000007,111.72000000000007,112.26000000000008,115.96000000000008,116.98000000000008,117.78000000000007,119.90000000000008,120.84000000000007,121.36000000000007,121.82000000000006,122.30000000000007,122.86000000000007,123.28000000000007,123.78000000000007,127.46000000000006,128.62000000000006,129.10000000000005,129.40000000000006,130.02000000000007,130.58000000000007,131.50000000000006,131.78000000000006,132.06000000000006,132.78000000000006,133.36000000000007,135.48000000000008,135.76000000000008,136.90000000000006,140.18000000000006,140.70000000000007,140.96000000000006,141.38000000000005,142.20000000000005,143.12000000000003,143.92000000000004,144.20000000000005,144.94000000000005,145.66000000000005,147.96000000000006,148.58000000000007
run45,0.020000000000000018,0.41999999999999993,0.47999999999999987,1.3199999999999998,1.7799999999999998,1.94,1.94,2.0,2.4,2.78,3.38,3.66,4.140000000000001,4.260000000000001,4.44,4.78,5.18,5.58,6.2,6.5,6.84,7.14,7.42,8.02,8.44,8.639999999999999,12.319999999999999,12.559999999999999,12.919999999999998,13.499999999999998,13.699999999999998,13.739999999999998,14.779999999999998,15.939999999999998,15.979999999999997,16.519999999999996,16.779999999999998,16.799999999999997,17.06,17.099999999999998,17.24,17.7,18.28,18.380000000000003,19.300000000000004,19.660000000000004,19.860000000000003,20.460000000000004,21.300000000000004,22.380000000000003,22.680000000000003,23.160000000000004,23.880000000000003,24.160000000000004,24.220000000000002,24.540000000000003,24.92,25.16,26.14,26.86,26.88,27.24,27.639999999999997,27.979999999999997,28.339999999999996,28.879999999999995,29.179999999999996,29.379999999999995,29.859999999999996,30.019999999999996,30.199999999999996,30.259999999999994,30.299999999999994,30.339999999999993,30.659999999999993,30.89999999999999,30.97999999999999,31.01999999999999,31.13999999999999,31.51999999999999,31.95999999999999,32.33999999999999,32.89999999999999,32.97999999999999,32.97999999999999,33.23999999999999,33.65999999999999,33.93999999999999,34.15999999999999,34.21999999999999,34.47999999999999,34.85999999999999,35.03999999999999,35.459999999999994,35.85999999999999,36.459999999999994,36.919999999999995,37.459999999999994,38.03999999999999,38.39999999999999,38.51999999999999,38.71999999999999,38.959999999999994,39.07999999999999,39.21999999999999,39.69999999999999,41.11999999999999,41.71999999999999,42.51999999999999,42.83999999999999,43.09999999999999,44.73999999999999,48.25999999999999,48.69999999999999,49.19999999999999,49.51999999999999,49.679999999999986,50.41999999999999,50.93999999999999,51.15999999999999,51.47999999999999,51.51999999999999,51.51999999999999,51.91999999999999,53.33999999999999,54.21999999999999,54.239999999999995,54.31999999999999,54.739999999999995,54.94,55.76,56.58,58.16,58.519999999999996,58.559999999999995,59.13999999999999,59.739999999999995,61.98,62.13999999999999,62.48,62.599999999999994,65.44,65.82,66.16,66.34,67.16,67.36,68.04,68.72000000000001,69.56000000000002,70.10000000000002,70.64000000000003,70.74000000000002,71.28000000000003,72.30000000000003,72.94000000000003,73.56000000000003,73.92000000000003,74.44000000000003,74.78000000000003,75.22000000000003,75.70000000000003,76.22000000000003,76.78000000000003,77.08000000000003,78.22000000000003,78.94000000000003,80.58000000000003,80.96000000000002,84.48000000000002,84.78000000000002,85.16000000000001,87.9,87.94000000000001,88.32000000000001,90.08000000000001,90.54,91.04,91.18,91.52000000000001,92.00000000000001,92.20000000000002,92.98000000000002,93.34000000000002,94.12000000000002,94.46000000000002,95.10000000000002,95.42000000000002,96.36000000000001,96.46000000000001,96.74000000000001,96.88000000000001,97.06000000000002,97.12000000000002,97.64000000000001,98.72000000000001,99.08000000000001,99.66000000000001,101.74000000000001,102.9,103.44000000000001,106.34000000000002,106.90000000000002,107.70000000000002,107.80000000000001,108.08000000000001,108.64000000000001,109.20000000000002,109.66000000000001,110.38000000000001,111.32000000000001,111.72000000000001,113.10000000000001,115.22000000000001,116.40000000000002,116.94000000000003,120.64000000000003,124.34000000000003,124.86000000000003,125.42000000000003,125.84000000000003,126.32000000000004,126.88000000000004,127.60000000000004,128.76000000000005,129.56000000000006,130.00000000000006,130.54000000000005,131.48000000000005,132.10000000000005,132.60000000000005,132.90000000000006,133.32000000000005,134.24000000000004,134.96000000000004,135.24000000000004,135.52000000000004,135.94000000000003,136.36,138.48000000000002,139.3,140.10000000000002,140.36,140.88000000000002,144.16000000000003,145.3,147.60000000000002,148.08,148.98000000000002,149.72000000000003,150.34000000000003
run46,0.48,0.84,1.44,1.8199999999999998,2.54,3.62,3.8200000000000003,4.220000000000001,4.4,4.74,5.140000000000001,5.32,5.68,6.06,6.6,6.8999999999999995,6.9399999999999995,7.76,7.84,8.14,8.540000000000001,9.16,9.44,9.74,9.98,10.56,10.82,11.42,11.96,13.72,14.120000000000001,14.4,14.58,15.0,15.48,15.84,16.26,16.8,17.0,17.16,17.18,17.22,17.279999999999998,17.619999999999997,18.459999999999997,18.459999999999997,18.88,19.96,20.02,20.02,20.22,20.619999999999997,20.88,21.259999999999998,21.279999999999998,21.54,21.58,21.619999999999997,21.939999999999998,22.4,22.479999999999997,22.479999999999997,22.839999999999996,22.959999999999997,23.159999999999997,23.399999999999995,23.519999999999996,23.659999999999997,24.139999999999997,24.379999999999995,24.579999999999995,24.879999999999995,26.299999999999997,26.319999999999997,26.699999999999996,27.519999999999996,30.419999999999995,31.459999999999994,32.17999999999999,32.779999999999994,33.239999999999995,33.3,33.86,34.12,34.339999999999996,34.919999999999995,35.019999999999996,36.44,37.419999999999995,37.89999999999999,37.97999999999999,38.29999999999999,38.85999999999999,39.15999999999999,39.41999999999999,39.899999999999984,40.079999999999984,40.23999999999998,40.29999999999998,40.43999999999998,40.47999999999998,40.93999999999998,41.759999999999984,42.55999999999998,42.83999999999998,42.899999999999984,43.29999999999998,43.65999999999998,43.97999999999998,44.359999999999985,44.59999999999999,45.19999999999999,46.83999999999999,50.359999999999985,50.79999999999998,51.29999999999998,51.33999999999998,51.65999999999998,51.81999999999998,52.55999999999998,53.079999999999984,53.29999999999998,54.179999999999986,57.87999999999999,58.319999999999986,58.91999999999999,59.43999999999999,59.779999999999994,59.81999999999999,60.019999999999996,60.86,61.44,62.019999999999996,62.019999999999996,62.199999999999996,62.599999999999994,63.13999999999999,63.239999999999995,63.559999999999995,65.8,66.44,66.96,67.58,68.74,69.19999999999999,69.74,70.33999999999999,70.88,73.61999999999999,74.1,74.14,74.3,74.5,76.08,76.28,76.96000000000001,77.80000000000001,78.36000000000001,78.72000000000001,79.24000000000001,79.58000000000001,80.10000000000001,80.52000000000001,81.02000000000001,81.38000000000001,81.96000000000001,82.74000000000001,83.68,84.32000000000001,84.66000000000001,85.00000000000001,85.44000000000001,87.08000000000001,90.60000000000001,90.68,91.02000000000001,91.06000000000002,91.86000000000001,92.00000000000001,92.28000000000002,92.42000000000002,92.60000000000002,92.66000000000003,92.76000000000002,93.08000000000001,93.86000000000001,95.94000000000001,96.32000000000001,96.68,97.84,98.22,98.52,98.86,99.24,99.96,102.8,103.74,104.1,105.03999999999999,105.72,107.1,109.22,110.4,110.44000000000001,110.84000000000002,111.64000000000001,112.16000000000001,112.70000000000002,116.40000000000002,117.42000000000002,117.52000000000001,117.80000000000001,118.36000000000001,118.92000000000002,119.38000000000001,119.86000000000001,120.24000000000001,120.80000000000001,121.94000000000001,122.66000000000001,123.38000000000001,127.06,127.18,128.34,128.9,129.32,129.62,130.24,130.52,131.32000000000002,131.76000000000002,132.18,132.68,133.58,133.86,134.4,135.32,136.04,136.32,138.44,138.85999999999999,139.38,139.64,140.55999999999997,141.37999999999997,142.51999999999995,145.79999999999995,146.27999999999994,148.57999999999996,149.31999999999996,149.93999999999997
run47,0.32000000000000006,0.9200000000000002,1.3000000000000003,1.3800000000000003,1.4200000000000004,1.5400000000000005,1.5800000000000005,1.6200000000000006,1.7000000000000006,1.9600000000000006,1.9600000000000006,2.040000000000001,2.240000000000001,2.580000000000001,2.740000000000001,2.760000000000001,2.800000000000001,2.860000000000001,2.860000000000001,2.8800000000000012,3.340000000000001,4.380000000000001,5.220000000000001,5.48,5.680000000000001,5.800000000000001,5.94,6.300000000000001,6.420000000000001,6.620000000000001,6.860000000000001,8.0,8.0,8.4,8.76,9.24,9.540000000000001,9.540000000000001,9.72,9.88,9.940000000000001,10.760000000000002,11.360000000000001,11.420000000000002,11.660000000000002,11.860000000000001,12.040000000000001,12.46,12.680000000000001,13.220000000000002,13.700000000000003,14.100000000000003,14.920000000000003,16.340000000000003,16.360000000000003,16.660000000000004,17.180000000000003,17.580000000000002,18.180000000000003,18.900000000000002,19.680000000000003,20.200000000000003,20.460000000000004,20.840000000000003,21.620000000000005,21.980000000000004,22.520000000000003,22.720000000000002,23.020000000000003,23.840000000000003,24.260000000000005,24.440000000000005,24.860000000000007,25.320000000000007,25.60000000000001,26.160000000000007,26.640000000000008,26.700000000000006,26.960000000000008,27.28000000000001,27.38000000000001,29.02000000000001,30.00000000000001,33.52000000000001,34.40000000000001,37.30000000000001,37.70000000000001,37.98000000000001,38.42000000000001,38.78000000000001,39.32000000000001,40.74000000000001,41.08000000000001,41.100000000000016,41.16000000000002,41.44000000000002,41.48000000000002,41.84000000000002,42.58000000000002,43.10000000000002,43.58000000000002,43.90000000000002,44.06000000000002,44.360000000000014,44.76000000000001,45.38000000000001,45.50000000000001,45.74000000000001,46.32000000000001,46.70000000000001,47.18000000000001,47.900000000000006,48.400000000000006,48.64000000000001,49.00000000000001,49.14000000000001,49.60000000000001,49.92000000000001,49.96000000000001,50.56000000000001,50.76000000000001,51.180000000000014,51.56000000000002,52.140000000000015,52.54000000000001,53.16000000000001,54.000000000000014,54.22000000000001,54.58000000000001,55.180000000000014,55.34000000000001,55.38000000000001,55.64000000000001,55.68000000000001,56.120000000000005,56.720000000000006,57.10000000000001,57.28000000000001,57.68000000000001,58.02000000000001,61.72000000000001,62.88000000000001,63.34000000000001,63.88000000000001,64.30000000000001,64.88000000000001,65.78000000000002,68.02000000000001,68.22000000000001,69.98000000000002,70.52000000000002,71.04000000000002,72.12000000000002,72.60000000000002,72.92000000000002,73.46000000000002,73.66000000000003,74.34000000000003,75.02000000000004,75.86000000000004,76.38000000000004,76.72000000000004,77.06000000000004,77.14000000000004,77.48000000000005,77.60000000000005,80.34000000000005,80.72000000000004,81.06000000000004,81.50000000000004,81.54000000000005,83.18000000000005,86.70000000000005,86.84000000000005,89.68000000000005,90.22000000000006,90.50000000000006,90.64000000000006,90.82000000000006,90.88000000000007,91.96000000000006,92.46000000000006,93.26000000000006,93.36000000000006,94.16000000000005,94.72000000000006,95.28000000000006,95.58000000000006,95.90000000000005,96.26000000000005,98.34000000000005,98.92000000000004,99.10000000000005,99.48000000000005,99.84000000000005,101.00000000000004,101.72000000000004,102.10000000000004,102.40000000000003,102.74000000000004,103.12000000000003,104.26000000000003,105.20000000000003,105.30000000000003,106.68000000000002,107.86000000000003,107.90000000000003,108.00000000000003,108.54000000000003,109.10000000000004,109.66000000000004,111.78000000000004,112.32000000000005,116.02000000000005,117.04000000000005,117.44000000000005,118.24000000000005,119.18000000000005,120.12000000000005,120.64000000000004,121.36000000000004,121.82000000000004,122.30000000000004,122.86000000000004,126.54000000000005,127.10000000000005,127.60000000000005,128.76000000000005,129.06000000000006,129.68000000000006,130.16000000000005,130.58000000000004,131.50000000000003,131.78000000000003,132.06000000000003,132.78000000000003,133.36000000000004,135.48000000000005,135.76000000000005,139.04000000000005,139.56000000000006,139.82000000000005,140.24000000000004,141.06000000000003,141.98000000000002,142.78000000000003,143.06000000000003,143.80000000000004,144.52000000000004,146.82000000000005,147.44000000000005
run48,0.06000000000000005,0.28000000000000014,0.66,1.6,2.02,2.42,3.0,3.5599999999999996,3.7399999999999993,4.199999999999999,4.68,4.96,5.32,5.58,5.64,5.66,5.76,5.8,6.34,6.9,8.540000000000001,8.9,9.620000000000001,9.66,9.98,10.280000000000001,10.920000000000002,11.080000000000002,11.660000000000002,12.160000000000002,13.180000000000001,14.160000000000002,14.180000000000001,15.000000000000002,16.42,18.0,18.36,18.84,19.24,20.06,20.36,20.54,21.02,21.02,21.54,21.58,22.04,23.08,23.08,23.279999999999998,23.339999999999996,23.399999999999995,24.239999999999995,24.239999999999995,24.319999999999993,24.359999999999992,24.39999999999999,24.47999999999999,24.73999999999999,24.73999999999999,25.159999999999993,25.539999999999992,25.77999999999999,26.49999999999999,26.51999999999999,26.77999999999999,27.17999999999999,27.419999999999987,28.03999999999999,28.63999999999999,28.77999999999999,28.89999999999999,29.25999999999999,29.379999999999992,29.57999999999999,29.81999999999999,30.13999999999999,30.87999999999999,31.099999999999987,31.259999999999987,31.459999999999987,31.479999999999986,31.819999999999986,32.23999999999999,32.27999999999999,32.399999999999984,32.43999999999998,32.51999999999998,33.05999999999998,33.65999999999998,35.079999999999984,37.97999999999998,38.13999999999998,38.65999999999998,38.859999999999985,39.259999999999984,39.37999999999998,39.73999999999998,40.11999999999998,40.719999999999985,41.19999999999998,44.719999999999985,44.999999999999986,45.59999999999999,46.039999999999985,46.33999999999998,46.539999999999985,47.079999999999984,47.37999999999998,47.81999999999998,48.05999999999998,48.37999999999998,48.759999999999984,49.15999999999998,49.43999999999998,49.87999999999998,50.47999999999998,50.79999999999998,50.83999999999998,51.219999999999985,51.41999999999999,51.87999999999999,52.01999999999999,52.37999999999999,52.55999999999999,53.09999999999999,53.679999999999986,54.039999999999985,54.499999999999986,55.039999999999985,55.59999999999999,56.079999999999984,56.41999999999999,56.73999999999999,56.999999999999986,58.079999999999984,58.11999999999998,58.51999999999998,58.91999999999998,59.73999999999998,59.83999999999998,60.77999999999998,60.939999999999976,61.119999999999976,61.17999999999998,61.37999999999998,62.259999999999984,63.05999999999998,63.63999999999998,64.27999999999997,66.51999999999997,70.21999999999997,70.55999999999997,70.99999999999997,71.07999999999997,71.41999999999997,72.21999999999997,73.37999999999997,73.97999999999996,74.17999999999996,74.85999999999997,75.69999999999997,76.23999999999998,76.65999999999998,77.49999999999999,78.11999999999999,78.25999999999999,78.6,78.64,78.96,79.46,81.1,81.47999999999999,84.99999999999999,85.29999999999998,85.67999999999998,86.01999999999998,86.43999999999998,86.99999999999999,87.29999999999998,87.77999999999999,88.49999999999999,88.87999999999998,90.63999999999999,91.41999999999999,91.6,91.96,92.08,94.92,95.3,96.44,96.96,97.32,97.89999999999999,99.97999999999999,101.05999999999999,101.33999999999999,101.47999999999999,101.66,101.72,102.24,102.33999999999999,103.27999999999999,104.46,105.24,105.78,106.32000000000001,107.48,111.18,111.58000000000001,112.26000000000002,112.78000000000002,113.58000000000001,113.68,114.22000000000001,114.78000000000002,115.34000000000002,116.06000000000002,117.22000000000001,117.68,118.24000000000001,118.76,119.24000000000001,119.66000000000001,119.96000000000001,120.58000000000001,121.48000000000002,121.96000000000002,125.64000000000001,126.14000000000001,126.56000000000002,128.68,129.6,129.88,131.26,131.98,132.26,132.54,134.66,134.92,135.44,138.72,139.85999999999999,140.14,141.05999999999997,141.87999999999997,142.59999999999997,143.39999999999998,145.7,146.44,147.06
run49,0.19999999999999996,0.3999999999999999,0.5599999999999999,0.58,0.62,1.04,2.12,2.42,2.82,3.6599999999999997,3.92,3.96,4.04,4.16,4.48,4.86,4.86,4.94,5.180000000000001,5.200000000000001,5.460000000000001,5.5200000000000005,5.5200000000000005,5.5200000000000005,5.720000000000001,5.780000000000001,5.820000000000001,5.860000000000001,6.240000000000001,6.500000000000001,6.920000000000001,7.360000000000001,7.7200000000000015,7.840000000000002,8.040000000000001,8.280000000000001,8.4,8.540000000000001,9.920000000000002,10.480000000000002,10.940000000000001,12.520000000000001,12.840000000000002,13.180000000000001,13.260000000000002,13.420000000000002,13.480000000000002,13.660000000000002,14.060000000000002,14.420000000000002,14.900000000000002,14.900000000000002,15.080000000000002,15.620000000000001,16.44,17.86,18.259999999999998,18.58,18.88,18.9,19.419999999999998,20.099999999999998,20.7,21.419999999999998,24.319999999999997,25.359999999999996,25.939999999999998,26.2,26.98,27.34,27.88,28.08,28.38,28.84,29.02,29.44,29.860000000000003,30.42,30.700000000000003,31.180000000000003,31.580000000000002,32.2,32.32,32.92,33.1,33.54,34.08,34.48,34.739999999999995,35.12,35.419999999999995,35.699999999999996,36.13999999999999,36.519999999999996,36.8,37.279999999999994,37.879999999999995,38.199999999999996,38.44,38.8,39.199999999999996,39.67999999999999,39.71999999999999,39.85999999999999,40.43999999999999,40.89999999999999,41.87999999999999,42.19999999999999,42.25999999999999,42.49999999999999,42.85999999999999,42.879999999999995,43.599999999999994,43.8,43.839999999999996,44.48,44.839999999999996,45.059999999999995,45.879999999999995,46.699999999999996,46.9,47.58,48.42,50.06,53.58,54.08,54.96,55.0,55.06,55.46,56.2,56.36,56.96,57.480000000000004,58.02,58.120000000000005,58.74,59.120000000000005,60.06,60.660000000000004,60.82,60.86,64.56,65.4,65.86,66.06,66.96000000000001,67.38000000000001,69.14000000000001,69.78000000000002,70.16000000000001,70.94000000000001,72.36000000000001,72.94000000000001,75.18,75.72000000000001,76.26000000000002,76.60000000000002,77.12000000000002,77.64000000000001,78.20000000000002,78.50000000000001,78.98000000000002,81.72000000000001,82.20000000000002,83.36000000000001,83.88000000000001,84.24000000000001,84.82000000000001,85.16000000000001,85.50000000000001,85.94000000000001,86.32000000000001,86.62,87.0,87.34,87.38000000000001,88.10000000000001,89.74000000000001,93.26,93.60000000000001,93.96000000000001,94.04,94.84,94.98,95.10000000000001,96.24000000000001,98.32000000000001,101.16000000000001,101.54,101.72000000000001,102.00000000000001,102.14000000000001,102.32000000000002,102.38000000000002,102.74000000000002,103.90000000000002,104.40000000000002,104.72000000000001,105.80000000000001,106.98000000000002,107.08000000000001,107.88000000000001,107.98,108.92,108.96000000000001,109.06,109.34,111.64,113.76,114.56,115.10000000000001,118.80000000000001,119.20000000000002,120.14000000000001,120.60000000000001,121.62,122.10000000000001,122.82000000000001,123.34,123.9,124.32000000000001,128.0,128.56,129.04,129.6,129.9,130.52,131.68,132.1,132.6,133.51999999999998,133.79999999999998,134.07999999999998,134.79999999999998,135.38,135.92,138.04,138.32,138.73999999999998,139.26,139.51999999999998,140.23999999999998,141.37999999999997,144.65999999999997,145.57999999999996,146.39999999999995,147.19999999999996,147.93999999999997,148.55999999999997,149.11999999999998
run50,1.1600000000000001,1.4200000000000002,1.7400000000000002,2.1,2.4000000000000004,4.48,4.9,5.98,6.0200000000000005,7.180000000000001,7.640000000000001,7.640000000000001,8.040000000000001,8.34,9.379999999999999,9.579999999999998,9.579999999999998,9.639999999999999,10.479999999999999,10.499999999999998,10.54,10.7,10.899999999999999,11.239999999999998,11.439999999999998,11.519999999999998,11.559999999999999,11.6,11.98,12.3,12.340000000000002,12.46,12.540000000000001,13.080000000000002,13.520000000000001,14.120000000000001,14.9,14.92,15.0,15.0,15.26,15.52,15.94,16.08,16.2,16.58,16.939999999999998,17.139999999999997,17.259999999999998,17.499999999999996,18.919999999999995,19.159999999999993,19.619999999999994,20.159999999999993,20.499999999999993,22.07999999999999,22.79999999999999,23.43999999999999,23.93999999999999,24.45999999999999,25.039999999999992,25.59999999999999,26.199999999999992,26.57999999999999,26.93999999999999,28.69999999999999,29.17999999999999,32.07999999999999,34.31999999999999,34.739999999999995,35.019999999999996,35.54,36.1,36.120000000000005,36.440000000000005,36.6,36.78,36.84,37.660000000000004,38.02,38.02,38.42,38.9,39.12,39.66,40.059999999999995,40.58,42.0,42.06,42.32,42.92,43.32,43.64,44.160000000000004,44.260000000000005,44.800000000000004,44.84,45.580000000000005,45.74,46.06,46.68,47.18,48.2,50.940000000000005,51.120000000000005,51.28,51.32,51.38,51.660000000000004,52.24,52.480000000000004,52.52,52.660000000000004,52.86000000000001,53.46000000000001,54.00000000000001,54.82000000000001,55.20000000000001,55.56000000000001,55.58000000000001,56.30000000000001,56.680000000000014,56.98000000000001,57.38000000000001,58.00000000000001,58.260000000000005,58.38,58.78,59.08,59.44,59.98,60.18,60.36,60.82,61.24,61.660000000000004,61.96,62.24,62.34,62.74,63.34,63.52,63.96,65.6,69.11999999999999,69.3,70.38,74.08,74.96,75.39999999999999,75.75999999999999,76.74,77.89999999999999,78.67999999999999,79.22,79.7,80.22,80.7,81.04,81.84,82.42,82.76,83.34,83.94,84.66,86.03999999999999,86.6,87.14,90.84,91.32000000000001,91.78,92.02,92.38,92.69999999999999,93.07999999999998,93.71999999999998,93.93999999999998,94.87999999999998,94.95999999999998,95.29999999999998,95.63999999999999,95.97999999999999,96.41999999999999,96.79999999999998,97.17999999999998,97.47999999999998,97.81999999999998,100.65999999999998,100.79999999999998,101.07999999999998,101.25999999999999,101.32,104.83999999999999,105.35999999999999,105.49999999999999,105.89999999999999,106.58,106.78,107.46000000000001,108.30000000000001,108.4,109.2,110.02,110.06,110.44,110.92,111.4,111.44000000000001,112.58000000000001,113.30000000000001,113.4,113.94000000000001,114.4,114.96000000000001,116.60000000000001,117.54,117.82000000000001,117.94000000000001,121.62,122.24000000000001,122.72000000000001,123.14000000000001,123.64000000000001,125.76000000000002,127.88000000000002,128.44000000000003,129.36,130.20000000000002,130.50000000000003,131.42000000000002,131.70000000000002,132.42000000000002,133.22000000000003,133.48000000000002,133.68,133.96,135.14000000000001,136.08,137.22,140.5,141.08,141.44000000000003,142.00000000000003,142.28000000000003,142.70000000000002,143.12,143.94,144.66,146.96,147.86,148.48000000000002
