,iter1,iter2,iter3,iter4,iter5,iter6,iter7,iter8,iter9,iter10,iter11,iter12,iter13,iter14,iter15,iter16,iter17,iter18,iter19,iter20,iter21,iter22,iter23,iter24,iter25,iter26,iter27,iter28,iter29,iter30,iter31,iter32,iter33,iter34,iter35,iter36,iter37,iter38,iter39,iter40,iter41,iter42,iter43,iter44,iter45,iter46,iter47,iter48,iter49,iter50,iter51,iter52,iter53,iter54,iter55,iter56,iter57,iter58,iter59,iter60,iter61,iter62,iter63,iter64,iter65,iter66,iter67,iter68,iter69,iter70,iter71,iter72,iter73,iter74,iter75,iter76,iter77,iter78,iter79,iter80,iter81,iter82,iter83,iter84,iter85,iter86,iter87,iter88,iter89,iter90,iter91,iter92,iter93,iter94,iter95,iter96,iter97,iter98,iter99,iter100,iter101,iter102,iter103,iter104,iter105,iter106,iter107,iter108,iter109,iter110,iter111,iter112,iter113,iter114,iter115,iter116,iter117,iter118,iter119,iter120,iter121,iter122,iter123,iter124,iter125,iter126,iter127,iter128,iter129,iter130,iter131,iter132,iter133,iter134,iter135,iter136,iter137,iter138,iter139,iter140,iter141,iter142,iter143,iter144,iter145,iter146,iter147,iter148,iter149,iter150,iter151,iter152,iter153,iter154,iter155,iter156,iter157,iter158,iter159,iter160,iter161,iter162,iter163,iter164,iter165,iter166,iter167,iter168,iter169,iter170,iter171,iter172,iter173,iter174,iter175,iter176,iter177,iter178,iter179,iter180,iter181,iter182,iter183,iter184,iter185,iter186,iter187,iter188,iter189,iter190,iter191,iter192,iter193,iter194,iter195,iter196,iter197,iter198,iter199,iter200,iter201,iter202,iter203,iter204,iter205,iter206,iter207,iter208,iter209,iter210,iter211,iter212,iter213,iter214,iter215,iter216,iter217,iter218,iter219,iter220,iter221,iter222,iter223,iter224,iter225,iter226,iter227,iter228,iter229,iter230,iter231,iter232,iter233,iter234,iter235,iter236,iter237,iter238,iter239,iter240,iter241,iter242,iter243,iter244,iter245,iter246,iter247,iter248,iter249,iter250,iter251
run1,0.3799999999999999,0.5799999999999998,1.2599999999999998,4.96,5.0,5.5600000000000005,5.920000000000001,6.240000000000001,6.320000000000001,6.560000000000001,7.700000000000001,8.260000000000002,8.280000000000001,9.46,9.9,10.200000000000001,10.38,10.700000000000001,11.680000000000001,11.780000000000001,11.820000000000002,12.180000000000001,12.600000000000001,13.080000000000002,13.360000000000001,13.700000000000001,14.080000000000002,14.560000000000002,14.920000000000002,15.520000000000001,15.8,15.88,18.62,18.66,19.12,19.6,20.040000000000003,20.620000000000005,20.880000000000006,21.280000000000005,21.400000000000006,21.460000000000004,22.000000000000004,22.480000000000004,24.600000000000005,28.280000000000005,28.880000000000006,28.940000000000005,29.360000000000007,29.560000000000006,29.720000000000006,30.240000000000006,30.800000000000004,31.320000000000004,31.660000000000004,31.980000000000004,32.900000000000006,34.540000000000006,34.92000000000001,35.96000000000001,36.48000000000001,37.08000000000001,37.40000000000001,37.58000000000001,38.140000000000015,38.960000000000015,39.500000000000014,39.920000000000016,39.960000000000015,40.320000000000014,40.70000000000002,41.16000000000002,41.58000000000002,41.740000000000016,42.12000000000002,42.46000000000002,43.24000000000002,43.64000000000002,44.12000000000002,44.40000000000002,44.92000000000002,45.64000000000002,46.78000000000002,46.800000000000026,47.200000000000024,47.82000000000002,48.36000000000002,49.10000000000002,49.90000000000002,50.98000000000002,53.22000000000002,53.38000000000002,53.98000000000002,54.08000000000002,54.40000000000002,56.04000000000002,56.28000000000002,56.46000000000002,57.300000000000026,57.700000000000024,58.28000000000002,58.340000000000025,59.160000000000025,59.300000000000026,59.50000000000003,59.50000000000003,59.980000000000025,60.520000000000024,60.90000000000003,61.020000000000024,61.520000000000024,61.560000000000024,65.08000000000003,65.38000000000002,65.60000000000002,66.48000000000002,66.96000000000002,67.42000000000002,67.46000000000002,67.56000000000002,71.26000000000002,71.60000000000002,72.18000000000002,73.08000000000003,73.70000000000003,74.22000000000003,74.28000000000003,74.64000000000003,74.82000000000004,75.54000000000003,75.96000000000004,76.20000000000003,76.38000000000004,79.28000000000004,80.10000000000004,80.64000000000004,83.48000000000005,84.04000000000005,84.56000000000004,84.68000000000005,84.72000000000006,85.16000000000005,85.24000000000005,85.66000000000005,86.50000000000006,87.14000000000006,87.98000000000006,88.06000000000006,88.44000000000005,88.70000000000006,89.10000000000007,89.68000000000006,90.20000000000006,90.74000000000007,90.94000000000007,91.18000000000006,91.68000000000006,93.44000000000007,93.72000000000007,93.74000000000007,94.90000000000006,95.24000000000007,95.66000000000007,95.76000000000006,95.82000000000006,96.60000000000007,97.16000000000007,97.52000000000007,97.70000000000007,98.42000000000007,98.56000000000007,98.56000000000007,98.58000000000007,98.88000000000007,99.32000000000006,100.26000000000006,100.90000000000006,102.06000000000006,102.86000000000006,103.12000000000006,103.84000000000006,107.36000000000006,108.52000000000005,108.80000000000005,109.34000000000006,109.38000000000007,111.46000000000006,111.62000000000006,112.02000000000007,112.64000000000007,113.06000000000007,113.06000000000007,113.62000000000008,114.12000000000008,114.74000000000008,114.78000000000009,115.50000000000009,117.08000000000008,117.28000000000009,117.58000000000008,117.72000000000008,118.26000000000009,118.32000000000009,118.78000000000009,119.80000000000008,119.92000000000009,120.28000000000009,120.62000000000009,120.9600000000001,121.1600000000001,121.4400000000001,121.7400000000001,122.12000000000009,122.72000000000008,123.30000000000008,123.52000000000008,123.78000000000009,124.08000000000008,125.02000000000008,125.56000000000009,125.76000000000009,126.56000000000009,127.48000000000009,127.7400000000001,128.1000000000001,128.5000000000001,129.3200000000001,130.7400000000001,131.0200000000001,131.4800000000001,132.2000000000001,132.2400000000001,132.9800000000001,135.28000000000011,135.56000000000012,136.9800000000001,137.9200000000001,141.2000000000001,141.8800000000001,142.4800000000001,142.84000000000012,144.96000000000012,145.08000000000013,145.28000000000011,145.5400000000001,145.8800000000001,146.18000000000012,146.3200000000001,147.7000000000001,148.0200000000001,148.4000000000001
run2,0.4,0.9,1.2799999999999998,1.6399999999999997,5.34,5.66,6.08,6.44,7.16,7.44,7.84,8.0,8.06,9.22,9.24,9.44,9.76,10.16,10.54,11.139999999999999,12.04,12.26,13.1,13.559999999999999,14.139999999999999,14.819999999999999,17.659999999999997,17.979999999999997,18.499999999999996,19.58,19.639999999999997,20.799999999999997,21.139999999999997,21.419999999999998,21.939999999999998,22.24,22.479999999999997,23.319999999999997,23.879999999999995,24.159999999999997,24.439999999999998,25.279999999999998,25.619999999999997,25.88,26.0,26.48,27.2,27.2,27.68,27.74,27.9,28.22,28.64,29.1,29.700000000000003,30.000000000000004,30.060000000000002,30.62,30.76,30.880000000000003,30.92,31.400000000000002,31.8,32.160000000000004,32.580000000000005,34.88,35.02,35.760000000000005,35.760000000000005,36.120000000000005,36.38,37.160000000000004,37.2,37.82,38.38,39.2,40.78,41.160000000000004,41.36000000000001,42.10000000000001,45.620000000000005,45.64000000000001,46.00000000000001,46.480000000000004,46.52,46.620000000000005,47.040000000000006,49.160000000000004,49.50000000000001,50.300000000000004,50.580000000000005,51.46000000000001,51.80000000000001,51.98000000000001,52.320000000000014,53.140000000000015,53.780000000000015,56.680000000000014,57.26000000000001,57.62000000000001,58.26000000000001,58.84000000000001,59.180000000000014,59.640000000000015,60.180000000000014,60.360000000000014,60.740000000000016,61.460000000000015,62.000000000000014,62.04000000000001,62.34000000000001,62.38000000000001,63.42000000000001,64.22000000000001,64.82000000000001,65.54,65.96000000000001,66.14000000000001,66.62000000000002,66.86000000000001,67.04000000000002,67.04000000000002,68.46000000000002,68.52000000000002,68.78000000000003,68.98000000000003,72.68000000000004,72.78000000000003,73.80000000000003,75.92000000000003,76.52000000000002,78.76000000000002,79.16000000000003,79.64000000000003,80.56000000000003,81.00000000000003,81.26000000000003,81.88000000000004,82.18000000000004,82.54000000000003,82.72000000000004,83.44000000000004,84.00000000000004,84.82000000000004,85.76000000000003,86.12000000000003,86.68000000000004,87.00000000000003,90.28000000000003,90.48000000000003,90.80000000000003,91.34000000000003,91.82000000000004,92.38000000000004,92.68000000000004,92.88000000000004,93.38000000000004,93.88000000000004,94.28000000000004,94.40000000000005,94.68000000000005,94.76000000000005,94.86000000000004,95.32000000000004,95.86000000000004,96.26000000000005,96.54000000000005,96.62000000000005,97.24000000000005,97.54000000000005,98.72000000000006,101.46000000000005,102.28000000000004,104.36000000000004,105.44000000000004,107.08000000000004,107.16000000000004,107.74000000000004,107.86000000000004,108.04000000000005,108.08000000000006,109.02000000000005,109.40000000000005,110.08000000000006,110.50000000000006,111.48000000000006,111.68000000000006,111.68000000000006,112.48000000000006,113.40000000000006,115.16000000000007,116.54000000000006,116.94000000000007,117.66000000000007,117.94000000000007,118.46000000000006,119.60000000000007,120.14000000000007,120.40000000000008,120.56000000000007,121.08000000000007,122.02000000000007,122.18000000000006,123.60000000000007,124.02000000000007,124.46000000000006,124.54000000000006,125.70000000000006,126.22000000000006,127.86000000000006,131.38000000000005,131.76000000000005,132.20000000000005,132.62000000000003,132.66000000000003,133.00000000000003,133.14000000000001,133.50000000000003,134.04000000000002,134.08,135.22,135.56,136.08,136.10000000000002,136.34000000000003,136.56000000000003,136.94000000000003,137.54000000000002,137.64000000000001,138.42000000000002,138.96,139.56,140.18,140.70000000000002,141.16000000000003,141.46000000000004,142.04000000000005,142.16000000000005,142.72000000000006,142.76000000000005,143.14000000000004,143.52000000000004,143.54000000000005,147.22000000000006,147.26000000000005,147.80000000000004,148.00000000000003,148.24000000000004,148.78000000000003,148.98000000000002,149.04000000000002
run3,0.8,1.9800000000000002,2.46,2.82,2.9,3.5,4.32,4.68,4.779999999999999,4.9399999999999995,4.999999999999999,5.379999999999999,8.12,8.399999999999999,9.179999999999998,9.419999999999998,9.739999999999998,10.419999999999998,11.439999999999998,13.739999999999998,13.879999999999999,14.18,14.18,14.32,14.8,15.700000000000001,16.26,16.32,17.240000000000002,17.700000000000003,17.76,19.400000000000002,20.480000000000004,20.940000000000005,21.780000000000005,22.720000000000006,22.740000000000006,23.000000000000007,23.720000000000006,26.620000000000005,27.460000000000004,28.080000000000005,29.160000000000004,29.580000000000005,30.020000000000007,30.44000000000001,34.14000000000001,34.540000000000006,34.56000000000001,34.94000000000001,35.42000000000001,35.62000000000001,36.06000000000001,36.60000000000001,37.34000000000001,38.14000000000001,38.96000000000001,41.800000000000004,42.540000000000006,42.7,43.120000000000005,43.720000000000006,44.34,45.28,45.58,48.86,49.44,51.68,52.519999999999996,52.72,52.76,52.8,52.8,52.8,54.559999999999995,54.66,54.839999999999996,54.9,55.339999999999996,55.62,56.339999999999996,56.699999999999996,57.22,57.4,57.96,58.46,58.54,59.08,59.4,59.699999999999996,59.98,60.18,60.9,61.08,61.66,61.699999999999996,61.779999999999994,61.879999999999995,62.8,63.279999999999994,63.839999999999996,64.2,64.60000000000001,65.28000000000002,65.28000000000002,65.32000000000002,65.44000000000003,66.16000000000003,66.34000000000003,66.70000000000003,67.04000000000003,67.26000000000003,67.50000000000003,67.88000000000002,69.52000000000002,70.00000000000003,70.48000000000003,70.86000000000003,70.90000000000003,71.78000000000003,72.18000000000004,72.72000000000004,73.08000000000004,73.62000000000005,73.82000000000005,74.28000000000004,74.58000000000004,74.96000000000004,75.22000000000004,75.94000000000004,76.34000000000005,76.54000000000005,76.88000000000005,77.60000000000005,78.74000000000005,79.32000000000005,80.90000000000005,81.24000000000005,81.38000000000005,83.50000000000006,87.02000000000005,87.82000000000005,88.18000000000005,88.46000000000005,89.62000000000005,90.14000000000004,90.74000000000004,91.28000000000004,91.40000000000005,92.82000000000005,93.24000000000005,93.44000000000005,93.68000000000005,95.06000000000004,95.34000000000005,95.88000000000005,96.48000000000005,97.00000000000004,97.28000000000004,97.88000000000004,98.30000000000004,98.50000000000004,99.02000000000004,99.30000000000004,99.80000000000004,100.40000000000003,100.44000000000004,100.88000000000004,101.10000000000004,101.30000000000004,102.10000000000004,102.50000000000004,102.76000000000005,102.78000000000004,103.28000000000004,104.44000000000004,104.50000000000004,105.06000000000004,105.60000000000005,105.90000000000005,106.44000000000005,109.96000000000005,110.20000000000005,110.60000000000005,111.38000000000005,111.40000000000005,111.44000000000005,112.08000000000006,112.34000000000006,112.82000000000006,116.52000000000007,116.88000000000007,117.40000000000006,117.70000000000006,118.22000000000006,120.34000000000006,120.60000000000007,120.92000000000006,121.24000000000005,121.72000000000006,121.84000000000006,122.18000000000006,122.44000000000007,123.38000000000007,124.36000000000007,124.66000000000007,124.70000000000007,124.86000000000007,124.90000000000008,125.28000000000007,125.68000000000008,126.02000000000008,126.14000000000009,126.46000000000008,127.00000000000009,127.58000000000008,127.96000000000008,128.04000000000008,128.86000000000007,129.18000000000006,129.46000000000006,130.60000000000005,130.94000000000005,131.30000000000007,131.40000000000006,131.92000000000007,132.34000000000006,133.16000000000005,133.22000000000006,133.60000000000005,137.28000000000006,137.74000000000007,138.30000000000007,138.42000000000007,138.88000000000008,139.4600000000001,139.50000000000009,139.8400000000001,139.98000000000008,140.60000000000008,141.64000000000007,141.80000000000007,143.88000000000008,144.50000000000009,144.8400000000001,145.4000000000001,145.82000000000008,146.98000000000008,147.36000000000007,148.78000000000006,149.18000000000006
run4,0.8200000000000001,1.5,1.9,2.1799999999999997,2.32,2.78,2.96,3.5,4.68,4.9799999999999995,5.359999999999999,5.659999999999999,6.739999999999999,7.339999999999999,7.699999999999999,7.8999999999999995,8.26,8.84,9.379999999999999,9.399999999999999,9.839999999999998,10.459999999999997,10.879999999999997,12.019999999999996,12.559999999999995,13.099999999999994,13.619999999999994,14.699999999999994,14.699999999999994,15.539999999999994,16.019999999999992,16.199999999999992,16.23999999999999,16.659999999999993,16.939999999999994,17.199999999999996,17.679999999999996,18.199999999999996,18.519999999999996,18.959999999999997,19.439999999999998,19.619999999999997,19.759999999999998,20.18,20.759999999999998,20.819999999999997,21.659999999999997,22.039999999999996,22.679999999999996,22.979999999999997,23.58,23.659999999999997,23.759999999999998,23.779999999999998,23.979999999999997,24.539999999999996,24.879999999999995,25.099999999999994,25.479999999999993,25.759999999999994,26.699999999999996,27.099999999999994,29.179999999999993,29.619999999999994,30.099999999999994,31.739999999999995,32.279999999999994,32.279999999999994,32.459999999999994,32.85999999999999,33.53999999999999,34.47999999999999,34.77999999999999,35.139999999999986,35.51999999999999,38.79999999999999,39.09999999999999,39.47999999999999,39.83999999999999,40.03999999999999,40.15999999999999,43.85999999999999,43.85999999999999,44.39999999999999,44.43999999999999,44.99999999999999,45.519999999999996,46.3,46.779999999999994,46.81999999999999,46.85999999999999,46.97999999999999,47.27999999999999,48.65999999999999,49.45999999999999,49.859999999999985,49.95999999999999,50.45999999999999,50.87999999999999,51.15999999999999,51.49999999999999,52.519999999999996,53.239999999999995,54.059999999999995,54.279999999999994,54.35999999999999,54.61999999999999,54.87999999999999,54.999999999999986,55.359999999999985,55.79999999999998,56.29999999999998,57.039999999999985,57.19999999999998,57.73999999999998,57.759999999999984,58.319999999999986,58.77999999999999,58.93999999999998,60.579999999999984,60.91999999999999,61.179999999999986,61.759999999999984,61.859999999999985,62.79999999999998,62.819999999999986,63.15999999999999,63.49999999999999,63.81999999999999,64.24,64.6,64.91999999999999,64.99999999999999,65.39999999999999,65.99999999999999,66.33999999999999,66.69999999999999,67.21999999999998,67.77999999999999,68.15999999999998,68.39999999999998,68.79999999999998,69.11999999999998,69.71999999999997,71.47999999999998,71.75999999999998,71.81999999999998,72.21999999999998,72.37999999999998,72.99999999999999,73.05999999999999,74.03999999999999,74.39999999999999,77.3,80.82,80.86,81.16,81.2,82.02,82.44,85.17999999999999,85.17999999999999,85.22,85.26,85.30000000000001,88.82000000000001,89.22000000000001,89.64000000000001,90.16000000000001,90.52000000000001,90.84,91.42,91.48,91.74000000000001,92.66000000000001,93.50000000000001,94.92000000000002,95.12000000000002,95.40000000000002,96.82000000000002,97.00000000000003,99.30000000000003,99.44000000000003,99.82000000000002,99.94000000000003,100.66000000000003,100.86000000000003,101.40000000000003,102.12000000000003,102.46000000000004,102.74000000000004,102.82000000000004,103.20000000000003,103.34000000000003,103.60000000000004,104.08000000000004,104.58000000000004,105.74000000000004,106.20000000000003,106.26000000000003,106.32000000000004,106.52000000000004,107.32000000000004,109.44000000000004,110.34000000000005,110.82000000000005,111.28000000000004,111.90000000000005,112.46000000000005,113.24000000000005,116.94000000000005,118.10000000000005,118.74000000000005,119.88000000000005,120.08000000000006,120.66000000000005,122.24000000000005,122.48000000000005,123.08000000000004,123.12000000000005,124.00000000000004,124.54000000000005,124.78000000000004,125.52000000000004,126.04000000000003,128.16000000000003,128.40000000000003,128.56000000000003,128.88000000000002,129.34000000000003,129.44000000000003,130.24000000000004,130.96000000000004,131.88000000000002,132.50000000000003,136.18000000000004,136.74000000000004,137.46000000000004,138.18000000000004,139.34000000000003,139.90000000000003,142.14000000000004,142.74000000000004,145.58000000000004,146.62000000000003,146.90000000000003,147.32000000000002,147.84000000000003,147.96000000000004,148.14000000000004,148.62000000000003
run5,0.040000000000000036,0.16000000000000003,0.6000000000000001,1.62,1.8800000000000001,1.9800000000000002,2.5200000000000005,2.8000000000000007,3.080000000000001,3.440000000000001,3.8400000000000007,4.260000000000001,4.580000000000001,5.100000000000001,6.280000000000001,6.860000000000001,6.940000000000001,7.1400000000000015,7.160000000000002,7.700000000000002,7.740000000000002,8.080000000000002,8.480000000000002,8.740000000000002,9.120000000000001,9.22,9.3,9.72,13.0,13.4,13.66,14.08,14.46,14.66,15.040000000000001,16.46,16.64,18.88,19.599999999999998,19.9,20.52,20.919999999999998,21.319999999999997,21.759999999999998,21.9,22.02,22.94,23.240000000000002,24.020000000000003,24.220000000000002,25.040000000000003,26.080000000000002,26.28,28.400000000000002,28.94,29.14,29.18,29.52,29.68,30.0,30.28,30.42,32.06,32.42,34.5,34.88,34.92,35.18,36.94,37.5,38.04,38.4,39.78,40.120000000000005,40.24,42.36,42.5,42.98,43.04,43.82,44.32,44.36,44.62,44.68,45.5,46.12,46.14,46.160000000000004,46.620000000000005,47.34,48.760000000000005,49.60000000000001,50.00000000000001,50.64000000000001,51.32000000000001,51.66000000000001,52.22000000000001,52.240000000000016,52.460000000000015,53.08000000000001,53.820000000000014,53.920000000000016,54.44000000000002,54.50000000000002,55.64000000000002,55.980000000000025,56.520000000000024,56.760000000000026,56.880000000000024,57.260000000000026,57.54000000000003,57.90000000000003,58.28000000000003,58.60000000000003,61.34000000000003,61.80000000000003,62.26000000000003,62.74000000000003,63.18000000000003,64.34000000000003,64.64000000000003,64.80000000000003,65.64000000000003,65.68000000000004,66.06000000000003,66.40000000000003,66.58000000000004,66.62000000000005,66.74000000000005,67.34000000000005,67.94000000000004,68.14000000000004,68.94000000000004,71.24000000000004,71.74000000000004,72.26000000000003,73.06000000000003,73.60000000000004,74.20000000000003,74.78000000000003,75.30000000000003,75.48000000000003,76.06000000000003,76.42000000000003,79.26000000000003,79.82000000000004,80.72000000000004,81.32000000000004,81.68000000000004,84.58000000000004,84.86000000000004,85.66000000000004,85.90000000000003,86.98000000000003,87.92000000000003,89.56000000000003,89.56000000000003,93.24000000000004,93.52000000000004,93.66000000000004,94.38000000000004,94.56000000000004,95.04000000000005,95.42000000000004,95.74000000000004,96.16000000000004,96.50000000000004,97.08000000000004,97.80000000000004,98.34000000000005,98.74000000000005,99.22000000000006,100.14000000000006,100.32000000000006,100.36000000000007,100.98000000000008,101.02000000000008,101.62000000000008,101.96000000000008,102.52000000000008,103.04000000000008,103.12000000000008,104.20000000000007,104.62000000000008,105.00000000000007,105.46000000000006,106.20000000000006,106.68000000000006,107.24000000000007,107.42000000000007,107.98000000000008,108.20000000000007,108.56000000000007,109.12000000000008,109.28000000000007,110.44000000000007,110.88000000000007,111.70000000000006,111.98000000000006,113.12000000000006,113.42000000000006,113.90000000000006,114.22000000000006,114.42000000000006,114.94000000000005,115.58000000000006,119.28000000000006,119.28000000000006,119.80000000000005,119.88000000000005,120.30000000000005,120.54000000000005,120.84000000000005,121.10000000000005,121.16000000000005,121.48000000000005,122.42000000000004,122.78000000000004,123.02000000000004,123.06000000000004,124.00000000000004,124.68000000000005,124.96000000000005,125.54000000000005,127.12000000000005,127.62000000000005,127.68000000000005,128.40000000000006,128.88000000000005,129.68000000000006,130.08000000000007,133.60000000000008,134.42000000000007,134.84000000000006,135.30000000000007,138.82000000000008,139.66000000000008,140.26000000000008,140.74000000000007,141.46000000000006,141.66000000000005,141.82000000000005,141.82000000000005,141.88000000000005,141.98000000000005,142.28000000000006,145.98000000000005,146.40000000000003,146.40000000000003,146.94000000000003,147.92000000000002
run6,0.10000000000000009,0.3400000000000001,0.6200000000000001,3.3600000000000003,3.9600000000000004,4.16,4.76,5.2,5.2,5.4,5.66,6.26,6.6,6.9799999999999995,7.159999999999999,7.4399999999999995,8.36,9.26,9.82,9.98,10.92,11.3,13.540000000000001,15.180000000000001,17.48,21.0,21.04,21.14,21.26,21.840000000000003,22.240000000000002,22.540000000000003,23.060000000000002,23.380000000000003,23.62,23.66,24.2,24.259999999999998,24.68,25.4,25.88,26.7,27.419999999999998,27.84,28.24,28.66,29.38,30.36,30.759999999999998,31.54,32.08,32.28,32.620000000000005,33.18000000000001,33.660000000000004,37.36000000000001,40.64000000000001,40.940000000000005,41.760000000000005,42.220000000000006,42.64000000000001,43.00000000000001,43.92000000000001,43.98000000000001,44.40000000000001,45.02000000000001,45.16000000000001,45.64000000000001,46.14000000000001,46.68000000000001,46.96000000000001,49.86000000000001,52.7,53.040000000000006,53.400000000000006,53.86000000000001,54.300000000000004,54.440000000000005,55.02,55.540000000000006,56.620000000000005,57.56,57.82,58.12,58.519999999999996,58.8,59.4,59.86,60.06,60.54,60.64,60.980000000000004,61.540000000000006,62.28000000000001,62.48000000000001,62.80000000000001,63.52000000000001,63.860000000000014,65.62000000000002,66.16000000000003,67.30000000000003,67.38000000000002,67.62000000000002,67.78000000000002,68.16000000000001,69.24000000000001,70.04,70.2,70.36,70.4,70.96000000000001,71.22000000000001,72.06000000000002,72.54000000000002,76.22000000000003,77.06000000000003,77.90000000000003,78.48000000000003,78.88000000000004,79.48000000000003,79.84000000000003,80.86000000000003,80.88000000000002,81.32000000000002,81.88000000000002,82.38000000000002,82.66000000000003,83.18000000000002,83.56000000000002,83.68000000000002,84.26000000000002,85.68000000000002,87.10000000000002,87.10000000000002,87.14000000000003,87.66000000000003,87.88000000000002,87.90000000000002,88.44000000000003,89.32000000000002,89.86000000000003,90.28000000000003,90.58000000000003,90.66000000000003,90.70000000000003,91.16000000000003,91.34000000000003,92.52000000000004,93.06000000000004,95.18000000000005,95.64000000000004,95.88000000000004,96.26000000000003,96.64000000000003,97.00000000000003,97.36000000000003,97.68000000000002,99.80000000000003,99.98000000000003,103.68000000000004,103.68000000000004,104.16000000000004,104.34000000000005,104.76000000000005,104.84000000000005,105.24000000000005,105.46000000000005,106.14000000000006,106.20000000000006,106.32000000000006,106.94000000000007,107.22000000000007,107.74000000000007,108.00000000000007,109.04000000000008,109.76000000000008,110.48000000000008,110.48000000000008,111.06000000000007,111.38000000000007,111.76000000000006,111.96000000000006,112.34000000000006,112.82000000000006,112.88000000000007,113.16000000000007,114.32000000000006,115.00000000000007,116.64000000000007,117.20000000000007,117.24000000000008,117.34000000000007,117.40000000000008,118.22000000000007,118.76000000000008,118.78000000000007,119.32000000000008,119.84000000000007,120.64000000000007,120.68000000000008,121.46000000000008,122.06000000000007,122.86000000000007,123.12000000000008,123.50000000000007,123.62000000000008,123.82000000000008,127.34000000000007,127.90000000000008,128.20000000000007,128.38000000000008,128.70000000000007,129.86000000000007,131.44000000000008,131.58000000000007,131.72000000000006,132.20000000000005,132.56000000000006,132.76000000000005,133.16000000000005,133.28000000000006,133.90000000000006,134.52000000000007,134.82000000000008,135.00000000000009,135.3400000000001,135.6200000000001,135.9800000000001,136.2400000000001,136.6800000000001,137.8400000000001,138.16000000000008,138.20000000000007,138.70000000000007,140.08000000000007,140.88000000000008,140.92000000000007,141.00000000000009,141.3400000000001,141.4000000000001,141.7400000000001,142.16000000000008,142.4600000000001,143.10000000000008,143.4600000000001,144.10000000000008,144.4600000000001,144.4800000000001,145.4200000000001,146.1600000000001,147.3000000000001
run7,0.05999999999999994,0.5599999999999999,0.6,1.12,1.3800000000000001,2.18,2.92,3.5,3.96,4.68,5.52,6.0,6.42,6.66,7.82,8.0,8.2,8.459999999999999,8.78,9.34,9.7,10.16,10.66,12.040000000000001,13.680000000000001,14.3,14.360000000000001,14.400000000000002,15.820000000000002,16.540000000000003,16.840000000000003,17.180000000000003,17.260000000000005,17.560000000000006,18.640000000000008,18.92000000000001,19.320000000000007,19.700000000000006,20.680000000000007,21.200000000000006,21.480000000000008,21.660000000000007,22.44000000000001,22.640000000000008,22.700000000000006,23.020000000000007,23.540000000000006,23.820000000000007,23.94000000000001,24.340000000000007,24.380000000000006,28.060000000000006,28.340000000000007,31.860000000000007,31.900000000000006,32.580000000000005,32.900000000000006,32.940000000000005,33.480000000000004,34.42,35.02,35.38,35.660000000000004,36.040000000000006,36.32000000000001,36.720000000000006,40.42000000000001,41.14000000000001,41.32000000000001,42.260000000000005,44.50000000000001,44.620000000000005,44.68000000000001,45.040000000000006,45.580000000000005,48.42,48.760000000000005,49.56,49.580000000000005,49.96000000000001,50.50000000000001,50.70000000000001,51.02000000000001,51.28000000000001,51.900000000000006,52.32000000000001,52.56000000000001,52.92000000000001,52.94000000000001,53.320000000000014,53.740000000000016,54.04000000000001,54.140000000000015,54.70000000000002,55.140000000000015,55.44000000000001,55.58000000000001,55.98000000000001,56.66000000000001,56.88000000000001,57.30000000000001,57.78000000000001,58.34000000000001,60.10000000000001,60.56000000000001,61.20000000000001,61.58000000000001,61.640000000000015,62.20000000000002,62.54000000000002,62.70000000000002,62.860000000000014,62.94000000000001,63.12000000000001,63.60000000000001,63.760000000000005,65.88000000000001,66.38000000000001,67.22000000000001,67.86000000000001,68.30000000000001,69.08000000000001,69.92000000000002,70.30000000000001,70.9,71.22,71.34,71.88000000000001,72.02000000000001,74.14000000000001,74.28000000000002,74.86000000000001,75.58000000000001,76.38000000000001,76.48,76.82000000000001,77.16000000000001,77.98,79.02000000000001,79.60000000000001,79.86000000000001,80.28000000000002,81.02000000000001,81.42000000000002,81.66000000000001,81.66000000000001,83.74000000000001,84.88000000000001,85.00000000000001,87.30000000000001,87.46000000000001,88.06,88.54,88.96000000000001,89.44000000000001,90.00000000000001,90.04000000000002,90.14000000000001,90.76000000000002,91.16000000000003,91.16000000000003,91.56000000000003,92.46000000000004,92.46000000000004,92.66000000000004,93.08000000000004,93.60000000000004,97.12000000000003,97.22000000000003,98.24000000000002,101.14000000000003,101.52000000000002,101.72000000000003,102.28000000000003,102.80000000000003,103.32000000000002,103.68000000000002,103.72000000000003,104.30000000000003,105.44000000000003,105.58000000000003,106.00000000000003,106.18000000000004,106.48000000000003,107.36000000000003,107.92000000000003,109.08000000000003,109.32000000000002,110.14000000000001,110.50000000000001,110.84000000000002,111.30000000000001,111.78000000000002,113.42000000000002,113.80000000000001,113.80000000000001,114.12,115.2,115.60000000000001,115.64000000000001,116.36000000000001,116.90000000000002,116.92000000000002,117.44000000000001,117.70000000000002,118.24000000000002,118.70000000000002,119.04000000000002,119.48000000000002,119.52000000000002,119.72000000000003,120.06000000000003,120.54000000000003,123.82000000000004,124.02000000000004,125.18000000000004,125.66000000000004,126.84000000000005,127.20000000000005,127.22000000000004,128.64000000000004,129.26000000000005,129.54000000000005,131.12000000000006,131.72000000000006,131.80000000000007,132.34000000000006,132.60000000000005,133.20000000000005,133.50000000000006,133.56000000000006,133.68000000000006,134.48000000000008,134.52000000000007,135.46000000000006,136.04000000000008,136.58000000000007,137.02000000000007,137.94000000000005,138.14000000000004,138.44000000000005,139.16000000000005,139.70000000000005,139.98000000000005,140.34000000000006,143.08000000000007,143.46000000000006,144.38000000000005,144.60000000000005,145.20000000000005,146.02000000000004
run8,0.5599999999999998,1.5,1.82,5.1,6.02,6.199999999999999,6.56,6.76,6.9399999999999995,7.52,7.8,7.82,7.96,8.12,8.94,9.959999999999999,10.239999999999998,10.779999999999998,11.299999999999997,11.879999999999997,12.479999999999997,12.959999999999997,13.179999999999998,14.759999999999998,15.039999999999997,15.479999999999997,18.22,19.04,19.3,19.94,20.5,21.34,21.64,22.14,22.82,23.22,23.24,23.639999999999997,24.06,24.48,25.26,25.26,26.900000000000002,27.580000000000002,27.96,28.04,28.34,28.78,29.240000000000002,29.64,30.38,31.02,31.46,31.560000000000002,32.5,33.04,34.2,35.24,35.68,35.88,36.720000000000006,37.040000000000006,37.080000000000005,37.60000000000001,37.74000000000001,38.040000000000006,38.040000000000006,38.36000000000001,38.660000000000004,39.28,39.34,40.18000000000001,40.64000000000001,40.88000000000001,40.88000000000001,41.24000000000001,41.720000000000006,43.96000000000001,44.10000000000001,44.50000000000001,48.18000000000001,48.78000000000001,48.96000000000001,49.080000000000005,49.34,49.36000000000001,49.78000000000001,50.24000000000001,50.50000000000001,50.620000000000005,50.620000000000005,51.400000000000006,51.78000000000001,53.86000000000001,54.220000000000006,54.56000000000001,55.36000000000001,55.900000000000006,57.32000000000001,57.86000000000001,58.06000000000001,58.64000000000001,59.720000000000006,59.88,60.14,60.52,61.260000000000005,61.60000000000001,62.68000000000001,63.480000000000004,64.10000000000001,64.56,64.78,65.12,65.52000000000001,66.08000000000001,66.50000000000001,67.10000000000001,67.48,67.66000000000001,67.74000000000001,67.84,70.14,70.54,72.30000000000001,72.58000000000001,73.10000000000001,73.18,73.46000000000001,73.78,76.62,76.72,77.2,77.56,78.12,78.32000000000001,78.78,79.12,80.5,80.76,81.18,81.24000000000001,82.18,82.60000000000001,82.96000000000001,83.68,83.86000000000001,84.10000000000001,84.30000000000001,84.92000000000002,85.64000000000001,85.68000000000002,85.96000000000002,86.02000000000002,86.82000000000002,87.54000000000002,87.86000000000001,87.96000000000001,88.56,91.46000000000001,91.80000000000001,92.16000000000001,93.30000000000001,93.84000000000002,95.26000000000002,95.42000000000002,95.48000000000002,96.00000000000001,96.34000000000002,97.50000000000001,98.06000000000002,98.40000000000002,99.22000000000001,99.46000000000001,99.86000000000001,100.24000000000001,100.28000000000002,100.48000000000002,100.72000000000001,101.10000000000001,101.4,101.78,102.1,102.16,103.32,103.44,104.58,104.72,104.76,105.58,105.62,106.60000000000001,106.88000000000001,106.92000000000002,110.62000000000002,111.24000000000002,111.96000000000002,112.00000000000003,112.42000000000003,113.30000000000003,115.42000000000003,115.96000000000004,116.46000000000004,116.72000000000004,117.32000000000004,117.44000000000004,117.80000000000004,118.28000000000004,118.84000000000005,119.20000000000005,119.74000000000005,120.04000000000005,123.56000000000004,127.08000000000004,128.72000000000003,128.84000000000003,128.90000000000003,128.94000000000003,129.42000000000002,129.94000000000003,130.22000000000003,130.42000000000002,131.34,131.42000000000002,131.9,132.24,133.42000000000002,133.46,133.5,135.62,136.12,136.52,137.24,137.42000000000002,138.02,141.72,142.62,142.98000000000002,143.50000000000003,143.52000000000004,143.68000000000004,144.22000000000003,144.64000000000001,144.94000000000003,145.42000000000002,145.8,146.38000000000002,146.90000000000003,147.46000000000004,148.04000000000005,148.58000000000004
run9,1.42,1.98,2.4,2.46,3.3,3.8,7.319999999999999,10.159999999999998,10.579999999999998,11.119999999999997,11.259999999999998,12.059999999999999,12.319999999999999,12.499999999999998,13.879999999999999,14.719999999999999,15.12,15.219999999999999,15.219999999999999,16.02,16.5,17.64,18.16,19.34,19.64,21.76,24.0,24.58,25.099999999999998,25.439999999999998,25.56,27.32,27.52,28.08,28.38,28.96,29.04,29.599999999999998,29.799999999999997,30.199999999999996,30.239999999999995,30.419999999999995,31.559999999999995,31.899999999999995,31.959999999999994,32.779999999999994,33.94,34.22,34.32,34.94,35.18,35.58,35.64,35.82,36.36,36.96,37.28,37.78,38.46,39.18,39.22,39.54,39.839999999999996,40.279999999999994,40.699999999999996,40.959999999999994,41.31999999999999,41.43999999999999,41.47999999999999,41.77999999999999,42.079999999999984,42.139999999999986,43.719999999999985,44.43999999999998,45.01999999999998,45.15999999999998,45.95999999999998,46.119999999999976,46.13999999999998,49.41999999999998,49.97999999999998,50.259999999999984,50.29999999999998,51.37999999999998,53.45999999999998,53.65999999999998,54.399999999999984,54.55999999999998,54.759999999999984,55.15999999999998,55.679999999999986,55.97999999999998,56.45999999999998,56.47999999999998,56.69999999999998,57.11999999999998,57.65999999999998,57.65999999999998,61.17999999999998,61.21999999999998,61.49999999999998,61.73999999999998,61.79999999999998,62.27999999999998,63.43999999999998,63.77999999999999,64.49999999999999,64.53999999999999,65.02,65.39999999999999,66.27999999999999,66.67999999999999,67.05999999999999,67.1,67.52,67.86,68.24,68.32,68.94,69.48,69.74000000000001,70.38000000000001,70.58000000000001,70.74000000000001,71.10000000000001,71.50000000000001,72.28000000000002,72.88000000000001,73.34,73.54,73.66000000000001,74.14000000000001,74.58000000000001,75.06000000000002,77.80000000000001,81.50000000000001,82.02000000000001,82.38000000000001,82.96000000000001,83.30000000000001,83.9,84.26,84.54,85.08000000000001,85.50000000000001,86.52000000000001,86.98,88.62,89.0,89.72,90.2,90.72,91.62,92.66000000000001,95.56000000000002,95.68000000000002,95.70000000000002,96.10000000000002,96.10000000000002,96.14000000000003,96.46000000000002,97.14000000000003,98.08000000000003,98.70000000000003,99.06000000000003,99.88000000000002,100.40000000000002,100.62000000000002,100.86000000000001,101.06000000000002,101.70000000000002,102.14000000000001,102.52000000000001,104.16000000000001,104.76,105.30000000000001,106.24000000000001,107.08000000000001,108.24000000000001,108.60000000000001,108.78000000000002,108.88000000000001,109.22000000000001,109.48000000000002,110.28000000000002,110.62000000000002,112.92000000000002,113.84000000000002,113.88000000000002,114.40000000000002,115.14000000000001,115.40000000000002,115.40000000000002,115.76000000000002,116.32000000000002,116.70000000000002,117.68000000000002,118.18000000000002,118.78000000000002,119.14000000000001,119.68000000000002,120.24000000000002,120.56000000000002,120.94000000000001,121.38000000000001,121.84,122.18,122.74000000000001,122.9,123.18,123.36000000000001,123.62000000000002,124.10000000000002,124.88000000000002,125.20000000000002,125.62000000000002,125.90000000000002,126.20000000000002,126.66000000000001,126.94000000000001,128.02,128.64000000000001,129.46,129.52,130.12,131.04,131.42,132.83999999999997,133.65999999999997,133.93999999999997,134.05999999999997,137.75999999999996,137.99999999999997,138.35999999999999,138.39999999999998,138.48,138.89999999999998,139.48,140.2,140.22,140.76,140.89999999999998,143.01999999999998,143.42,143.55999999999997,143.73999999999998,144.67999999999998,144.77999999999997,145.15999999999997,145.61999999999998,145.93999999999997
run10,0.4,2.04,2.06,4.3,4.76,5.18,5.56,6.08,6.8,7.74,7.78,8.46,8.760000000000002,9.700000000000001,10.32,13.16,13.2,13.66,14.08,14.46,14.520000000000001,15.500000000000002,15.500000000000002,15.980000000000002,16.360000000000003,17.080000000000002,17.380000000000003,17.740000000000002,18.080000000000002,20.200000000000003,21.000000000000004,21.260000000000005,24.780000000000005,25.060000000000006,25.520000000000007,26.940000000000005,27.260000000000005,27.640000000000004,31.320000000000004,31.360000000000003,31.860000000000003,32.24,32.52,32.96,33.52,33.56,34.1,34.14,34.62,35.0,35.56,36.38,36.480000000000004,37.36000000000001,38.160000000000004,38.440000000000005,38.88,39.52,43.220000000000006,43.660000000000004,44.260000000000005,44.36000000000001,46.00000000000001,46.32000000000001,50.02000000000001,50.14000000000001,50.28000000000001,50.42000000000001,50.70000000000001,51.00000000000001,51.82000000000001,52.760000000000005,53.18000000000001,53.660000000000004,54.220000000000006,54.42000000000001,54.70000000000001,55.04000000000001,55.100000000000016,55.72000000000001,56.320000000000014,56.58000000000001,57.16000000000001,57.28000000000001,57.82000000000001,57.84000000000001,58.22000000000001,58.72000000000001,59.26000000000001,59.80000000000001,60.16000000000001,60.32000000000001,60.38000000000001,61.52000000000001,61.72000000000001,62.88000000000001,63.30000000000001,63.360000000000014,63.90000000000001,66.02000000000001,67.20000000000002,67.40000000000002,70.14000000000001,70.48000000000002,70.72000000000001,70.92000000000002,71.12000000000002,71.34000000000002,71.82000000000002,72.30000000000003,72.64000000000003,72.90000000000003,73.24000000000004,73.42000000000004,74.14000000000004,74.28000000000004,74.28000000000004,74.48000000000005,75.06000000000004,76.14000000000004,77.52000000000004,78.32000000000004,78.40000000000003,79.02000000000004,79.54000000000003,79.70000000000003,80.24000000000004,80.42000000000004,81.00000000000004,81.00000000000004,81.40000000000005,81.96000000000005,82.40000000000005,83.22000000000004,83.82000000000004,84.38000000000004,84.98000000000003,85.34000000000003,85.42000000000003,88.70000000000003,89.00000000000003,89.34000000000003,89.72000000000003,93.24000000000002,94.08000000000003,95.50000000000003,96.02000000000002,96.06000000000003,97.08000000000003,97.50000000000003,97.56000000000003,98.12000000000003,98.48000000000003,98.78000000000003,99.20000000000003,100.12000000000003,100.20000000000003,100.98000000000003,101.14000000000003,101.92000000000003,101.96000000000004,102.28000000000003,103.44000000000003,104.18000000000002,105.94000000000003,106.58000000000003,109.48000000000003,110.06000000000003,110.34000000000003,110.36000000000003,110.84000000000003,111.10000000000004,111.36000000000004,111.82000000000004,112.00000000000004,112.28000000000004,112.80000000000004,113.40000000000003,114.08000000000004,114.80000000000004,117.10000000000004,117.46000000000004,117.70000000000003,118.00000000000003,118.46000000000002,118.72000000000003,118.82000000000002,119.66000000000003,120.28000000000003,120.80000000000003,121.28000000000003,122.00000000000003,122.40000000000003,122.80000000000004,123.32000000000004,124.40000000000003,124.62000000000003,125.76000000000003,126.12000000000003,126.14000000000003,126.50000000000003,127.54000000000003,127.66000000000004,127.94000000000004,128.28000000000003,128.28000000000003,128.60000000000002,129.76000000000002,130.14000000000001,130.32000000000002,130.74,132.32000000000002,132.66000000000003,133.02000000000004,133.38000000000005,133.78000000000006,134.18000000000006,134.30000000000007,134.34000000000006,134.74000000000007,135.32000000000008,135.36000000000007,135.68000000000006,135.92000000000007,136.12000000000006,136.94000000000005,137.66000000000005,138.20000000000005,138.74000000000004,139.04000000000005,139.52000000000004,139.62000000000003,139.74000000000004,139.90000000000003,139.94000000000003,140.50000000000003,140.64000000000001,141.38000000000002,141.98000000000002,142.16000000000003,142.56000000000003,143.46000000000004,144.00000000000003,144.80000000000004,145.32000000000005,147.40000000000006,147.60000000000005,147.84000000000006,148.02000000000007,148.94000000000005,149.00000000000006
run11,0.24,3.76,3.84,4.52,4.58,5.36,6.78,7.08,7.64,8.56,9.7,10.239999999999998,10.359999999999998,10.699999999999998,10.779999999999998,11.859999999999998,11.919999999999998,12.399999999999999,12.679999999999998,12.919999999999998,12.979999999999999,13.36,13.62,13.819999999999999,13.959999999999999,14.239999999999998,14.959999999999999,15.0,15.46,15.5,16.06,16.439999999999998,16.959999999999997,17.839999999999996,18.319999999999997,18.319999999999997,18.58,19.18,19.68,19.88,20.2,20.82,21.8,22.16,22.16,22.740000000000002,25.580000000000002,26.000000000000004,26.420000000000005,26.580000000000005,26.760000000000005,27.240000000000006,30.920000000000005,31.740000000000006,31.760000000000005,33.88,34.080000000000005,34.28000000000001,34.80000000000001,35.16000000000001,35.54000000000001,35.94000000000001,36.320000000000014,36.640000000000015,37.22000000000001,38.16000000000001,38.62000000000001,39.000000000000014,39.40000000000001,39.72000000000001,39.820000000000014,40.38000000000002,40.960000000000015,41.54000000000001,42.04000000000001,42.40000000000001,42.80000000000001,43.24000000000001,44.08000000000001,44.26000000000001,44.860000000000014,45.680000000000014,45.80000000000001,46.16000000000001,48.40000000000001,49.000000000000014,50.02000000000002,50.66000000000002,50.94000000000002,51.86000000000002,51.96000000000002,52.14000000000002,52.660000000000025,52.96000000000002,53.00000000000002,54.58000000000002,54.90000000000002,55.20000000000002,56.84000000000002,57.08000000000002,57.70000000000002,58.22000000000002,58.52000000000002,58.90000000000002,59.16000000000002,59.960000000000015,60.140000000000015,60.56000000000002,60.90000000000002,62.32000000000002,62.92000000000002,63.14000000000002,63.68000000000002,64.06000000000002,64.20000000000002,64.68000000000002,65.22000000000003,65.62000000000003,66.04000000000003,66.58000000000004,66.78000000000004,66.84000000000005,67.18000000000005,67.54000000000005,67.88000000000005,67.96000000000005,68.76000000000005,69.10000000000005,69.28000000000006,69.44000000000005,69.86000000000006,72.16000000000005,72.30000000000005,72.44000000000005,73.00000000000006,73.02000000000005,73.76000000000005,74.70000000000005,75.16000000000004,75.20000000000005,75.60000000000005,76.44000000000005,76.78000000000006,76.90000000000006,77.20000000000006,77.24000000000007,80.52000000000007,84.22000000000007,85.02000000000007,85.74000000000007,86.10000000000007,87.26000000000006,88.08000000000006,89.22000000000006,89.58000000000006,90.10000000000005,90.88000000000005,91.18000000000005,91.72000000000006,92.04000000000005,93.08000000000006,93.12000000000006,93.52000000000007,93.52000000000007,93.68000000000006,93.96000000000006,94.40000000000006,96.16000000000007,96.36000000000007,96.78000000000007,96.84000000000007,97.26000000000008,97.50000000000007,99.58000000000007,99.84000000000007,100.20000000000007,100.80000000000007,101.52000000000007,102.06000000000007,102.52000000000007,102.56000000000007,105.46000000000008,105.96000000000008,106.44000000000008,106.96000000000008,107.00000000000009,107.02000000000008,107.96000000000008,108.16000000000008,108.78000000000009,109.60000000000008,110.34000000000007,111.98000000000008,112.50000000000007,113.30000000000007,113.92000000000007,114.18000000000008,114.78000000000007,114.84000000000007,115.48000000000008,116.64000000000007,117.12000000000008,117.68000000000008,118.76000000000008,119.04000000000008,119.48000000000008,120.66000000000008,120.76000000000008,121.02000000000008,121.46000000000008,121.74000000000008,122.42000000000009,122.9600000000001,123.1600000000001,123.2000000000001,123.7600000000001,124.1800000000001,124.9000000000001,125.3600000000001,125.8400000000001,126.4200000000001,126.5400000000001,129.28000000000011,130.0000000000001,130.2200000000001,130.56000000000012,130.68000000000012,130.96000000000012,131.80000000000013,135.5000000000001,135.8800000000001,136.2200000000001,136.9400000000001,137.84000000000012,138.20000000000013,138.74000000000012,139.02000000000012,139.56000000000012,139.86000000000013,141.02000000000012,141.04000000000013,141.14000000000013,144.66000000000014,145.14000000000013,147.26000000000013,147.34000000000015,147.72000000000014,147.90000000000015,147.90000000000015,148.30000000000015,148.86000000000016
run12,0.16000000000000003,0.45999999999999985,3.9799999999999995,4.1,5.039999999999999,5.299999999999999,5.339999999999999,5.539999999999999,6.02,6.3,8.54,8.639999999999999,8.68,9.02,9.1,9.62,9.799999999999999,10.36,12.66,13.18,15.299999999999999,15.579999999999998,18.419999999999998,18.68,19.06,19.259999999999998,19.68,19.72,19.86,20.06,20.4,20.86,21.22,21.34,21.6,22.42,22.880000000000003,23.220000000000002,23.400000000000002,23.720000000000002,24.180000000000003,24.280000000000005,24.660000000000004,27.940000000000005,29.100000000000005,29.360000000000007,30.080000000000005,30.560000000000006,31.140000000000008,31.540000000000006,32.080000000000005,32.14000000000001,32.440000000000005,33.580000000000005,33.760000000000005,34.260000000000005,34.68000000000001,36.10000000000001,36.400000000000006,36.96000000000001,37.48000000000001,38.62000000000001,39.06000000000001,39.42000000000001,39.66000000000001,39.84000000000001,40.78000000000001,41.040000000000006,41.46000000000001,41.80000000000001,42.08000000000001,43.66000000000001,44.82000000000001,45.220000000000006,45.720000000000006,49.42000000000001,50.02000000000001,50.60000000000001,52.24000000000001,53.26000000000001,54.24000000000001,54.58000000000001,54.780000000000015,55.40000000000001,56.320000000000014,56.740000000000016,57.52000000000002,58.30000000000002,58.460000000000015,59.26000000000001,59.30000000000001,60.04000000000001,60.40000000000001,60.740000000000016,61.16000000000002,61.76000000000002,62.40000000000002,62.40000000000002,62.96000000000002,63.380000000000024,63.42000000000002,64.24000000000002,64.96000000000002,65.14000000000003,65.24000000000002,65.44000000000003,66.16000000000003,66.68000000000002,66.72000000000003,68.36000000000003,68.84000000000003,69.26000000000003,70.20000000000003,70.68000000000004,70.96000000000004,71.34000000000003,71.66000000000003,73.04000000000002,73.64000000000001,73.88000000000001,74.34,74.88000000000001,75.16000000000001,75.54,75.56,76.06,76.58,77.38,77.44,78.0,78.44,81.34,81.42,81.84,82.38000000000001,82.92000000000002,83.52000000000001,83.78000000000002,84.62000000000002,84.94000000000001,85.10000000000001,85.30000000000001,86.02000000000001,88.76,88.84,88.88000000000001,89.34,90.06,90.12,90.30000000000001,90.58000000000001,90.98000000000002,91.46000000000002,91.46000000000002,92.00000000000003,92.58000000000003,93.32000000000002,93.80000000000003,93.84000000000003,94.20000000000003,94.22000000000003,94.82000000000002,95.22000000000003,95.26000000000003,95.64000000000003,95.96000000000002,96.34000000000002,96.86000000000001,97.16000000000001,97.52000000000001,98.32000000000001,98.38000000000001,98.9,99.14,99.46,100.0,100.58,100.78,100.94,101.22,101.22,101.84,102.28,102.66,103.2,104.02,104.94,105.16,105.39999999999999,105.88,106.28,106.28,106.96000000000001,107.32000000000001,107.68,107.72000000000001,108.28000000000002,108.42000000000002,108.56000000000002,109.24000000000002,109.96000000000002,110.78000000000002,111.08000000000001,112.50000000000001,113.58000000000001,114.76000000000002,114.78000000000002,114.90000000000002,115.20000000000002,115.84000000000002,116.20000000000002,116.30000000000001,118.06000000000002,118.62000000000002,119.02000000000002,119.32000000000002,123.02000000000002,123.10000000000002,123.46000000000002,123.74000000000002,127.42000000000002,127.96000000000002,128.3,128.36,129.16000000000003,130.04000000000002,130.16000000000003,130.78000000000003,131.16000000000003,131.28000000000003,131.30000000000004,132.38000000000005,132.78000000000006,133.40000000000006,134.24000000000007,134.62000000000006,135.22000000000006,135.76000000000005,136.92000000000004,137.36000000000004,137.92000000000004,138.12000000000003,138.26000000000002,138.84000000000003,139.68000000000004,143.20000000000005,144.24000000000004,144.58000000000004,146.66000000000005,146.72000000000006,148.84000000000006
run13,0.3599999999999999,0.8799999999999999,1.2799999999999998,1.3199999999999998,1.3199999999999998,1.64,1.7599999999999998,1.7799999999999998,1.7799999999999998,2.5999999999999996,2.6199999999999997,2.8599999999999994,3.2199999999999993,3.2799999999999994,3.6999999999999993,4.039999999999999,4.499999999999999,5.099999999999999,5.3199999999999985,5.499999999999998,5.8199999999999985,6.379999999999998,6.659999999999998,7.179999999999998,7.719999999999998,7.839999999999998,7.899999999999999,8.62,8.719999999999999,10.36,12.0,12.4,12.98,13.46,14.100000000000001,14.780000000000001,15.080000000000002,15.480000000000002,15.840000000000002,16.3,17.04,17.48,17.54,17.8,21.08,21.4,21.759999999999998,21.959999999999997,22.339999999999996,22.819999999999997,24.239999999999995,24.559999999999995,25.379999999999995,25.479999999999997,26.099999999999998,26.619999999999997,27.24,28.04,29.619999999999997,30.04,30.48,30.48,31.3,31.64,32.58,33.1,33.440000000000005,33.620000000000005,33.82000000000001,34.32000000000001,34.50000000000001,35.220000000000006,36.10000000000001,36.94000000000001,37.48000000000001,37.78000000000001,39.20000000000001,39.72000000000001,40.100000000000016,40.680000000000014,41.22000000000001,41.30000000000001,41.58000000000001,41.94000000000001,42.08000000000001,42.34000000000001,44.64000000000001,45.040000000000006,45.56000000000001,46.28000000000001,49.98000000000001,50.320000000000014,50.38000000000002,51.100000000000016,51.44000000000002,52.00000000000002,52.08000000000002,52.76000000000002,52.96000000000002,53.160000000000025,53.78000000000002,57.300000000000026,57.90000000000003,58.50000000000003,58.90000000000003,59.380000000000024,60.18000000000002,60.22000000000002,60.68000000000002,60.86000000000002,61.42000000000002,61.90000000000002,61.92000000000002,62.340000000000025,63.50000000000003,63.760000000000026,64.06000000000003,64.42000000000003,64.84000000000003,65.40000000000003,66.34000000000003,66.94000000000003,67.14000000000003,67.34000000000003,67.54000000000003,68.28000000000003,68.74000000000002,69.10000000000002,70.86000000000003,71.48000000000003,72.02000000000004,72.30000000000004,72.58000000000004,73.48000000000005,73.82000000000005,74.42000000000004,74.92000000000004,75.20000000000005,75.74000000000005,75.78000000000006,76.32000000000006,76.36000000000007,76.54000000000008,76.70000000000007,76.98000000000008,79.06000000000007,79.56000000000007,79.58000000000007,80.38000000000007,80.56000000000007,80.70000000000007,80.74000000000008,84.44000000000008,84.82000000000008,85.74000000000008,86.22000000000008,86.42000000000009,86.80000000000008,87.52000000000008,88.10000000000008,88.22000000000008,88.46000000000008,89.48000000000008,89.84000000000007,89.88000000000008,90.12000000000008,90.42000000000007,90.72000000000007,91.52000000000007,91.56000000000007,91.96000000000008,92.74000000000008,93.78000000000009,94.20000000000009,94.30000000000008,94.72000000000008,96.84000000000009,98.0200000000001,98.4600000000001,98.76000000000009,101.6600000000001,102.04000000000009,102.5200000000001,102.7800000000001,103.9200000000001,104.2400000000001,104.84000000000009,105.3800000000001,106.32000000000009,107.04000000000009,107.32000000000009,107.42000000000009,107.98000000000009,111.50000000000009,113.74000000000008,114.90000000000008,115.48000000000008,115.96000000000008,116.42000000000007,120.10000000000008,121.26000000000008,121.68000000000008,121.82000000000008,122.46000000000008,124.58000000000008,124.96000000000008,125.52000000000008,125.56000000000009,126.1000000000001,126.9400000000001,127.1000000000001,127.18000000000009,127.7400000000001,127.7800000000001,128.3600000000001,129.4400000000001,132.28000000000011,132.40000000000012,133.18000000000012,133.58000000000013,133.96000000000012,134.18000000000012,134.46000000000012,134.84000000000012,135.36000000000013,135.68000000000012,135.76000000000013,136.30000000000013,136.70000000000013,136.70000000000013,137.00000000000014,137.04000000000013,137.28000000000014,140.02000000000015,140.50000000000014,140.76000000000013,141.74000000000012,142.08000000000013,142.24000000000012,142.62000000000012,144.0000000000001,144.4200000000001,144.4800000000001,144.5400000000001,145.62000000000012,146.5400000000001,146.6600000000001,146.8000000000001,147.94000000000008,148.3000000000001,148.7400000000001
run14,0.52,1.2599999999999998,1.4199999999999997,1.6199999999999997,1.7599999999999998,1.7599999999999998,1.7599999999999998,2.8999999999999995,3.2599999999999993,3.599999999999999,3.919999999999999,4.239999999999999,4.959999999999999,4.959999999999999,5.459999999999999,5.759999999999999,6.339999999999999,7.919999999999999,8.239999999999998,9.279999999999998,9.739999999999998,10.559999999999999,10.739999999999998,11.219999999999999,11.559999999999999,11.919999999999998,12.219999999999999,12.759999999999998,13.179999999999998,13.699999999999998,13.899999999999997,14.199999999999996,15.019999999999996,15.419999999999996,16.319999999999997,16.759999999999998,17.599999999999998,18.139999999999997,18.439999999999998,18.86,19.0,19.36,19.96,20.54,21.919999999999998,22.119999999999997,22.58,23.72,27.24,27.36,27.46,28.3,28.580000000000002,28.98,29.7,29.82,30.240000000000002,30.6,31.080000000000002,31.64,32.160000000000004,32.64,33.18,33.66,34.199999999999996,34.72,35.3,35.4,35.78,36.300000000000004,36.34,36.46,36.800000000000004,37.6,38.24,38.620000000000005,38.980000000000004,39.580000000000005,40.18000000000001,40.900000000000006,41.040000000000006,41.480000000000004,41.580000000000005,41.78000000000001,42.220000000000006,42.52,42.92,45.0,45.34,46.32,46.38,46.440000000000005,46.82000000000001,47.00000000000001,47.64000000000001,48.32000000000001,49.400000000000006,49.660000000000004,49.74,50.080000000000005,50.220000000000006,50.60000000000001,50.96000000000001,51.02000000000001,51.44000000000001,51.48000000000001,53.12000000000001,53.40000000000001,53.58000000000001,53.94000000000001,54.88000000000001,55.32000000000001,55.800000000000004,56.52,56.540000000000006,57.260000000000005,57.74,58.0,58.2,58.28,58.800000000000004,59.620000000000005,59.64000000000001,62.38000000000001,63.32000000000001,65.56,65.60000000000001,65.82000000000001,66.00000000000001,66.38000000000001,67.12,67.36,67.9,68.16000000000001,68.44000000000001,69.24000000000001,70.66000000000001,70.9,71.46000000000001,71.52000000000001,71.86000000000001,71.88000000000001,72.28000000000002,72.54000000000002,72.60000000000002,72.88000000000002,73.48000000000002,74.26000000000002,74.80000000000003,78.32000000000002,79.20000000000002,79.78000000000002,80.18000000000002,80.72000000000003,80.78000000000003,80.98000000000003,81.02000000000004,81.62000000000003,81.80000000000004,82.18000000000004,82.74000000000004,82.78000000000004,84.90000000000005,85.44000000000005,85.48000000000006,85.50000000000006,85.90000000000006,86.28000000000006,86.96000000000006,88.14000000000007,88.94000000000007,91.06000000000007,91.48000000000008,92.30000000000007,92.72000000000007,94.48000000000008,94.74000000000008,95.68000000000008,96.24000000000008,99.14000000000009,99.42000000000009,100.04000000000009,100.14000000000009,100.70000000000009,101.50000000000009,102.00000000000009,104.30000000000008,104.34000000000009,104.64000000000009,104.88000000000008,105.48000000000008,105.94000000000007,106.28000000000007,109.98000000000008,110.06000000000007,110.24000000000008,110.52000000000008,110.80000000000008,111.20000000000009,111.40000000000009,111.64000000000009,112.16000000000008,112.48000000000008,112.68000000000008,113.16000000000008,114.32000000000008,114.74000000000008,115.76000000000008,116.38000000000008,116.50000000000009,117.00000000000009,119.84000000000009,119.9600000000001,120.8000000000001,121.3600000000001,122.1400000000001,125.8200000000001,126.16000000000011,126.46000000000011,126.50000000000011,126.76000000000012,127.30000000000013,127.52000000000012,127.88000000000012,128.36000000000013,128.82000000000014,129.54000000000013,133.24000000000012,134.1600000000001,134.5400000000001,134.5400000000001,134.8600000000001,135.4800000000001,135.8000000000001,136.4200000000001,136.8200000000001,137.40000000000012,137.86000000000013,138.24000000000012,141.52000000000012,141.68000000000012,142.84000000000012,144.0000000000001,145.6400000000001,145.8000000000001,145.9600000000001,147.38000000000008,147.80000000000007,148.88000000000008,149.80000000000007,149.88000000000008
run15,0.28,0.33999999999999997,0.64,2.2800000000000002,3.22,3.7,4.16,4.2,6.32,6.62,7.44,7.760000000000001,7.780000000000001,8.38,9.52,10.02,10.379999999999999,10.999999999999998,11.499999999999998,14.399999999999999,14.639999999999999,14.94,15.36,15.7,15.76,16.12,16.44,17.42,18.14,18.18,18.72,18.74,19.24,19.599999999999998,20.04,20.06,20.66,20.8,20.900000000000002,21.26,21.26,21.740000000000002,22.160000000000004,22.760000000000005,26.440000000000005,26.520000000000003,27.120000000000005,27.860000000000003,27.900000000000002,28.320000000000004,31.840000000000003,32.2,32.2,32.480000000000004,33.300000000000004,34.46000000000001,35.24000000000001,35.52000000000001,36.24000000000001,36.36000000000001,37.300000000000004,37.34,37.88,38.080000000000005,38.28000000000001,39.70000000000001,40.10000000000001,40.52000000000001,41.12000000000001,41.320000000000014,41.94000000000001,42.06000000000001,42.50000000000001,42.88000000000001,43.040000000000006,43.580000000000005,43.96000000000001,44.24000000000001,44.66000000000001,45.12000000000001,45.84000000000001,46.32000000000001,46.440000000000005,46.720000000000006,47.34,47.900000000000006,48.46000000000001,48.88000000000001,49.96000000000001,50.10000000000001,50.44000000000001,50.72000000000001,51.52000000000001,51.90000000000001,52.640000000000015,52.66000000000002,52.70000000000002,53.180000000000014,53.600000000000016,53.960000000000015,54.30000000000002,54.70000000000002,58.22000000000001,58.56000000000002,58.56000000000002,59.12000000000002,59.90000000000002,59.94000000000002,60.50000000000002,61.18000000000002,61.50000000000002,62.04000000000002,62.36000000000002,64.12000000000002,64.72000000000001,65.10000000000001,65.94000000000001,66.20000000000002,67.04000000000002,67.22000000000003,67.58000000000003,67.76000000000003,68.58000000000003,68.58000000000003,68.64000000000003,69.00000000000003,69.04000000000003,69.62000000000003,70.00000000000003,70.20000000000003,70.50000000000003,70.90000000000003,70.98000000000003,72.62000000000003,73.34000000000003,73.82000000000004,74.30000000000004,74.34000000000005,75.02000000000005,75.38000000000005,75.92000000000006,76.14000000000006,76.34000000000006,76.88000000000007,77.16000000000007,77.36000000000007,77.88000000000007,78.82000000000006,79.38000000000007,79.78000000000007,80.30000000000007,80.62000000000006,81.16000000000007,81.54000000000006,81.78000000000006,82.68000000000006,82.76000000000006,82.86000000000006,83.20000000000006,83.44000000000005,83.84000000000006,84.92000000000006,85.04000000000006,85.44000000000007,86.02000000000007,86.48000000000006,88.72000000000006,89.18000000000005,89.80000000000005,89.92000000000006,90.72000000000006,91.16000000000005,92.58000000000006,93.10000000000005,93.66000000000005,94.30000000000005,94.56000000000006,94.84000000000006,95.64000000000006,96.22000000000006,96.32000000000005,96.40000000000005,96.92000000000004,97.18000000000005,98.56000000000004,98.60000000000005,98.76000000000005,99.06000000000004,100.22000000000004,100.40000000000005,101.98000000000005,104.10000000000005,104.48000000000005,104.82000000000005,104.88000000000005,105.42000000000006,106.34000000000006,109.18000000000006,109.70000000000006,110.10000000000007,110.30000000000007,110.36000000000007,111.00000000000007,111.52000000000007,111.74000000000007,114.48000000000006,115.20000000000006,116.08000000000006,116.92000000000006,117.50000000000006,118.30000000000005,118.54000000000005,118.80000000000005,119.18000000000005,119.62000000000005,120.44000000000004,124.14000000000004,127.84000000000005,128.02000000000004,128.40000000000003,128.46000000000004,128.98000000000005,129.16000000000005,129.50000000000006,129.92000000000004,130.46000000000004,130.50000000000003,131.52000000000004,133.60000000000005,133.90000000000006,134.00000000000006,134.32000000000005,135.24000000000004,136.38000000000002,136.72000000000003,136.98000000000002,137.28000000000003,137.74000000000004,141.02000000000004,141.28000000000003,141.42000000000002,142.00000000000003,143.16000000000003,143.88000000000002,144.04000000000002,144.20000000000002,144.4,144.96,145.44,145.57999999999998,145.98
run16,0.64,0.8600000000000001,0.9800000000000001,1.58,1.9000000000000001,2.04,2.16,2.54,3.08,3.44,3.9,4.72,5.08,6.84,7.56,8.12,8.66,9.2,9.399999999999999,9.479999999999999,10.86,11.059999999999999,11.78,12.799999999999999,13.219999999999999,13.6,14.18,15.0,15.42,15.78,16.34,16.34,16.64,17.22,20.74,21.099999999999998,23.939999999999998,24.659999999999997,24.939999999999998,25.339999999999996,25.739999999999995,26.279999999999994,26.599999999999994,27.419999999999995,27.819999999999993,27.919999999999995,27.979999999999993,28.919999999999995,29.479999999999993,30.89999999999999,31.07999999999999,31.25999999999999,34.15999999999999,35.73999999999999,36.89999999999999,37.33999999999999,37.87999999999999,38.55999999999999,39.01999999999999,39.29999999999999,39.41999999999999,39.499999999999986,40.33999999999999,40.37999999999999,40.859999999999985,41.05999999999999,41.79999999999999,42.19999999999999,42.819999999999986,42.97999999999998,43.33999999999998,43.83999999999998,44.23999999999998,44.37999999999998,44.37999999999998,44.899999999999984,45.039999999999985,45.33999999999998,45.859999999999985,45.95999999999999,46.55999999999999,47.07999999999999,47.71999999999999,48.65999999999999,48.89999999999999,48.919999999999995,49.8,49.8,49.839999999999996,50.13999999999999,52.21999999999999,52.57999999999999,55.31999999999999,55.49999999999999,56.059999999999995,56.12,56.66,57.0,57.04,57.64,58.18,58.78,59.7,60.6,61.0,63.24,63.42,63.46,64.64,65.18,66.0,66.34,67.06,68.2,69.36,69.76,69.94000000000001,70.30000000000001,70.68,70.78,71.28,74.98,75.16000000000001,75.74000000000001,76.16000000000001,76.62,77.0,77.44,80.72,80.84,81.14,81.46,81.75999999999999,82.38,82.64,83.02,83.38,83.89999999999999,84.33999999999999,85.17999999999999,85.67999999999999,86.46,86.74,88.38,88.66,89.08,89.28,89.62,89.82000000000001,89.98,90.44,90.6,91.38,91.75999999999999,91.88,91.89999999999999,92.47999999999999,93.55999999999999,95.19999999999999,95.99999999999999,96.33999999999999,96.33999999999999,96.38,96.8,97.03999999999999,97.63999999999999,97.91999999999999,98.43999999999998,98.91999999999999,99.6,99.97999999999999,100.53999999999999,100.82,101.38,101.42,101.48,105.0,105.46,106.88,107.14,107.46,107.8,108.64,109.8,110.0,111.04,111.60000000000001,112.04,112.44000000000001,112.50000000000001,112.84000000000002,113.36000000000001,113.46000000000001,113.88000000000001,113.9,113.96000000000001,114.68,115.16000000000001,117.28000000000002,117.32000000000002,117.92000000000002,118.18000000000002,118.72000000000003,119.80000000000003,120.54000000000002,120.76000000000002,121.70000000000002,122.12000000000002,122.16000000000003,123.30000000000003,123.62000000000002,124.42000000000002,124.62000000000002,125.42000000000002,125.72000000000001,126.30000000000001,126.68,127.04,127.52000000000001,128.04000000000002,128.52,128.84,129.08,130.0,130.24,130.4,132.52,133.14000000000001,133.20000000000002,133.24,136.94,139.24,139.28,139.54,139.88,140.29999999999998,140.77999999999997,141.15999999999997,141.17999999999998,141.31999999999996,142.29999999999995,143.09999999999997,143.57999999999996,144.29999999999995,144.55999999999995,144.83999999999995,144.91999999999996,145.39999999999995,145.65999999999994,145.73999999999995,145.93999999999994
run17,0.3599999999999999,0.5,0.7,2.08,2.9000000000000004,3.4200000000000004,4.6000000000000005,4.86,5.42,5.4399999999999995,5.4799999999999995,5.68,6.1,6.539999999999999,7.059999999999999,7.599999999999999,7.7799999999999985,8.339999999999998,8.739999999999998,9.099999999999998,9.359999999999998,9.659999999999998,10.259999999999998,10.679999999999998,11.159999999999998,11.339999999999998,11.619999999999997,12.179999999999998,13.599999999999998,13.759999999999998,13.879999999999997,15.639999999999997,16.459999999999997,16.639999999999997,17.799999999999997,18.159999999999997,18.359999999999996,18.439999999999998,18.979999999999997,19.439999999999998,19.639999999999997,19.859999999999996,23.379999999999995,23.479999999999997,23.799999999999997,25.22,25.34,25.98,26.14,26.86,27.04,27.18,27.24,27.58,28.74,29.32,30.14,30.18,30.68,31.22,31.779999999999998,32.099999999999994,32.13999999999999,32.25999999999999,32.73999999999999,33.45999999999999,33.719999999999985,34.05999999999999,34.79999999999999,35.35999999999999,36.15999999999999,36.79999999999999,36.79999999999999,36.85999999999999,37.239999999999995,37.71999999999999,37.75999999999999,38.89999999999999,39.43999999999999,39.79999999999999,40.31999999999999,40.79999999999999,41.87999999999999,42.27999999999999,42.87999999999999,43.039999999999985,43.579999999999984,44.15999999999998,44.259999999999984,44.97999999999998,47.27999999999998,47.81999999999998,48.09999999999998,48.77999999999998,49.17999999999998,49.37999999999998,49.83999999999998,49.899999999999984,50.499999999999986,50.73999999999999,51.01999999999999,51.53999999999999,52.33999999999999,54.45999999999999,54.59999999999999,54.95999999999999,55.41999999999999,56.01999999999999,56.319999999999986,56.91999999999999,58.05999999999999,58.39999999999999,59.33999999999999,59.59999999999999,63.29999999999999,64.02,64.47999999999999,65.32,65.6,67.72,71.0,71.42,71.60000000000001,72.52000000000001,73.10000000000001,73.44000000000001,75.68,75.72000000000001,76.80000000000001,77.08000000000001,77.88000000000001,77.88000000000001,78.00000000000001,78.26000000000002,79.42000000000002,79.44000000000001,79.80000000000001,80.10000000000001,80.42,80.88,81.22,82.06,82.48,82.86,83.06,83.06,83.34,86.86,87.6,88.08,88.52,88.53999999999999,89.44,89.44,89.48,90.10000000000001,90.46000000000001,90.80000000000001,91.04,91.64,92.04,93.08000000000001,93.30000000000001,93.68,94.08000000000001,94.70000000000002,95.28000000000002,95.32000000000002,95.60000000000002,95.66000000000003,96.00000000000003,96.58000000000003,96.96000000000002,97.36000000000003,97.66000000000003,98.08000000000003,98.34000000000003,98.76000000000003,98.88000000000004,99.80000000000004,100.18000000000004,100.28000000000003,100.80000000000003,101.42000000000003,101.80000000000003,102.12000000000002,102.26000000000002,102.46000000000002,102.88000000000002,104.46000000000002,104.50000000000003,104.54000000000003,105.16000000000004,105.40000000000003,105.44000000000004,105.84000000000005,106.16000000000004,107.80000000000004,110.70000000000005,111.24000000000005,111.68000000000005,112.20000000000005,113.04000000000005,113.36000000000004,113.74000000000004,114.46000000000004,114.54000000000003,115.10000000000004,115.92000000000003,115.98000000000003,116.06000000000003,116.22000000000003,117.10000000000002,119.94000000000003,120.24000000000002,120.68000000000002,120.96000000000002,121.46000000000002,121.64000000000003,121.94000000000003,122.36000000000003,122.60000000000002,122.62000000000002,122.82000000000002,123.30000000000003,124.24000000000002,124.96000000000002,126.60000000000002,126.70000000000002,127.10000000000002,129.84000000000003,130.32000000000002,130.84000000000003,131.86000000000004,132.80000000000004,133.16000000000005,135.24000000000007,138.92000000000007,139.60000000000008,139.98000000000008,140.3400000000001,140.4000000000001,140.7000000000001,141.0400000000001,141.5400000000001,142.0800000000001,143.0600000000001,143.8400000000001,144.32000000000008,144.88000000000008,144.9600000000001
run18,0.72,1.1400000000000001,1.4200000000000002,2.46,2.94,2.98,3.04,5.78,6.16,6.96,7.16,7.44,7.880000000000001,9.260000000000002,9.600000000000001,9.98,10.3,10.74,11.3,11.64,12.18,12.799999999999999,13.639999999999999,15.219999999999999,15.299999999999999,16.04,16.3,16.7,17.18,17.44,18.060000000000002,18.28,18.740000000000002,22.42,22.560000000000002,22.820000000000004,23.160000000000004,23.840000000000003,24.140000000000004,24.300000000000004,25.140000000000004,25.280000000000005,25.860000000000007,26.140000000000008,26.56000000000001,26.56000000000001,26.98000000000001,27.18000000000001,28.00000000000001,28.34000000000001,29.280000000000012,29.760000000000012,30.32000000000001,30.440000000000012,31.240000000000013,31.48000000000001,31.68000000000001,31.72000000000001,32.02000000000001,32.04000000000001,33.20000000000002,34.100000000000016,34.640000000000015,34.820000000000014,34.84000000000002,35.240000000000016,38.52000000000002,38.56000000000002,38.600000000000016,39.20000000000002,39.80000000000002,40.740000000000016,41.04000000000001,41.62000000000001,42.16000000000001,43.32000000000001,43.68000000000001,43.720000000000006,44.32000000000001,44.400000000000006,46.64000000000001,47.120000000000005,47.300000000000004,47.82000000000001,48.440000000000005,48.720000000000006,49.14000000000001,49.620000000000005,49.96000000000001,50.88000000000001,51.30000000000001,51.680000000000014,55.20000000000002,55.320000000000014,55.820000000000014,55.920000000000016,56.280000000000015,56.38000000000002,56.860000000000014,57.740000000000016,58.12000000000002,58.40000000000002,58.92000000000002,60.00000000000002,60.36000000000002,60.40000000000002,61.32000000000002,61.68000000000002,61.84000000000002,62.320000000000014,62.44000000000001,62.74000000000001,65.64000000000001,66.08000000000001,67.72000000000001,67.90000000000002,68.20000000000002,69.18000000000002,69.52000000000002,70.10000000000002,70.78000000000003,71.10000000000002,73.40000000000002,73.42000000000002,73.66000000000001,74.30000000000001,74.48000000000002,74.60000000000002,74.84000000000002,75.34000000000002,76.12000000000002,76.44000000000001,76.72000000000001,76.94000000000001,77.46000000000001,78.02000000000001,78.84,79.56,81.2,82.96000000000001,83.50000000000001,83.60000000000001,84.00000000000001,84.00000000000001,84.30000000000001,84.76,84.78,85.1,85.74,87.86,88.46,88.91999999999999,89.75999999999999,89.82,90.22,90.26,90.72,90.88,91.14,91.14,91.52,91.6,92.11999999999999,92.67999999999999,93.24,93.52,94.24,94.66,95.02,95.38,95.52,96.66,97.06,97.44,97.7,98.10000000000001,98.62,102.32000000000001,102.68,103.06,103.78,104.6,105.16,105.61999999999999,105.67999999999999,106.82,107.02,107.14,108.56,108.94,109.2,109.72,110.26,110.74000000000001,111.54,111.78,112.18,112.78,113.36,113.4,113.84,114.26,115.42,116.36,116.9,117.22,117.3,117.44,118.17999999999999,118.38,118.42,118.62,119.64,121.72,122.02,122.06,123.48,124.02000000000001,124.20000000000002,124.36000000000001,124.96000000000001,125.78,125.84,126.2,126.26,126.76,127.16000000000001,127.50000000000001,128.06,131.76,132.29999999999998,132.29999999999998,132.49999999999997,132.81999999999996,133.39999999999998,134.17999999999998,134.79999999999998,134.98,136.06,138.9,138.96,141.08,141.8,142.18,145.70000000000002,145.8,146.98000000000002,147.4,147.94,148.3,148.58
run19,0.22000000000000008,1.02,1.1400000000000001,1.8800000000000001,5.58,5.6,5.959999999999999,6.579999999999999,7.119999999999999,8.04,9.2,9.799999999999999,10.479999999999999,11.02,11.32,11.780000000000001,12.32,13.16,13.18,13.219999999999999,13.62,14.139999999999999,14.719999999999999,15.18,15.559999999999999,15.959999999999999,16.84,17.06,17.34,17.72,17.919999999999998,18.279999999999998,18.339999999999996,18.699999999999996,19.179999999999996,19.639999999999997,20.179999999999996,22.419999999999995,22.839999999999996,22.979999999999997,23.539999999999996,23.879999999999995,25.999999999999996,26.199999999999996,26.299999999999997,26.339999999999996,26.879999999999995,27.199999999999996,27.299999999999997,27.74,28.38,31.22,31.599999999999998,31.939999999999998,31.959999999999997,32.08,32.36,32.68,33.08,33.6,34.120000000000005,34.480000000000004,34.800000000000004,35.18000000000001,35.440000000000005,35.86000000000001,36.24000000000001,36.28000000000001,37.32000000000001,37.38000000000001,37.96000000000001,38.38000000000001,38.48000000000001,41.22000000000001,41.280000000000015,41.56000000000002,42.58000000000002,43.06000000000002,43.20000000000002,43.240000000000016,44.320000000000014,44.56000000000002,45.12000000000002,45.240000000000016,45.44000000000002,45.94000000000002,47.36000000000002,47.50000000000002,48.12000000000002,48.36000000000002,48.48000000000002,48.82000000000002,48.82000000000002,52.34000000000002,52.640000000000015,54.02000000000002,54.80000000000002,55.22000000000002,55.80000000000002,56.640000000000015,57.04000000000001,57.600000000000016,58.20000000000002,58.40000000000002,58.66000000000002,58.68000000000002,59.22000000000002,59.560000000000024,59.82000000000002,60.14000000000002,60.30000000000002,61.22000000000002,61.40000000000002,62.38000000000002,62.90000000000002,63.70000000000002,64.34000000000002,64.52000000000002,64.72000000000003,64.76000000000003,65.20000000000003,65.92000000000003,66.06000000000003,66.36000000000003,66.64000000000003,67.80000000000003,68.24000000000002,68.76000000000002,69.12000000000002,69.30000000000003,69.38000000000002,71.46000000000002,72.40000000000002,72.40000000000002,72.44000000000003,75.34000000000003,75.72000000000003,75.92000000000003,76.74000000000002,77.04000000000002,77.64000000000001,79.76000000000002,81.34000000000002,85.04000000000002,86.18000000000002,86.44000000000003,86.52000000000002,86.88000000000002,87.12000000000002,87.66000000000003,87.78000000000003,88.32000000000004,88.36000000000004,88.74000000000004,89.32000000000004,89.64000000000003,89.92000000000003,90.12000000000003,90.84000000000003,91.56000000000003,91.82000000000004,92.02000000000004,92.50000000000004,92.90000000000005,93.46000000000005,93.80000000000005,94.40000000000005,94.92000000000004,96.34000000000005,97.18000000000005,97.90000000000005,98.30000000000005,98.40000000000005,98.92000000000004,99.20000000000005,99.24000000000005,99.24000000000005,99.86000000000006,100.28000000000006,101.00000000000006,101.32000000000005,101.50000000000006,102.32000000000005,102.60000000000005,102.66000000000005,103.02000000000005,103.50000000000006,104.12000000000006,104.60000000000007,105.20000000000006,105.94000000000005,106.44000000000005,106.90000000000005,107.14000000000004,107.68000000000005,107.76000000000005,108.92000000000004,108.98000000000005,109.16000000000005,109.58000000000006,110.04000000000005,110.46000000000005,110.94000000000005,111.10000000000005,111.58000000000006,111.92000000000006,112.82000000000006,113.62000000000006,115.26000000000006,115.30000000000007,115.98000000000008,116.42000000000007,118.06000000000007,118.88000000000007,119.18000000000006,119.58000000000007,121.88000000000007,122.44000000000007,122.78000000000007,123.20000000000007,126.88000000000008,128.0600000000001,131.3400000000001,131.5200000000001,131.5600000000001,131.9200000000001,132.4000000000001,132.7000000000001,132.9600000000001,134.10000000000008,135.04000000000008,135.42000000000007,136.00000000000009,136.38000000000008,136.7800000000001,137.2800000000001,137.5600000000001,138.2800000000001,138.88000000000008,139.44000000000008,139.8000000000001,139.9600000000001,140.5200000000001,140.6000000000001,142.3600000000001,142.4200000000001,142.7200000000001,146.24000000000012,146.24000000000012,147.02000000000012,148.10000000000014
run20,0.04000000000000015,0.7600000000000001,1.02,1.04,1.1600000000000001,3.28,3.5599999999999996,4.699999999999999,5.199999999999999,6.219999999999999,6.499999999999999,6.759999999999999,8.52,8.82,9.200000000000001,10.040000000000001,10.46,11.0,11.26,11.7,12.16,12.58,13.16,13.32,13.74,14.26,14.379999999999999,14.54,15.12,15.18,15.74,16.3,17.68,17.78,18.16,18.88,19.52,19.88,20.7,21.08,21.88,22.36,26.04,26.04,26.14,27.22,27.82,28.98,29.52,29.88,30.2,30.74,30.919999999999998,31.22,31.4,32.24,32.64,32.980000000000004,33.160000000000004,33.46,34.38,34.440000000000005,34.86000000000001,35.400000000000006,35.68000000000001,36.260000000000005,37.24,38.38,38.86,38.94,41.779999999999994,42.339999999999996,45.08,45.12,45.199999999999996,45.49999999999999,45.63999999999999,45.85999999999999,46.21999999999999,46.25999999999999,46.51999999999999,47.59999999999999,48.219999999999985,49.259999999999984,49.859999999999985,50.219999999999985,50.41999999999999,50.719999999999985,50.719999999999985,51.27999999999999,51.59999999999999,51.73999999999999,52.139999999999986,52.51999999999999,52.61999999999999,53.33999999999999,53.59999999999999,53.79999999999999,56.69999999999999,57.41999999999999,58.19999999999999,58.39999999999999,58.87999999999999,59.19999999999999,60.07999999999999,61.49999999999999,61.699999999999996,62.16,62.779999999999994,63.12,63.279999999999994,63.8,64.96,65.0,65.8,65.82,65.94,66.08,66.64,66.76,67.12,67.60000000000001,68.08000000000001,69.00000000000001,69.36000000000001,69.40000000000002,69.96000000000002,70.64000000000003,71.36000000000003,71.56000000000003,72.10000000000004,72.44000000000004,72.46000000000004,73.06000000000003,73.10000000000004,73.48000000000003,73.78000000000003,74.14000000000003,74.70000000000003,75.28000000000003,76.22000000000003,76.62000000000003,76.96000000000004,77.02000000000004,77.26000000000003,77.36000000000003,77.66000000000003,78.06000000000003,78.68000000000004,79.12000000000003,80.54000000000003,80.88000000000004,81.36000000000004,82.30000000000004,82.84000000000005,83.00000000000004,83.64000000000004,85.76000000000005,86.94000000000005,87.38000000000005,87.42000000000006,88.16000000000005,88.64000000000006,89.22000000000006,89.50000000000006,91.80000000000005,92.48000000000006,92.76000000000006,93.58000000000006,96.86000000000006,97.24000000000005,97.78000000000006,98.16000000000005,98.58000000000006,98.72000000000006,99.24000000000005,100.06000000000004,100.44000000000004,100.84000000000005,101.26000000000005,101.32000000000005,103.40000000000005,103.82000000000005,104.22000000000006,104.24000000000005,104.24000000000005,104.62000000000005,106.86000000000004,107.70000000000005,109.28000000000004,109.56000000000004,110.50000000000004,110.50000000000004,110.82000000000004,110.88000000000004,111.08000000000004,111.58000000000004,112.10000000000004,112.22000000000004,112.68000000000004,113.20000000000003,113.44000000000003,114.04000000000002,114.36000000000001,114.62000000000002,115.22000000000001,115.26000000000002,115.46000000000002,115.66000000000003,116.38000000000002,116.46000000000002,116.86000000000003,117.68000000000002,118.10000000000002,121.80000000000003,125.50000000000003,125.54000000000003,126.14000000000003,126.48000000000003,127.28000000000003,130.80000000000004,131.96000000000004,132.00000000000003,132.24000000000004,132.76000000000005,133.56000000000006,135.20000000000005,135.56000000000006,135.90000000000006,136.12000000000006,136.52000000000007,137.30000000000007,137.54000000000008,137.82000000000008,138.10000000000008,138.60000000000008,138.9600000000001,139.1400000000001,140.7800000000001,141.4000000000001,141.5800000000001,142.1200000000001,142.60000000000008,142.92000000000007,143.46000000000006,143.64000000000007,144.54000000000008,144.98000000000008,145.72000000000008,145.8000000000001,146.1400000000001
run21,1.02,1.18,1.72,1.7600000000000002,2.58,3.16,3.6,3.64,4.2,4.8,4.9399999999999995,5.299999999999999,6.719999999999999,7.079999999999998,7.419999999999998,7.559999999999998,8.039999999999997,8.599999999999998,8.699999999999998,8.719999999999997,10.359999999999998,10.839999999999998,11.439999999999998,11.739999999999998,12.779999999999998,16.479999999999997,20.159999999999997,20.359999999999996,20.939999999999998,21.419999999999998,21.72,22.08,22.099999999999998,24.939999999999998,24.999999999999996,25.619999999999997,26.019999999999996,26.559999999999995,28.859999999999996,29.579999999999995,29.799999999999994,30.219999999999995,30.959999999999994,31.799999999999994,32.31999999999999,32.67999999999999,33.239999999999995,35.31999999999999,35.43999999999999,38.71999999999999,40.099999999999994,40.279999999999994,40.99999999999999,41.519999999999996,41.779999999999994,42.16,43.099999999999994,44.019999999999996,44.48,44.66,45.8,45.86,46.14,46.72,46.76,47.239999999999995,47.63999999999999,48.239999999999995,51.75999999999999,52.13999999999999,52.31999999999999,52.85999999999999,53.01999999999999,53.73999999999999,54.01999999999999,54.819999999999986,56.93999999999998,57.65999999999998,57.859999999999985,58.79999999999998,59.33999999999998,59.83999999999998,60.039999999999985,60.23999999999999,60.61999999999999,60.87999999999999,61.05999999999999,61.39999999999999,61.49999999999999,61.699999999999996,61.959999999999994,62.35999999999999,62.99999999999999,63.11999999999999,63.93999999999999,64.32,64.61999999999999,64.88,65.17999999999999,66.16,66.44,66.78,66.8,67.11999999999999,67.53999999999999,67.94,68.08,68.32,68.91999999999999,71.15999999999998,71.71999999999998,72.03999999999998,72.23999999999998,72.43999999999998,72.47999999999999,72.66,72.7,72.78,73.58,73.92,74.3,74.36,74.72,75.06,75.38,76.1,77.25999999999999,77.38,77.8,78.06,78.84,79.24000000000001,79.26,79.74000000000001,79.80000000000001,80.08000000000001,80.60000000000001,81.42,82.3,82.92,83.36,83.4,83.48,84.0,84.38,85.32,85.6,86.41999999999999,87.01999999999998,87.13999999999999,87.93999999999998,88.61999999999999,88.83999999999999,89.15999999999998,89.19999999999999,89.25999999999999,89.89999999999999,89.97999999999999,90.6,91.5,91.86,92.36,93.54,93.82000000000001,95.24000000000001,95.64000000000001,96.12000000000002,96.24000000000002,96.84000000000002,98.60000000000002,98.90000000000002,99.46000000000002,100.54000000000002,100.96000000000002,101.36000000000003,101.82000000000002,102.36000000000003,102.82000000000002,102.82000000000002,103.14000000000001,103.68000000000002,106.58000000000003,107.00000000000003,107.42000000000003,107.86000000000003,108.38000000000002,108.76000000000002,109.20000000000002,109.50000000000001,109.60000000000001,109.76,110.18,111.76,111.82000000000001,112.96000000000001,116.48,116.48,117.0,117.56,117.56,117.92,118.60000000000001,119.76,120.34,120.86,121.64,122.18,122.80000000000001,123.54,124.46000000000001,124.76,124.96000000000001,125.14000000000001,125.48000000000002,125.62000000000002,125.98000000000002,126.52000000000002,126.88000000000002,127.60000000000002,128.18000000000004,130.92000000000004,131.30000000000004,131.76000000000005,132.24000000000004,132.64000000000004,133.18000000000004,133.44000000000003,135.08,135.32000000000002,135.56000000000003,136.64000000000004,137.80000000000004,138.18000000000004,140.30000000000004,140.72000000000003,141.20000000000002,141.20000000000002,141.24,141.70000000000002,141.74,141.9,142.70000000000002,143.20000000000002,143.48000000000002,144.32000000000002,144.66000000000003,144.98000000000002,145.06000000000003,145.34000000000003,145.44000000000003,145.78000000000003
run22,0.17999999999999994,0.4,0.92,1.7200000000000002,2.24,2.3600000000000003,2.4000000000000004,2.4600000000000004,2.9200000000000004,3.0000000000000004,3.3600000000000003,3.9400000000000004,4.5200000000000005,5.32,5.6000000000000005,5.9,6.28,6.82,6.88,7.24,7.24,7.62,8.56,8.58,8.96,9.000000000000002,9.280000000000001,9.740000000000002,9.760000000000002,10.3,10.58,10.98,11.02,11.84,12.219999999999999,12.399999999999999,12.819999999999999,15.059999999999999,15.579999999999998,15.599999999999998,15.999999999999998,16.799999999999997,17.419999999999998,18.36,18.56,18.599999999999998,19.279999999999998,19.619999999999997,20.779999999999998,21.38,22.4,22.52,22.84,23.98,24.7,25.08,25.639999999999997,26.72,27.259999999999998,27.439999999999998,27.86,28.24,31.939999999999998,32.22,33.04,34.2,34.480000000000004,35.46,36.06,36.2,36.32,36.84,37.2,37.64,38.8,40.879999999999995,40.919999999999995,41.12,41.86,42.12,43.54,45.66,45.72,45.839999999999996,45.879999999999995,46.26,46.46,46.68,47.24,47.6,47.96,48.46,48.78,49.14,51.26,51.68,52.26,52.46,53.84,54.78,55.52,55.620000000000005,56.42,56.72,56.879999999999995,57.48,58.059999999999995,58.339999999999996,58.599999999999994,58.63999999999999,59.11999999999999,59.53999999999999,60.17999999999999,60.559999999999995,60.9,61.68,62.4,63.22,63.66,65.3,65.56,65.62,66.18,68.92,69.02,69.08,69.67999999999999,69.99999999999999,70.47999999999999,70.82,71.38,75.08,76.12,76.22,76.38,76.96,77.19999999999999,77.74,78.3,78.6,79.32,79.58,79.78,80.62,80.92,81.42,81.76,81.96000000000001,82.44000000000001,82.9,83.42,83.84,83.84,84.76,85.16000000000001,85.68,86.32000000000001,87.46000000000001,88.06,88.06,88.94,92.22,92.32,93.22,93.3,93.64,93.82000000000001,93.96000000000001,94.58000000000001,95.42000000000002,98.94000000000001,99.28000000000002,100.46000000000002,100.66000000000003,100.92000000000003,101.20000000000003,101.46000000000004,101.86000000000004,105.38000000000004,106.80000000000004,107.52000000000004,107.88000000000004,108.36000000000004,108.78000000000004,109.10000000000004,109.58000000000004,110.66000000000004,111.10000000000004,111.26000000000003,112.08000000000003,112.80000000000003,113.34000000000003,113.74000000000004,114.52000000000004,114.56000000000004,115.10000000000005,118.00000000000006,120.84000000000006,121.14000000000006,121.32000000000006,122.90000000000006,123.32000000000006,123.46000000000006,123.96000000000006,124.44000000000007,124.82000000000006,124.86000000000007,125.10000000000007,125.66000000000007,126.06000000000007,126.68000000000008,126.72000000000008,127.56000000000009,127.76000000000009,131.44000000000008,132.1200000000001,134.4200000000001,134.5600000000001,135.10000000000008,135.70000000000007,135.86000000000007,136.42000000000007,136.96000000000006,137.88000000000005,138.18000000000006,138.18000000000006,138.52000000000007,138.84000000000006,139.46000000000006,139.98000000000008,140.70000000000007,141.24000000000007,141.72000000000006,142.16000000000005,142.24000000000007,142.72000000000006,143.00000000000006,143.36000000000007,143.68000000000006,143.80000000000007,144.04000000000008,144.50000000000009,144.7400000000001,145.1400000000001,146.7800000000001,146.8000000000001,147.1600000000001,147.24000000000012,149.0000000000001,149.40000000000012,149.8200000000001
run23,0.28,0.8600000000000001,3.6000000000000005,4.44,4.94,5.220000000000001,5.340000000000001,5.660000000000001,6.6400000000000015,7.240000000000001,7.800000000000001,8.08,8.48,8.8,9.16,9.16,9.46,9.940000000000001,10.420000000000002,10.760000000000002,10.900000000000002,11.200000000000003,11.720000000000002,12.160000000000002,13.540000000000003,17.060000000000002,17.78,18.36,18.54,19.08,19.56,20.0,20.46,20.8,21.7,22.2,23.12,23.32,23.68,24.3,24.34,24.66,27.5,27.7,27.96,28.16,28.88,29.279999999999998,30.08,30.9,31.279999999999998,32.08,32.48,32.63999999999999,32.739999999999995,33.26,34.04,35.2,35.46,35.480000000000004,35.800000000000004,36.96000000000001,37.50000000000001,38.540000000000006,39.160000000000004,39.50000000000001,40.300000000000004,41.38,41.54,42.0,43.08,43.62,45.26,45.839999999999996,46.66,47.019999999999996,49.26,50.199999999999996,50.459999999999994,50.739999999999995,50.739999999999995,50.8,53.099999999999994,53.53999999999999,54.059999999999995,54.379999999999995,54.98,55.519999999999996,55.54,59.24,59.28,59.7,60.52,62.64,63.160000000000004,63.220000000000006,63.68000000000001,63.84,64.4,64.88000000000001,65.28000000000002,65.36000000000001,65.96000000000001,66.24000000000001,66.38000000000001,66.78000000000002,67.16000000000001,67.60000000000001,67.64000000000001,68.20000000000002,68.62000000000002,68.88000000000002,69.18000000000002,69.26000000000002,69.40000000000002,69.82000000000002,70.18000000000002,70.22000000000003,70.56000000000003,71.36000000000003,71.64000000000003,71.84000000000003,72.40000000000003,72.50000000000003,72.86000000000003,73.08000000000003,73.50000000000003,73.74000000000002,77.26000000000002,78.40000000000002,78.82000000000002,78.88000000000002,79.42000000000003,80.58000000000003,80.62000000000003,81.34000000000003,81.86000000000003,85.56000000000003,85.76000000000003,86.14000000000003,86.74000000000002,87.38000000000002,87.70000000000002,88.04000000000002,91.32000000000002,91.86000000000003,92.22000000000003,92.84000000000003,94.26000000000003,94.98000000000003,95.46000000000004,96.30000000000004,96.42000000000004,96.56000000000004,97.12000000000005,97.76000000000005,98.02000000000005,98.62000000000005,99.14000000000004,99.88000000000004,100.28000000000004,100.64000000000004,100.68000000000005,100.84000000000005,101.32000000000005,101.32000000000005,101.56000000000004,102.70000000000005,106.38000000000005,106.42000000000006,106.96000000000006,107.34000000000006,109.10000000000007,109.40000000000006,110.14000000000006,110.86000000000006,111.10000000000005,111.46000000000005,112.48000000000005,112.52000000000005,112.94000000000005,114.52000000000005,115.06000000000006,115.24000000000007,116.02000000000007,116.50000000000007,117.12000000000008,117.50000000000007,117.52000000000007,117.82000000000006,117.88000000000007,118.22000000000007,118.40000000000008,118.58000000000008,119.08000000000008,119.28000000000009,120.20000000000009,120.72000000000008,121.18000000000008,122.36000000000008,122.66000000000008,123.24000000000008,123.54000000000008,123.96000000000008,124.16000000000008,124.98000000000008,125.18000000000008,125.22000000000008,125.60000000000008,125.84000000000007,125.88000000000008,128.7800000000001,128.8600000000001,130.9800000000001,131.8600000000001,131.8800000000001,132.3000000000001,133.2400000000001,133.50000000000009,133.5600000000001,134.1200000000001,134.4000000000001,134.5800000000001,135.1200000000001,135.1200000000001,135.3400000000001,136.2800000000001,136.66000000000008,137.00000000000009,137.2800000000001,137.76000000000008,137.88000000000008,138.44000000000008,139.86000000000007,139.98000000000008,140.38000000000008,140.76000000000008,142.8400000000001,143.5200000000001,143.6400000000001,144.0200000000001,144.3600000000001,144.7600000000001,144.8200000000001,145.6600000000001,145.74000000000012,145.92000000000013,146.52000000000012,146.62000000000012,147.34000000000012,148.02000000000012
run24,0.0,0.4,1.34,1.8,1.8800000000000001,3.04,3.56,5.68,5.72,9.399999999999999,9.939999999999998,10.319999999999997,10.739999999999997,10.939999999999996,12.319999999999997,12.919999999999996,13.239999999999997,13.359999999999996,13.879999999999995,16.179999999999996,17.079999999999995,17.219999999999995,17.659999999999997,18.739999999999995,19.099999999999994,19.659999999999993,20.379999999999992,20.39999999999999,20.55999999999999,21.339999999999993,21.819999999999993,22.299999999999994,24.379999999999995,24.819999999999997,25.699999999999996,26.079999999999995,26.139999999999993,27.179999999999993,27.57999999999999,30.47999999999999,31.01999999999999,31.15999999999999,31.33999999999999,31.719999999999988,32.23999999999999,34.47999999999999,34.97999999999999,35.17999999999999,35.519999999999996,35.699999999999996,36.519999999999996,36.699999999999996,37.04,38.68,38.68,39.06,39.480000000000004,39.56,40.72,41.0,41.56,42.72,43.18,43.6,44.120000000000005,44.480000000000004,45.06,45.900000000000006,47.480000000000004,47.82000000000001,48.18000000000001,48.18000000000001,48.24000000000001,48.48000000000001,49.20000000000001,49.68000000000001,49.720000000000006,50.300000000000004,54.00000000000001,54.300000000000004,55.1,57.22,57.76,58.18,58.38,58.7,59.18,59.52,62.260000000000005,62.900000000000006,63.28000000000001,64.30000000000001,64.56000000000002,64.84000000000002,64.86000000000001,65.14000000000001,65.86000000000001,66.22000000000001,66.42000000000002,66.54000000000002,67.00000000000001,67.56000000000002,68.48000000000002,68.64000000000001,68.90000000000002,68.94000000000003,69.78000000000003,70.18000000000004,70.78000000000003,71.12000000000003,71.68000000000004,71.82000000000004,72.26000000000003,73.68000000000004,74.60000000000004,74.96000000000004,75.38000000000004,75.74000000000004,76.02000000000004,76.76000000000003,77.08000000000003,77.36000000000003,78.16000000000003,78.44000000000003,78.60000000000002,79.22000000000003,79.60000000000002,80.18000000000002,80.66000000000003,81.06000000000003,81.44000000000003,81.86000000000003,81.96000000000002,82.14000000000003,82.74000000000002,83.34000000000002,83.70000000000002,84.22000000000001,87.74000000000001,88.06,88.32000000000001,88.64,88.7,89.06,89.32000000000001,89.52000000000001,90.10000000000001,90.28000000000002,90.68000000000002,90.80000000000003,90.80000000000003,91.30000000000003,91.34000000000003,92.76000000000003,93.32000000000004,93.84000000000003,94.44000000000003,94.74000000000002,95.04000000000002,95.36000000000001,95.78000000000002,96.32000000000002,96.40000000000002,97.38000000000002,97.92000000000003,97.96000000000004,98.30000000000004,98.64000000000004,98.98000000000005,99.08000000000004,99.36000000000004,100.08000000000004,100.28000000000004,100.48000000000005,100.52000000000005,101.06000000000006,101.46000000000006,101.50000000000007,104.78000000000007,105.32000000000008,105.34000000000007,106.02000000000008,106.38000000000008,108.14000000000009,111.84000000000009,112.66000000000008,113.14000000000009,113.18000000000009,113.5800000000001,114.7200000000001,114.7800000000001,115.3400000000001,116.1400000000001,117.0800000000001,117.8600000000001,118.0800000000001,118.32000000000009,118.62000000000009,118.92000000000009,119.64000000000009,119.68000000000009,121.32000000000009,121.4400000000001,121.9800000000001,122.0000000000001,122.9400000000001,124.0200000000001,124.26000000000009,124.56000000000009,124.70000000000009,125.8800000000001,125.9200000000001,126.3000000000001,126.54000000000009,126.9600000000001,127.5200000000001,128.0600000000001,128.2400000000001,129.0800000000001,129.1800000000001,129.6400000000001,130.7800000000001,131.26000000000008,131.88000000000008,132.00000000000009,132.16000000000008,132.6200000000001,132.88000000000008,133.50000000000009,133.60000000000008,134.22000000000008,135.0200000000001,135.2400000000001,135.7600000000001,136.4000000000001,137.22000000000008,137.48000000000008,138.0600000000001,138.1200000000001,141.6400000000001,142.0200000000001,142.0800000000001,142.9000000000001,143.3400000000001,143.6400000000001,143.9200000000001,144.6000000000001,145.0000000000001,145.5000000000001,146.2200000000001,146.30000000000013
run25,0.32000000000000006,0.5800000000000001,1.06,1.26,1.3599999999999999,1.4,1.7599999999999998,2.36,2.84,3.66,3.92,4.1,4.4799999999999995,5.56,6.039999999999999,6.059999999999999,6.179999999999999,9.459999999999997,11.099999999999998,11.819999999999999,12.759999999999998,12.879999999999997,13.019999999999998,14.039999999999997,14.579999999999998,16.659999999999997,16.919999999999998,17.54,17.9,18.279999999999998,18.619999999999997,19.22,19.58,20.0,20.06,23.58,25.88,26.34,26.44,26.98,27.04,27.82,28.02,28.06,28.799999999999997,29.379999999999995,29.839999999999996,30.119999999999997,30.159999999999997,30.679999999999996,31.359999999999996,31.559999999999995,33.67999999999999,34.519999999999996,34.72,35.06,35.34,35.88,36.160000000000004,36.78,37.08,37.879999999999995,38.459999999999994,38.53999999999999,38.53999999999999,38.93999999999999,40.35999999999999,40.459999999999994,40.61999999999999,41.05999999999999,41.39999999999999,41.79999999999999,42.27999999999999,42.29999999999999,42.45999999999999,42.899999999999984,43.819999999999986,44.37999999999999,44.41999999999999,46.179999999999986,47.33999999999999,47.61999999999999,50.35999999999999,50.61999999999999,50.79999999999999,51.83999999999999,52.15999999999999,52.75999999999999,53.099999999999994,53.699999999999996,57.22,57.26,57.4,57.8,58.0,58.36,58.7,58.92,58.96,60.1,60.14,60.32,61.22,61.94,62.019999999999996,62.279999999999994,62.67999999999999,62.93999999999999,64.52,65.1,65.14,65.72,66.14,66.14,69.84,70.66,71.38,71.8,72.61999999999999,72.75999999999999,73.13999999999999,73.15999999999998,73.31999999999998,73.71999999999998,74.01999999999998,74.47999999999998,74.91999999999997,75.47999999999998,76.19999999999997,76.43999999999997,77.61999999999998,78.11999999999998,78.63999999999997,78.95999999999997,79.31999999999996,79.51999999999997,80.07999999999997,80.39999999999996,80.67999999999996,81.29999999999997,81.93999999999997,82.47999999999998,83.61999999999998,83.91999999999997,84.25999999999998,84.61999999999998,85.35999999999997,85.55999999999997,85.71999999999997,86.01999999999997,86.63999999999997,86.87999999999997,87.15999999999997,87.33999999999997,88.13999999999997,88.53999999999998,88.91999999999997,89.15999999999997,89.95999999999997,92.19999999999996,92.37999999999997,92.43999999999997,92.81999999999996,93.29999999999997,93.97999999999998,94.55999999999997,95.15999999999997,95.49999999999997,95.63999999999997,96.19999999999997,96.91999999999997,97.43999999999997,98.27999999999997,98.81999999999998,99.09999999999998,99.19999999999997,99.23999999999998,99.45999999999998,99.93999999999998,100.21999999999998,100.55999999999999,104.23999999999998,104.67999999999998,105.05999999999997,105.11999999999998,105.13999999999997,106.07999999999997,106.39999999999996,106.51999999999997,109.41999999999997,109.81999999999998,109.87999999999998,110.11999999999998,110.47999999999998,111.41999999999997,111.97999999999998,112.85999999999997,114.23999999999997,114.65999999999997,115.47999999999996,116.01999999999997,116.05999999999997,117.21999999999997,117.69999999999997,118.77999999999997,119.07999999999997,119.49999999999997,119.87999999999997,119.99999999999997,120.19999999999997,120.69999999999997,120.77999999999997,121.55999999999997,122.05999999999997,122.13999999999997,122.67999999999998,123.03999999999998,123.87999999999998,124.25999999999998,124.67999999999998,126.79999999999998,127.35999999999999,127.87999999999998,127.99999999999999,129.64,129.95999999999998,130.51999999999998,130.57999999999998,131.04,132.45999999999998,132.76,133.17999999999998,133.65999999999997,133.65999999999997,134.17999999999998,134.64,138.33999999999997,138.51999999999998,139.04,139.95999999999998,140.37999999999997,141.35999999999996,142.51999999999995,145.35999999999996,145.89999999999995,146.41999999999996,147.05999999999995,147.85999999999996,148.39999999999995,148.99999999999994,149.37999999999994
run26,0.5599999999999998,1.14,2.12,2.46,2.82,3.76,3.88,6.0,6.0600000000000005,7.2,7.640000000000001,8.02,8.28,8.36,8.84,9.32,9.56,9.96,10.280000000000001,11.080000000000002,11.260000000000002,12.060000000000002,12.300000000000002,12.660000000000002,16.18,16.32,16.52,17.44,17.64,19.94,20.3,21.34,21.66,22.12,22.380000000000003,25.660000000000004,26.740000000000002,27.900000000000002,27.94,28.78,28.98,29.1,29.46,29.68,29.86,29.96,30.400000000000002,30.46,30.66,31.18,32.019999999999996,32.559999999999995,32.94,33.54,33.94,33.96,34.42,34.980000000000004,35.02,35.440000000000005,35.660000000000004,36.74,37.2,37.82,38.34,38.38,38.78,39.18,39.5,40.44,40.78,41.26,41.82,42.54,43.32,43.74,46.64,46.8,47.4,47.76,48.16,49.31999999999999,49.779999999999994,51.89999999999999,51.89999999999999,53.31999999999999,53.93999999999999,54.03999999999999,54.29999999999999,54.53999999999999,55.03999999999999,55.75999999999999,56.17999999999999,56.29999999999999,56.59999999999999,56.87999999999999,56.91999999999999,57.11999999999999,57.65999999999999,59.23999999999999,59.79999999999999,60.35999999999999,60.71999999999999,61.35999999999999,61.779999999999994,61.919999999999995,62.03999999999999,62.31999999999999,62.379999999999995,62.9,64.03999999999999,64.46,64.46,65.36,65.66,66.38,66.56,66.86,67.46,68.08,68.44,70.52,71.1,71.58,71.74,72.11999999999999,72.43999999999998,72.57999999999998,73.17999999999998,73.89999999999998,73.97999999999998,74.09999999999998,74.25999999999998,74.51999999999998,75.31999999999998,75.59999999999998,76.27999999999999,76.65999999999998,79.39999999999998,79.59999999999998,80.33999999999997,80.85999999999997,81.35999999999997,85.05999999999997,85.39999999999998,85.99999999999997,86.79999999999997,87.37999999999997,87.63999999999997,88.03999999999998,88.47999999999998,89.49999999999997,89.75999999999998,90.09999999999998,90.49999999999999,90.65999999999998,91.29999999999998,91.89999999999998,91.93999999999998,92.29999999999998,92.49999999999999,92.77999999999999,93.61999999999999,93.69999999999999,94.13999999999999,94.69999999999999,95.51999999999998,95.53999999999998,96.35999999999997,97.03999999999998,97.75999999999998,99.39999999999998,103.07999999999998,103.57999999999998,104.29999999999998,105.11999999999998,105.49999999999997,105.51999999999997,106.39999999999996,106.81999999999996,106.99999999999997,107.53999999999998,108.71999999999998,108.79999999999998,109.33999999999999,109.35999999999999,109.73999999999998,109.77999999999999,110.05999999999999,113.57999999999998,113.91999999999999,113.96,114.38,114.47999999999999,115.05999999999999,115.05999999999999,115.11999999999999,115.43999999999998,115.89999999999998,117.05999999999997,117.57999999999997,117.95999999999997,118.49999999999997,118.97999999999998,119.45999999999998,119.99999999999999,120.29999999999998,120.39999999999998,120.93999999999998,121.35999999999999,121.89999999999999,122.19999999999999,122.77999999999999,122.82,123.17999999999999,123.55999999999999,124.03999999999999,125.8,125.84,126.12,127.5,127.78,128.4,128.4,128.88,129.18,129.52,130.06,130.4,130.92000000000002,131.48000000000002,131.82000000000002,132.00000000000003,132.78000000000003,135.62000000000003,136.14000000000004,137.78000000000003,137.92000000000002,138.86,139.16000000000003,139.20000000000002,139.58,143.28,144.2,144.44,144.62,144.82,147.06,147.12,148.54,148.94
run27,0.5800000000000001,1.1400000000000001,3.9799999999999995,4.8,4.8,5.26,5.62,7.0,7.1,7.14,7.54,7.82,7.84,8.36,8.399999999999999,8.839999999999998,9.359999999999998,9.879999999999997,9.919999999999998,10.179999999999998,10.579999999999998,11.059999999999999,11.459999999999999,12.62,13.16,13.36,13.719999999999999,14.099999999999998,15.019999999999998,15.639999999999997,17.72,18.34,19.98,22.28,23.0,23.54,24.279999999999998,24.4,24.4,25.0,25.38,28.9,28.979999999999997,29.559999999999995,29.999999999999996,30.319999999999997,30.619999999999997,31.08,31.099999999999998,31.7,33.94,34.3,34.779999999999994,35.31999999999999,35.89999999999999,36.83999999999999,37.43999999999999,37.91999999999999,38.999999999999986,39.039999999999985,39.23999999999999,39.499999999999986,40.219999999999985,40.77999999999999,41.819999999999986,41.87999999999999,42.27999999999999,42.639999999999986,43.15999999999999,43.47999999999999,44.01999999999999,44.29999999999999,44.61999999999999,48.31999999999999,48.49999999999999,48.699999999999996,49.019999999999996,50.04,50.56,50.64,51.12,51.8,52.68,54.1,54.92,55.18,55.22,55.64,56.1,56.84,57.220000000000006,57.760000000000005,58.480000000000004,58.78,59.160000000000004,59.220000000000006,59.900000000000006,60.040000000000006,60.660000000000004,61.260000000000005,61.660000000000004,62.080000000000005,62.080000000000005,62.260000000000005,62.7,63.040000000000006,63.88000000000001,64.18,64.38000000000001,64.68,65.4,66.34,66.62,67.42,67.68,68.08000000000001,68.70000000000002,68.74000000000002,69.16000000000003,69.50000000000003,69.60000000000002,70.40000000000002,70.90000000000002,71.02000000000002,71.40000000000002,72.30000000000003,72.72000000000003,75.62000000000003,75.90000000000003,75.96000000000004,77.10000000000004,77.12000000000003,77.52000000000004,78.50000000000004,79.22000000000004,82.90000000000003,83.26000000000003,85.02000000000004,85.24000000000004,85.40000000000003,86.18000000000004,86.52000000000004,87.16000000000004,87.68000000000004,88.24000000000004,88.72000000000004,88.76000000000005,89.60000000000005,89.94000000000005,90.30000000000005,93.82000000000005,94.24000000000005,96.98000000000005,97.12000000000005,97.92000000000004,98.52000000000004,99.34000000000003,99.58000000000003,99.88000000000002,100.42000000000003,100.66000000000003,100.94000000000003,101.02000000000002,101.12000000000002,101.18000000000002,101.74000000000002,102.12000000000002,102.32000000000002,103.16000000000003,103.20000000000003,103.58000000000003,105.00000000000003,105.28000000000003,105.50000000000003,105.96000000000002,106.00000000000003,108.12000000000003,109.28000000000003,110.86000000000003,111.34000000000003,111.66000000000003,112.30000000000003,112.32000000000002,112.68000000000002,113.48000000000002,113.86000000000001,117.14000000000001,117.64000000000001,117.68000000000002,118.40000000000002,118.70000000000002,118.76000000000002,119.58000000000001,120.06000000000002,120.38000000000001,120.74000000000001,121.28000000000002,121.58000000000001,121.84000000000002,122.18000000000002,122.74000000000002,122.92000000000003,123.26000000000003,123.86000000000003,124.06000000000003,124.44000000000003,124.60000000000002,125.78000000000003,126.56000000000003,127.08000000000003,127.26000000000003,127.42000000000003,127.84000000000003,128.32000000000002,128.44000000000003,128.54000000000002,129.08,129.42000000000002,131.54000000000002,135.24,136.16,136.57999999999998,136.57999999999998,136.98,137.48,137.94,138.1,138.29999999999998,138.64,138.76,139.34,139.62,140.16,140.24,140.60000000000002,141.02,141.60000000000002,141.84000000000003,142.78000000000003,142.90000000000003,143.08000000000004,144.72000000000003,145.28000000000003,145.56000000000003,145.76000000000002,145.9,146.04,146.28,147.42,147.48,148.64
run28,0.5800000000000001,0.7200000000000001,0.9800000000000001,1.1600000000000001,1.4800000000000002,1.5600000000000003,1.5800000000000003,2.2,3.04,3.3600000000000003,3.4200000000000004,4.5,4.84,4.96,4.98,5.16,5.36,5.92,6.28,6.82,7.34,7.72,7.88,8.42,8.86,9.459999999999999,10.54,10.94,11.32,12.040000000000001,12.080000000000002,12.440000000000001,12.64,12.64,13.360000000000001,13.680000000000001,14.060000000000002,14.180000000000001,14.700000000000001,14.9,15.280000000000001,15.580000000000002,16.12,16.14,16.52,16.86,17.22,18.02,18.419999999999998,18.88,19.04,19.36,20.34,20.88,22.02,22.759999999999998,23.04,23.04,23.259999999999998,23.74,24.56,24.86,25.58,26.259999999999998,26.779999999999998,26.819999999999997,26.939999999999998,27.299999999999997,28.119999999999997,28.319999999999997,28.599999999999998,28.639999999999997,28.72,28.919999999999998,28.959999999999997,29.24,29.599999999999998,30.02,31.16,31.76,32.32,32.9,35.019999999999996,35.419999999999995,35.48,36.04,36.48,37.64,37.980000000000004,38.800000000000004,39.34,39.86000000000001,41.28000000000001,41.82000000000001,42.440000000000005,42.940000000000005,43.220000000000006,43.46000000000001,43.78000000000001,44.20000000000001,44.56000000000001,44.84000000000001,45.24000000000001,46.08000000000001,46.820000000000014,47.22000000000001,48.16000000000001,48.58000000000001,48.640000000000015,49.100000000000016,49.90000000000001,50.54000000000001,51.06000000000002,52.100000000000016,55.80000000000002,57.18000000000002,57.22000000000002,58.02000000000002,58.240000000000016,58.740000000000016,58.780000000000015,59.40000000000001,61.04000000000001,61.52000000000001,62.32000000000001,63.480000000000004,63.900000000000006,64.74000000000001,65.30000000000001,65.34000000000002,65.46000000000002,65.64000000000003,66.04000000000003,66.38000000000004,66.84000000000003,67.56000000000003,68.16000000000003,68.72000000000003,72.00000000000003,72.26000000000003,72.68000000000004,72.72000000000004,74.14000000000004,77.04000000000005,77.12000000000005,77.60000000000005,77.90000000000005,78.44000000000005,78.92000000000006,81.76000000000006,82.30000000000007,82.66000000000007,83.04000000000006,83.04000000000006,83.38000000000007,83.66000000000007,83.84000000000007,84.62000000000008,84.88000000000008,85.28000000000009,85.66000000000008,86.60000000000008,87.18000000000008,89.92000000000007,89.92000000000007,90.48000000000008,90.90000000000008,91.44000000000008,92.04000000000008,92.76000000000008,93.66000000000008,94.00000000000009,97.68000000000009,97.98000000000009,98.18000000000009,98.28000000000009,98.32000000000009,98.48000000000009,98.9600000000001,101.26000000000009,102.20000000000009,102.44000000000008,103.16000000000008,103.62000000000008,104.30000000000008,104.36000000000008,104.66000000000008,105.44000000000008,105.82000000000008,106.44000000000008,106.72000000000008,107.24000000000008,107.70000000000007,108.30000000000007,108.80000000000007,108.82000000000006,109.12000000000006,109.38000000000007,110.54000000000006,111.12000000000006,111.18000000000006,112.36000000000007,112.64000000000007,114.76000000000008,115.24000000000008,116.88000000000008,117.36000000000008,117.44000000000008,117.84000000000009,118.18000000000009,118.4400000000001,119.3600000000001,119.4600000000001,119.8000000000001,120.7200000000001,120.9000000000001,121.0000000000001,121.6000000000001,123.84000000000009,124.28000000000009,124.92000000000009,125.12000000000009,125.3800000000001,125.76000000000009,127.5200000000001,127.62000000000009,127.86000000000008,128.00000000000009,128.14000000000007,128.72000000000008,128.9600000000001,129.8400000000001,133.3600000000001,133.5600000000001,133.98000000000008,134.54000000000008,136.6200000000001,136.9800000000001,138.56000000000012,142.2600000000001,142.7400000000001,143.1800000000001,143.22000000000008,146.7400000000001,146.88000000000008,147.2400000000001,147.3000000000001,148.1200000000001,148.2800000000001,148.4000000000001,149.4200000000001
run29,0.26,0.8600000000000001,1.34,5.02,5.3999999999999995,6.039999999999999,6.279999999999999,6.459999999999999,6.579999999999999,8.219999999999999,8.339999999999998,8.859999999999998,12.559999999999999,13.099999999999998,13.139999999999997,14.159999999999997,15.579999999999997,16.119999999999997,16.699999999999996,16.739999999999995,17.459999999999994,17.499999999999993,18.039999999999992,18.139999999999993,18.539999999999992,18.839999999999993,22.11999999999999,22.11999999999999,22.13999999999999,22.49999999999999,22.61999999999999,23.23999999999999,23.55999999999999,23.59999999999999,24.05999999999999,24.39999999999999,24.71999999999999,25.859999999999992,29.379999999999992,29.639999999999993,29.679999999999993,30.279999999999994,30.539999999999996,30.679999999999996,33.419999999999995,33.839999999999996,34.31999999999999,35.199999999999996,35.3,35.839999999999996,36.199999999999996,36.81999999999999,37.16,37.519999999999996,37.559999999999995,37.879999999999995,37.98,38.26,39.0,39.24,39.440000000000005,40.24,40.620000000000005,40.86000000000001,41.24000000000001,42.08000000000001,42.680000000000014,42.72000000000001,43.000000000000014,43.820000000000014,44.54000000000001,44.84000000000001,45.42000000000001,47.540000000000006,48.36000000000001,48.620000000000005,49.1,49.7,50.02,50.040000000000006,50.32000000000001,50.46000000000001,50.80000000000001,50.98000000000001,51.56000000000001,52.00000000000001,52.20000000000001,52.72000000000001,55.56000000000001,56.38000000000001,56.94000000000001,57.10000000000001,57.30000000000001,58.46000000000001,59.38000000000001,59.82000000000001,63.52000000000001,63.94000000000001,64.84000000000002,66.92000000000002,67.52000000000001,68.50000000000001,69.00000000000001,69.42000000000002,70.22000000000001,70.28000000000002,70.74000000000001,70.92000000000002,71.16000000000001,72.30000000000001,72.60000000000001,73.28000000000002,73.72000000000001,73.88000000000001,73.92000000000002,74.64000000000001,75.02000000000001,75.86000000000001,76.38000000000001,76.60000000000001,77.76,78.60000000000001,79.04,79.32000000000001,79.68,81.32000000000001,84.22000000000001,85.00000000000001,85.00000000000001,85.32000000000001,85.50000000000001,86.24000000000001,89.76,89.94000000000001,90.72000000000001,91.12000000000002,91.20000000000002,91.40000000000002,93.16000000000003,93.26000000000002,93.26000000000002,93.78000000000002,93.84000000000002,94.12000000000002,94.58000000000001,94.92000000000002,95.00000000000001,95.32000000000001,95.38000000000001,95.78000000000002,96.12000000000002,96.66000000000003,97.08000000000003,97.64000000000003,98.72000000000003,99.00000000000003,99.22000000000003,99.62000000000003,101.20000000000003,101.92000000000003,102.00000000000003,102.46000000000002,103.62000000000002,103.74000000000002,104.28000000000003,104.64000000000003,104.70000000000003,105.08000000000003,105.28000000000003,105.84000000000003,106.64000000000003,107.72000000000003,108.24000000000002,108.76000000000002,109.30000000000003,110.72000000000003,111.24000000000002,111.24000000000002,111.58000000000003,112.76000000000003,113.34000000000003,113.72000000000003,114.20000000000003,114.74000000000004,115.16000000000004,115.54000000000003,115.72000000000004,115.92000000000004,116.42000000000004,116.96000000000005,117.78000000000004,117.90000000000005,118.16000000000005,118.84000000000006,119.42000000000006,119.70000000000006,120.12000000000006,120.38000000000007,120.74000000000007,121.10000000000007,121.52000000000007,121.92000000000007,122.06000000000007,122.78000000000007,123.50000000000007,124.54000000000008,124.56000000000007,124.86000000000007,125.16000000000007,125.36000000000007,127.66000000000007,129.78000000000006,130.26000000000005,131.18000000000004,131.46000000000004,132.02000000000004,132.64000000000004,133.12000000000003,133.32000000000002,133.66000000000003,134.14000000000001,135.52,136.08,136.48000000000002,136.62,137.42000000000002,137.98000000000002,138.02,138.48000000000002,138.54000000000002,139.14000000000001,139.50000000000003,139.88000000000002,140.28000000000003,140.76000000000002,141.70000000000002,142.08,142.38000000000002,144.62000000000003,145.26000000000002,145.76000000000002,146.32000000000002,146.66000000000003,147.02000000000004,147.10000000000005,147.14000000000004,147.44000000000005,147.46000000000006,147.86000000000007,148.02000000000007,148.08000000000007
run30,0.10000000000000009,0.16000000000000014,0.7400000000000002,1.1,1.1600000000000001,1.4600000000000002,1.84,2.06,2.3200000000000003,2.9400000000000004,3.5400000000000005,3.880000000000001,4.260000000000001,4.300000000000001,4.460000000000001,4.98,5.78,6.92,7.72,8.3,9.72,9.88,13.16,16.68,17.84,18.14,18.82,19.06,19.779999999999998,20.4,21.32,21.52,21.94,22.380000000000003,23.540000000000003,23.740000000000002,24.200000000000003,24.720000000000002,25.240000000000002,25.76,26.380000000000003,28.680000000000003,28.800000000000004,29.080000000000005,29.080000000000005,29.380000000000006,29.900000000000006,30.020000000000007,30.560000000000006,31.100000000000005,32.120000000000005,32.440000000000005,32.800000000000004,35.040000000000006,35.60000000000001,35.78000000000001,36.20000000000001,36.50000000000001,36.82000000000001,37.06000000000001,37.08000000000001,37.58000000000001,38.72000000000001,39.08000000000001,39.360000000000014,40.20000000000002,40.56000000000002,41.500000000000014,41.84000000000002,42.66000000000002,43.640000000000015,43.680000000000014,43.76000000000001,44.70000000000001,45.28000000000001,45.42000000000001,45.86000000000001,46.46000000000001,46.86000000000001,48.620000000000005,49.00000000000001,51.080000000000005,51.260000000000005,51.68000000000001,52.080000000000005,52.42000000000001,52.52000000000001,52.56000000000001,53.28000000000001,53.66000000000001,54.74000000000001,55.28000000000001,55.78000000000001,55.92000000000001,56.400000000000006,56.580000000000005,57.14000000000001,57.56000000000001,58.40000000000001,58.920000000000016,59.38000000000002,59.70000000000002,59.780000000000015,60.34000000000002,63.08000000000002,63.36000000000002,63.90000000000002,63.94000000000002,64.28000000000002,64.34000000000002,64.54000000000002,64.66000000000003,64.98000000000002,65.14000000000001,68.66000000000001,69.04,69.42,70.14,70.34,70.8,70.98,71.8,74.7,75.44,76.08,76.5,77.92,78.8,79.38,80.42,80.42,80.7,80.98,83.82000000000001,84.30000000000001,85.08000000000001,85.10000000000001,85.12,85.72,87.84,87.88000000000001,88.78000000000002,89.26000000000002,89.54000000000002,89.90000000000002,90.32000000000002,90.58000000000003,90.68000000000002,90.68000000000002,91.84000000000002,92.08000000000001,92.14000000000001,92.74000000000001,94.32000000000001,94.66000000000001,95.46000000000001,95.48,95.74000000000001,96.18,96.4,97.12,97.12,97.52000000000001,98.00000000000001,98.48000000000002,99.06000000000002,99.10000000000002,99.92000000000002,100.12000000000002,100.20000000000002,100.24000000000002,100.78000000000003,101.18000000000004,101.90000000000003,102.38000000000004,102.94000000000004,103.48000000000005,104.04000000000005,104.34000000000005,104.62000000000005,105.56000000000004,105.86000000000004,107.50000000000004,107.84000000000005,107.90000000000005,108.04000000000005,108.24000000000005,108.44000000000005,108.74000000000005,109.10000000000005,109.14000000000006,109.48000000000006,110.04000000000006,113.72000000000006,114.10000000000005,114.36000000000006,115.28000000000006,115.80000000000005,116.30000000000005,116.84000000000006,117.10000000000007,117.38000000000007,117.72000000000007,118.32000000000006,118.70000000000006,119.34000000000006,119.70000000000006,120.50000000000006,121.68000000000006,123.80000000000007,124.18000000000006,125.82000000000006,126.38000000000007,126.70000000000006,126.76000000000006,127.16000000000007,127.84000000000007,128.00000000000009,128.3600000000001,128.4800000000001,128.7200000000001,128.8600000000001,129.5800000000001,129.9800000000001,130.3000000000001,130.7800000000001,131.2400000000001,131.3400000000001,131.76000000000008,132.8400000000001,134.22000000000008,134.6800000000001,134.72000000000008,134.8000000000001,134.9200000000001,135.1000000000001,135.8800000000001,136.5000000000001,136.86000000000013,137.06000000000012,140.7600000000001,141.1600000000001,141.7600000000001,145.4600000000001,146.2800000000001,146.82000000000008,147.26000000000008,147.80000000000007,147.84000000000006,148.58000000000007,148.98000000000008
run31,3.5199999999999996,3.7799999999999994,4.1,4.22,4.26,6.379999999999999,6.879999999999999,7.299999999999999,7.599999999999999,7.939999999999999,8.419999999999998,8.739999999999998,8.799999999999999,8.919999999999998,9.199999999999998,9.679999999999998,10.079999999999998,10.879999999999999,11.959999999999999,12.44,12.78,13.26,13.82,14.46,14.74,15.46,16.1,16.34,16.68,17.08,17.08,18.24,18.419999999999998,19.0,19.02,19.4,19.919999999999998,20.4,21.22,21.58,22.099999999999998,22.099999999999998,22.639999999999997,22.879999999999995,23.019999999999996,24.159999999999997,24.699999999999996,24.759999999999994,24.999999999999993,25.459999999999994,25.879999999999995,26.299999999999997,27.119999999999997,27.459999999999997,28.24,28.4,28.86,29.04,29.72,33.239999999999995,33.31999999999999,33.779999999999994,34.3,34.779999999999994,34.93999999999999,35.459999999999994,36.3,36.599999999999994,37.03999999999999,37.099999999999994,37.839999999999996,37.839999999999996,38.239999999999995,38.44,41.279999999999994,41.81999999999999,42.11999999999999,42.49999999999999,42.559999999999995,44.85999999999999,44.959999999999994,45.13999999999999,45.339999999999996,46.98,47.919999999999995,48.81999999999999,49.099999999999994,49.21999999999999,49.47999999999999,49.639999999999986,50.19999999999999,50.59999999999999,50.859999999999985,51.579999999999984,52.079999999999984,52.359999999999985,53.079999999999984,53.499999999999986,54.11999999999998,54.399999999999984,54.65999999999998,55.11999999999998,55.27999999999998,55.65999999999998,56.81999999999998,58.57999999999998,58.77999999999998,59.49999999999998,59.87999999999998,60.69999999999998,61.53999999999998,62.119999999999976,62.41999999999997,63.09999999999997,63.299999999999976,63.879999999999974,64.47999999999998,65.03999999999998,65.33999999999997,65.37999999999998,65.93999999999998,66.35999999999999,66.77999999999999,67.71999999999998,67.93999999999998,68.21999999999998,69.09999999999998,69.69999999999997,71.33999999999997,71.87999999999998,72.69999999999997,73.09999999999998,73.45999999999998,73.75999999999998,74.17999999999998,74.69999999999997,77.59999999999998,77.95999999999998,78.27999999999997,79.11999999999998,79.65999999999998,81.23999999999998,81.77999999999999,81.97999999999999,83.05999999999999,83.49999999999999,83.85999999999999,83.89999999999999,84.25999999999999,85.05999999999999,85.61999999999999,86.17999999999999,89.88,89.92,90.28,90.66,91.02,91.61999999999999,91.88,91.92,92.22,92.3,92.89999999999999,93.02,93.16,93.89999999999999,93.91999999999999,94.43999999999998,94.99999999999999,95.19999999999999,95.57999999999998,95.71999999999998,96.15999999999998,96.21999999999998,96.67999999999998,97.17999999999998,97.27999999999997,97.89999999999998,97.93999999999998,100.01999999999998,101.03999999999998,101.39999999999998,101.63999999999997,101.95999999999997,103.11999999999996,104.03999999999996,104.57999999999997,105.71999999999997,105.97999999999998,106.17999999999998,106.77999999999997,107.17999999999998,107.65999999999998,107.67999999999998,108.61999999999998,108.79999999999998,109.13999999999999,109.71999999999998,110.11999999999999,111.53999999999999,112.08,113.46,113.6,113.97999999999999,114.17999999999999,114.46,114.5,115.12,115.30000000000001,115.66000000000001,115.94000000000001,118.68,118.74000000000001,119.08000000000001,119.10000000000001,119.64000000000001,120.26000000000002,120.30000000000003,120.70000000000003,121.30000000000003,121.62000000000002,123.86000000000001,123.94000000000001,124.28000000000002,127.96000000000001,128.54000000000002,128.66000000000003,129.10000000000002,129.88000000000002,130.92000000000002,131.64000000000001,132.56,132.94,133.74,133.78,134.1,134.2,134.23999999999998,134.45999999999998,134.83999999999997,135.31999999999996,136.29999999999995,136.29999999999995,137.09999999999997,138.27999999999997,138.45999999999998,138.55999999999997,139.27999999999997,141.39999999999998,144.67999999999998,145.01999999999998
run32,0.8200000000000001,1.76,2.3600000000000003,2.5200000000000005,2.7,3.54,7.06,7.64,8.06,8.3,9.020000000000001,9.320000000000002,10.480000000000002,10.840000000000002,11.380000000000003,12.160000000000002,12.420000000000002,12.780000000000001,13.260000000000002,13.740000000000002,17.44,17.64,17.98,18.32,18.48,19.2,19.36,19.9,20.18,21.56,21.82,25.34,25.6,26.060000000000002,26.320000000000004,26.520000000000003,28.820000000000004,28.840000000000003,28.940000000000005,29.440000000000005,29.580000000000005,30.000000000000007,30.28000000000001,30.76000000000001,30.94000000000001,31.500000000000007,32.080000000000005,32.36000000000001,32.42000000000001,33.02000000000001,33.42000000000001,33.96000000000001,35.040000000000006,35.60000000000001,35.68000000000001,36.220000000000006,37.38000000000001,37.56000000000001,37.86000000000001,38.32000000000001,38.36000000000001,38.86000000000001,39.440000000000005,40.480000000000004,40.940000000000005,40.940000000000005,41.580000000000005,42.040000000000006,42.42000000000001,43.34000000000001,43.96000000000001,44.080000000000005,44.46000000000001,44.80000000000001,45.98000000000001,46.04000000000001,46.58000000000001,47.12000000000001,47.80000000000001,48.320000000000014,51.600000000000016,51.94000000000002,52.240000000000016,52.44000000000002,52.84000000000002,53.44000000000002,54.04000000000002,54.28000000000002,55.12000000000002,55.48000000000002,56.02000000000002,56.820000000000014,58.90000000000001,59.420000000000016,59.80000000000002,60.12000000000002,60.48000000000002,61.56000000000002,61.88000000000002,62.12000000000002,63.26000000000002,65.02000000000002,65.96000000000002,66.16000000000003,66.22000000000003,66.30000000000003,66.68000000000002,66.98000000000002,67.40000000000002,67.58000000000003,67.78000000000003,68.60000000000002,70.18000000000002,70.22000000000003,71.10000000000002,71.66000000000003,71.70000000000003,72.42000000000003,72.42000000000003,72.74000000000002,72.86000000000003,73.12000000000003,73.54000000000003,73.94000000000004,74.32000000000004,74.46000000000004,75.28000000000003,75.62000000000003,76.04000000000003,78.28000000000003,79.26000000000003,79.62000000000003,79.92000000000003,80.52000000000002,81.00000000000003,81.62000000000003,82.02000000000004,82.38000000000004,82.80000000000004,83.42000000000004,83.86000000000004,85.98000000000005,86.28000000000004,86.70000000000005,86.84000000000005,87.64000000000004,87.84000000000005,88.52000000000005,88.62000000000005,88.94000000000004,89.46000000000004,89.94000000000004,90.12000000000005,90.42000000000004,90.46000000000005,90.74000000000005,91.02000000000005,91.24000000000005,92.38000000000005,94.02000000000005,94.96000000000005,95.32000000000005,95.86000000000006,98.76000000000006,98.88000000000007,98.88000000000007,99.02000000000007,99.14000000000007,99.56000000000007,100.28000000000007,100.44000000000007,103.28000000000007,103.36000000000007,103.84000000000007,104.58000000000007,104.80000000000007,104.92000000000007,104.96000000000008,104.96000000000008,105.14000000000009,105.18000000000009,105.4600000000001,105.78000000000009,109.48000000000009,109.50000000000009,109.88000000000008,110.46000000000008,113.20000000000007,113.48000000000008,114.64000000000007,115.14000000000007,115.52000000000007,116.36000000000007,116.46000000000006,117.04000000000006,117.76000000000006,118.08000000000006,118.98000000000006,119.50000000000006,119.84000000000006,120.36000000000006,120.84000000000006,120.86000000000006,121.50000000000006,121.84000000000006,121.92000000000006,121.96000000000006,122.50000000000007,122.90000000000008,123.00000000000007,123.60000000000007,123.88000000000007,123.92000000000007,124.48000000000008,125.30000000000007,125.78000000000007,125.84000000000007,126.22000000000007,126.66000000000007,126.72000000000007,126.92000000000007,127.32000000000008,127.88000000000008,128.4000000000001,128.44000000000008,130.08000000000007,130.28000000000006,130.72000000000006,131.12000000000006,134.80000000000007,135.60000000000008,136.3400000000001,136.38000000000008,136.94000000000008,137.9600000000001,138.3200000000001,138.7200000000001,138.9800000000001,139.0000000000001,139.52000000000012,140.4400000000001,140.8200000000001,140.8800000000001,141.3200000000001,143.4400000000001,144.24000000000012,145.6600000000001,146.4400000000001,147.06000000000012,147.52000000000012,147.86000000000013
run33,1.1600000000000001,4.68,5.279999999999999,6.1,6.52,6.739999999999999,10.44,10.719999999999999,12.959999999999999,13.36,13.74,14.66,14.84,15.379999999999999,15.7,16.06,16.599999999999998,17.68,18.14,20.98,21.46,22.02,22.759999999999998,23.159999999999997,23.299999999999997,23.519999999999996,23.559999999999995,23.759999999999994,24.319999999999993,24.839999999999993,25.319999999999993,25.999999999999993,26.339999999999993,26.619999999999994,27.059999999999995,27.599999999999994,28.199999999999996,28.519999999999996,28.719999999999995,28.839999999999996,29.019999999999996,29.099999999999994,29.819999999999993,30.359999999999992,30.91999999999999,31.359999999999992,32.779999999999994,33.07999999999999,33.599999999999994,33.63999999999999,33.67999999999999,33.879999999999995,34.199999999999996,34.99999999999999,35.03999999999999,35.21999999999999,35.63999999999999,35.63999999999999,36.17999999999999,36.21999999999999,36.67999999999999,37.39999999999999,37.919999999999995,38.49999999999999,38.53999999999999,38.71999999999999,39.13999999999999,42.03999999999999,45.31999999999999,45.43999999999999,45.83999999999999,47.47999999999999,48.03999999999999,48.31999999999999,49.35999999999999,50.29999999999999,50.29999999999999,50.65999999999999,50.819999999999986,51.359999999999985,52.29999999999998,52.819999999999986,53.05999999999999,53.11999999999999,53.43999999999999,54.01999999999999,54.319999999999986,54.65999999999999,54.69999999999999,55.05999999999999,55.87999999999999,56.39999999999999,56.89999999999999,57.01999999999999,57.51999999999999,57.65999999999999,59.29999999999999,59.55999999999999,60.039999999999985,61.179999999999986,61.19999999999999,62.77999999999999,63.11999999999999,63.19999999999999,63.57999999999999,63.57999999999999,63.63999999999999,64.32,65.03999999999999,65.39999999999999,65.44,69.12,69.66000000000001,70.06000000000002,70.80000000000001,70.84000000000002,71.10000000000002,73.18000000000002,73.66000000000003,74.14000000000003,74.58000000000003,75.18000000000002,77.30000000000003,77.50000000000003,78.22000000000003,78.70000000000003,78.94000000000003,79.28000000000003,80.36000000000003,81.20000000000003,81.72000000000003,82.30000000000003,83.08000000000003,83.46000000000002,83.74000000000002,84.68000000000002,85.02000000000002,86.44000000000003,87.34000000000003,87.70000000000003,87.88000000000004,88.46000000000004,89.08000000000004,89.18000000000004,89.80000000000004,90.82000000000004,91.98000000000003,92.82000000000004,93.38000000000004,93.86000000000004,94.46000000000004,95.04000000000003,97.78000000000003,97.84000000000003,97.94000000000003,98.54000000000002,98.92000000000002,99.18000000000002,99.46000000000002,100.00000000000003,100.48000000000003,100.54000000000003,101.00000000000003,101.60000000000002,102.00000000000003,102.38000000000002,102.78000000000003,103.02000000000002,103.36000000000003,103.70000000000003,103.90000000000003,104.70000000000003,104.82000000000004,105.18000000000004,105.60000000000004,105.90000000000003,106.06000000000003,106.08000000000003,106.42000000000003,106.84000000000003,106.94000000000003,107.82000000000002,107.96000000000002,108.12000000000002,108.32000000000002,108.42000000000002,108.84000000000002,109.62000000000002,109.92000000000002,110.00000000000001,110.30000000000001,110.70000000000002,111.24000000000002,111.52000000000002,111.76000000000002,112.12000000000002,112.16000000000003,113.30000000000003,113.76000000000002,114.40000000000002,115.04000000000002,115.86000000000001,117.04000000000002,117.24000000000002,119.00000000000003,119.18000000000004,119.18000000000004,119.98000000000003,120.24000000000004,120.52000000000004,120.94000000000004,124.46000000000004,124.84000000000003,125.10000000000004,126.48000000000003,127.20000000000003,127.82000000000004,128.74000000000004,128.88000000000002,129.86,130.48000000000002,130.78000000000003,131.20000000000002,132.00000000000003,132.82000000000002,133.98000000000002,134.3,135.14000000000001,135.50000000000003,136.22000000000003,136.34000000000003,136.40000000000003,136.76000000000005,137.14000000000004,137.64000000000004,138.02000000000004,138.54000000000005,139.10000000000005,139.30000000000004,139.58000000000004,139.60000000000005,140.06000000000006,142.36000000000007,142.76000000000008,142.82000000000008,142.8400000000001,144.9600000000001,145.1200000000001,145.4200000000001,145.8000000000001,146.2400000000001
run34,0.06000000000000005,0.4600000000000001,1.2800000000000002,1.5800000000000003,2.2600000000000002,2.8200000000000003,3.4200000000000004,3.74,3.9800000000000004,4.300000000000001,4.580000000000001,4.980000000000001,5.560000000000001,5.7200000000000015,6.1400000000000015,6.440000000000001,8.740000000000002,9.120000000000003,9.480000000000002,9.980000000000002,10.800000000000002,10.940000000000003,11.380000000000003,12.220000000000002,12.500000000000002,13.060000000000002,13.180000000000001,13.220000000000002,13.720000000000002,13.780000000000003,14.160000000000004,14.420000000000003,14.880000000000003,15.080000000000002,15.120000000000001,15.9,16.1,16.540000000000003,17.220000000000002,17.580000000000002,18.560000000000002,18.76,19.180000000000003,22.700000000000003,23.480000000000004,23.580000000000005,24.160000000000004,24.740000000000002,24.8,25.44,25.78,26.040000000000003,26.520000000000003,27.680000000000003,27.960000000000004,28.420000000000005,30.180000000000007,30.920000000000005,33.00000000000001,33.10000000000001,36.38000000000001,36.84000000000001,36.84000000000001,37.38000000000001,37.56000000000001,37.84000000000001,38.40000000000001,38.52000000000001,39.08000000000001,39.100000000000016,39.56000000000002,39.90000000000002,40.24000000000002,40.840000000000025,40.880000000000024,41.22000000000003,41.58000000000003,42.620000000000026,42.90000000000003,43.440000000000026,43.980000000000025,44.380000000000024,45.32000000000002,45.700000000000024,45.940000000000026,46.36000000000003,47.28000000000003,47.68000000000003,47.86000000000003,48.14000000000003,49.28000000000003,50.08000000000003,50.380000000000024,50.480000000000025,50.86000000000003,51.120000000000026,51.46000000000003,51.940000000000026,52.480000000000025,52.760000000000026,53.14000000000003,53.34000000000003,53.64000000000003,53.800000000000026,53.86000000000003,54.22000000000003,54.760000000000026,55.24000000000002,55.660000000000025,55.760000000000026,59.440000000000026,59.96000000000003,60.68000000000003,60.70000000000003,61.20000000000003,61.720000000000034,61.900000000000034,62.080000000000034,62.680000000000035,62.84000000000003,63.06000000000003,63.62000000000003,64.34000000000003,65.06000000000003,65.08000000000003,65.56000000000003,65.64000000000003,65.84000000000003,65.88000000000004,65.96000000000004,66.00000000000004,67.38000000000004,70.28000000000004,70.66000000000004,72.78000000000004,73.32000000000005,73.72000000000006,74.24000000000005,76.48000000000005,76.88000000000005,78.52000000000005,79.08000000000006,80.22000000000006,81.40000000000006,81.66000000000007,82.02000000000007,82.50000000000007,82.50000000000007,82.74000000000007,86.26000000000006,86.56000000000006,87.72000000000006,87.72000000000006,88.24000000000005,88.84000000000005,89.68000000000005,90.10000000000005,92.22000000000006,92.48000000000006,92.52000000000007,92.88000000000007,93.24000000000007,93.64000000000007,94.10000000000007,94.58000000000007,95.60000000000007,96.40000000000006,96.54000000000006,96.96000000000006,97.14000000000007,97.18000000000008,97.38000000000008,97.82000000000008,100.56000000000007,101.10000000000008,102.68000000000008,103.42000000000007,104.22000000000007,104.52000000000007,105.24000000000007,105.30000000000007,105.78000000000007,107.42000000000007,108.50000000000007,109.58000000000007,109.90000000000006,110.70000000000006,110.72000000000006,111.60000000000005,111.92000000000004,112.44000000000004,112.80000000000004,113.38000000000004,113.44000000000004,113.44000000000004,113.48000000000005,113.60000000000005,114.42000000000004,115.04000000000005,115.46000000000005,116.28000000000004,116.60000000000004,116.98000000000003,117.90000000000003,118.50000000000003,118.92000000000003,119.24000000000002,119.62000000000002,119.66000000000003,120.28000000000003,120.42000000000003,121.36000000000003,122.78000000000003,123.32000000000004,123.84000000000003,124.32000000000004,124.44000000000004,124.52000000000004,125.24000000000004,126.40000000000003,126.94000000000004,127.12000000000005,127.42000000000004,128.06000000000003,128.30000000000004,129.20000000000005,129.36000000000004,129.98000000000005,130.02000000000004,133.72000000000003,134.10000000000002,134.32000000000002,134.66000000000003,134.74000000000004,136.16000000000003,136.88000000000002,137.08,137.44000000000003,138.06000000000003,138.20000000000002,141.04000000000002,141.38000000000002,141.50000000000003,141.84000000000003,142.44000000000003,142.96000000000004,143.22000000000003,143.50000000000003,144.34000000000003,145.28000000000003,145.86000000000004
run35,0.05999999999999994,0.38,0.7799999999999999,0.9799999999999999,1.6599999999999997,1.6999999999999997,2.28,4.039999999999999,4.4399999999999995,4.959999999999999,5.259999999999999,5.8199999999999985,6.159999999999998,6.559999999999999,6.739999999999998,7.159999999999998,9.239999999999998,9.7,9.959999999999999,10.78,11.559999999999999,11.759999999999998,11.959999999999997,12.299999999999997,12.619999999999997,12.659999999999997,12.779999999999996,15.079999999999997,15.299999999999997,16.019999999999996,16.499999999999996,16.699999999999996,16.699999999999996,16.879999999999995,17.819999999999997,18.319999999999997,18.839999999999996,19.019999999999996,19.439999999999998,19.599999999999998,19.779999999999998,20.159999999999997,20.439999999999998,23.279999999999998,23.639999999999997,24.459999999999997,24.88,24.88,25.24,25.479999999999997,25.539999999999996,25.699999999999996,25.739999999999995,26.019999999999996,26.379999999999995,27.299999999999997,28.119999999999997,28.639999999999997,28.9,28.939999999999998,29.56,29.7,30.24,30.5,30.88,31.36,31.7,33.82,34.44,34.62,35.54,36.379999999999995,37.459999999999994,37.919999999999995,38.63999999999999,38.93999999999999,39.33999999999999,39.73999999999999,39.899999999999984,39.95999999999999,40.69999999999999,41.23999999999999,41.51999999999999,41.51999999999999,42.35999999999999,42.63999999999999,43.71999999999999,43.99999999999999,44.559999999999995,44.919999999999995,45.059999999999995,45.62,46.22,46.46,46.7,46.74,47.22,48.64,51.54,54.82,54.92,57.04,57.339999999999996,57.66,58.08,58.28,58.64,58.7,59.14,59.480000000000004,59.92,60.4,61.14,61.94,62.739999999999995,62.839999999999996,62.98,63.18,63.72,64.02,64.8,65.7,66.10000000000001,67.68,68.02000000000001,68.4,68.54,69.38000000000001,69.98,70.60000000000001,70.82000000000001,71.10000000000001,71.72000000000001,71.84000000000002,72.44000000000001,73.00000000000001,73.20000000000002,73.56000000000002,74.36000000000001,74.96000000000001,74.98,75.52000000000001,76.24000000000001,76.74000000000001,76.82000000000001,77.28,77.7,78.58,79.17999999999999,79.63999999999999,80.15999999999998,80.47999999999998,81.05999999999997,81.07999999999997,81.45999999999997,81.75999999999996,82.23999999999997,82.79999999999997,83.13999999999997,83.15999999999997,83.67999999999996,84.39999999999996,85.19999999999996,88.89999999999996,88.91999999999996,89.89999999999996,90.27999999999996,91.21999999999996,91.21999999999996,91.81999999999995,91.85999999999996,94.59999999999995,94.89999999999995,95.53999999999995,95.57999999999996,95.85999999999996,96.21999999999996,96.57999999999996,96.91999999999996,100.59999999999997,101.13999999999997,101.37999999999997,101.95999999999997,102.15999999999997,102.41999999999997,103.13999999999997,104.31999999999998,104.49999999999999,104.57999999999998,104.93999999999998,105.03999999999998,107.27999999999997,108.69999999999997,109.07999999999997,109.61999999999998,110.19999999999997,110.83999999999997,111.09999999999998,111.63999999999999,112.32,113.47999999999999,114.49999999999999,114.55999999999999,115.07999999999998,115.53999999999998,115.79999999999998,115.87999999999998,117.03999999999998,118.67999999999998,118.99999999999997,119.43999999999997,119.55999999999997,120.09999999999998,120.47999999999998,120.85999999999997,121.27999999999997,121.39999999999998,121.71999999999997,122.21999999999997,122.75999999999998,122.79999999999998,123.35999999999999,123.83999999999999,124.24,124.52,124.94,126.08,126.64,127.12,127.60000000000001,127.76,127.80000000000001,127.92000000000002,127.98000000000002,128.06000000000003,129.22000000000003,130.60000000000002,131.54000000000002,135.06000000000003,136.20000000000002,136.72000000000003,137.12000000000003,140.64000000000004,140.98000000000005,141.70000000000005,141.80000000000004,142.22000000000003,143.26000000000002,144.9,148.6,149.42
run36,0.48,1.08,1.4000000000000001,1.9200000000000002,2.54,3.6799999999999997,4.18,4.539999999999999,5.279999999999999,5.579999999999999,6.059999999999999,6.559999999999999,7.039999999999999,7.279999999999999,7.4799999999999995,8.899999999999999,9.339999999999998,9.599999999999998,10.419999999999998,10.899999999999999,10.939999999999998,11.159999999999998,11.359999999999998,12.079999999999998,13.119999999999997,13.379999999999997,14.299999999999997,14.759999999999998,14.779999999999998,15.099999999999998,15.499999999999998,15.959999999999997,16.259999999999998,16.619999999999997,16.9,17.259999999999998,17.619999999999997,18.339999999999996,19.239999999999995,19.539999999999996,19.839999999999996,19.939999999999998,20.499999999999996,20.839999999999996,21.039999999999996,24.559999999999995,25.139999999999993,25.519999999999992,25.55999999999999,26.639999999999993,26.659999999999993,27.019999999999992,27.21999999999999,27.25999999999999,27.65999999999999,27.719999999999988,27.97999999999999,28.37999999999999,28.459999999999987,28.639999999999986,28.919999999999987,28.959999999999987,29.119999999999987,29.459999999999987,29.639999999999986,30.359999999999985,30.959999999999987,30.979999999999986,30.979999999999986,31.499999999999986,32.43999999999998,32.69999999999998,33.27999999999998,34.07999999999998,37.75999999999998,37.939999999999976,38.479999999999976,38.81999999999998,39.299999999999976,42.99999999999998,43.59999999999998,43.73999999999998,44.53999999999998,45.159999999999975,45.45999999999997,45.879999999999974,46.07999999999998,46.439999999999976,48.67999999999998,48.839999999999975,49.17999999999998,51.299999999999976,52.119999999999976,52.53999999999998,53.41999999999998,55.71999999999998,55.99999999999998,56.09999999999998,56.63999999999998,56.73999999999998,56.77999999999998,58.15999999999998,59.09999999999998,59.49999999999998,60.03999999999998,60.57999999999998,61.019999999999975,61.839999999999975,63.91999999999997,64.71999999999997,65.21999999999997,65.75999999999998,66.33999999999997,66.91999999999997,67.29999999999997,67.57999999999997,67.99999999999997,71.69999999999997,72.11999999999998,75.01999999999998,76.17999999999998,76.91999999999997,77.55999999999997,78.17999999999998,78.49999999999997,79.29999999999997,79.75999999999996,80.43999999999997,80.81999999999996,81.21999999999997,81.63999999999997,82.79999999999997,83.21999999999997,84.79999999999997,85.47999999999998,85.53999999999998,85.77999999999997,86.19999999999997,86.75999999999998,86.89999999999998,87.45999999999998,87.77999999999997,88.17999999999998,88.45999999999998,90.21999999999998,90.75999999999999,91.02,92.44,92.66,92.96,93.22,93.56,93.68,93.84,94.02000000000001,94.58000000000001,98.10000000000001,100.22000000000001,100.74000000000001,100.88000000000001,102.04,102.08000000000001,103.72000000000001,106.46000000000001,106.92,109.76,110.28,110.48,110.54,111.32000000000001,111.60000000000001,111.62,111.94,112.72,112.78,112.98,113.82000000000001,114.54,117.82000000000001,118.66000000000001,119.28000000000002,119.68000000000002,121.32000000000002,122.16000000000003,122.28000000000003,122.64000000000003,123.78000000000003,123.78000000000003,124.34000000000003,124.46000000000004,124.50000000000004,125.10000000000004,125.48000000000003,126.40000000000003,126.40000000000003,126.88000000000004,126.98000000000003,126.98000000000003,127.26000000000003,127.38000000000004,127.46000000000004,128.10000000000002,128.28000000000003,128.44000000000003,128.72000000000003,129.18000000000004,130.26000000000005,130.68000000000004,130.82000000000002,131.16000000000003,131.24000000000004,131.62000000000003,132.20000000000005,133.02000000000004,134.04000000000005,134.36000000000004,134.76000000000005,135.24000000000004,135.84000000000003,135.88000000000002,136.40000000000003,136.52000000000004,137.46000000000004,137.70000000000005,137.76000000000005,138.06000000000006,138.78000000000006,139.76000000000005,140.48000000000005,140.82000000000005,141.20000000000005,141.28000000000006,141.84000000000006,142.36000000000007,142.84000000000006,143.22000000000006,144.40000000000006,144.44000000000005,144.78000000000006,145.22000000000006,145.78000000000006,145.84000000000006,146.22000000000006,146.82000000000005,147.18000000000006,147.72000000000006,147.92000000000004,148.46000000000004,148.90000000000003,149.14000000000004,149.50000000000006
run37,0.12,0.18000000000000005,0.6000000000000002,0.6200000000000002,1.2400000000000002,1.4200000000000002,2.6000000000000005,3.0200000000000005,3.6400000000000006,3.8600000000000008,4.420000000000001,4.6000000000000005,4.6000000000000005,5.000000000000001,5.580000000000001,6.140000000000001,6.180000000000001,6.500000000000001,6.940000000000001,7.120000000000001,7.48,9.72,9.74,12.58,12.82,13.18,14.219999999999999,14.36,14.879999999999999,15.68,15.98,16.42,16.94,19.060000000000002,19.520000000000003,19.720000000000002,21.800000000000004,21.940000000000005,22.500000000000004,23.100000000000005,24.180000000000007,25.020000000000007,25.340000000000007,29.020000000000007,30.040000000000006,30.340000000000007,31.160000000000007,31.28000000000001,32.00000000000001,32.120000000000005,33.00000000000001,34.14000000000001,37.42000000000001,37.900000000000006,38.2,38.800000000000004,38.84,39.040000000000006,39.760000000000005,39.800000000000004,39.800000000000004,40.620000000000005,40.660000000000004,41.260000000000005,41.760000000000005,42.480000000000004,42.86000000000001,44.980000000000004,45.400000000000006,45.74000000000001,46.28000000000001,47.02000000000001,47.14000000000001,47.74000000000001,47.92000000000001,48.74000000000001,49.00000000000001,49.28000000000001,49.32000000000001,49.36000000000001,49.36000000000001,49.60000000000001,49.68000000000001,51.32000000000001,51.84000000000001,52.24000000000001,52.56000000000001,52.76000000000001,52.820000000000014,53.960000000000015,54.320000000000014,54.460000000000015,54.90000000000001,55.360000000000014,55.820000000000014,55.94000000000001,56.22000000000001,59.74000000000001,60.82000000000001,61.16000000000001,61.66000000000001,62.64000000000001,63.120000000000005,63.6,63.9,64.44,64.98,65.5,65.88,66.17999999999999,66.8,67.28,67.32000000000001,67.60000000000001,67.62,67.82000000000001,68.50000000000001,68.58000000000001,69.12000000000002,69.76000000000002,70.56000000000002,71.12000000000002,71.30000000000003,71.34000000000003,71.50000000000003,71.86000000000003,75.56000000000003,76.94000000000003,77.14000000000003,77.68000000000004,79.44000000000004,79.98000000000005,80.26000000000005,80.46000000000005,81.30000000000005,81.34000000000006,81.38000000000007,81.86000000000007,82.64000000000007,82.74000000000007,82.96000000000006,83.30000000000007,83.76000000000006,84.16000000000007,84.42000000000007,84.78000000000007,85.38000000000007,86.32000000000006,87.48000000000006,87.84000000000006,88.78000000000006,88.94000000000005,89.02000000000005,89.50000000000006,89.76000000000006,90.08000000000006,90.88000000000005,91.52000000000005,91.78000000000006,92.16000000000005,92.34000000000006,92.72000000000006,93.52000000000005,94.06000000000006,94.44000000000005,94.64000000000006,95.38000000000005,95.92000000000006,96.86000000000006,98.50000000000006,98.92000000000006,99.28000000000006,102.18000000000006,102.24000000000007,102.64000000000007,103.80000000000007,104.14000000000007,106.88000000000007,107.44000000000007,107.82000000000006,108.08000000000007,108.16000000000007,108.26000000000006,108.54000000000006,109.06000000000006,109.64000000000006,110.00000000000006,110.16000000000005,110.50000000000006,110.78000000000006,111.30000000000005,115.00000000000006,115.72000000000006,115.88000000000005,116.50000000000006,116.84000000000006,117.22000000000006,117.90000000000006,118.30000000000007,120.60000000000007,121.52000000000007,121.66000000000007,121.68000000000006,122.02000000000007,122.40000000000006,123.32000000000006,124.10000000000007,124.52000000000007,124.82000000000006,125.64000000000006,126.04000000000006,127.46000000000006,127.94000000000007,129.52000000000007,130.36000000000007,130.60000000000008,131.0600000000001,131.3400000000001,131.3400000000001,131.8400000000001,132.2400000000001,132.8000000000001,136.3200000000001,136.3800000000001,137.5400000000001,137.9400000000001,138.30000000000013,138.60000000000014,138.70000000000013,139.42000000000013,139.84000000000012,140.12000000000012,140.36000000000013,140.42000000000013,140.84000000000012,141.2200000000001,141.5400000000001,141.6400000000001,142.5400000000001,143.1000000000001,143.68000000000012,144.02000000000012,144.08000000000013,144.66000000000014,145.26000000000013,145.98000000000013,147.40000000000012,147.9400000000001,148.3600000000001,148.9400000000001,149.46000000000012
run38,0.8,0.98,1.52,1.98,2.86,2.9,3.0999999999999996,3.3,3.42,3.98,4.24,4.8,5.18,5.46,7.699999999999999,7.739999999999999,8.32,8.74,9.22,9.34,9.38,9.72,10.3,10.92,11.14,11.440000000000001,14.340000000000002,14.860000000000001,16.020000000000003,19.540000000000003,19.640000000000004,20.020000000000003,21.400000000000002,21.720000000000002,22.020000000000003,22.400000000000002,22.6,22.740000000000002,23.220000000000002,23.300000000000004,23.720000000000006,24.660000000000007,25.140000000000008,25.700000000000006,25.960000000000008,26.140000000000008,26.26000000000001,26.620000000000008,27.120000000000008,30.820000000000007,31.42000000000001,31.500000000000007,32.300000000000004,32.620000000000005,33.220000000000006,33.540000000000006,33.86000000000001,34.32000000000001,34.70000000000001,35.10000000000001,35.56000000000001,35.92000000000001,36.10000000000001,36.88000000000001,37.40000000000001,37.66000000000001,38.24000000000001,38.70000000000001,39.60000000000001,41.18000000000001,41.70000000000001,42.64000000000001,43.32000000000001,44.400000000000006,44.580000000000005,48.260000000000005,48.68000000000001,48.74000000000001,49.00000000000001,49.300000000000004,49.720000000000006,52.02,52.160000000000004,53.34,56.18,56.38,57.1,57.480000000000004,57.900000000000006,58.18000000000001,58.540000000000006,59.080000000000005,59.92000000000001,60.48000000000001,63.22000000000001,63.860000000000014,64.24000000000001,64.60000000000001,64.64000000000001,65.26000000000002,65.60000000000002,65.98000000000002,67.06000000000002,67.98000000000002,68.80000000000001,69.08000000000001,69.22000000000001,69.26000000000002,69.74000000000002,70.10000000000002,70.66000000000003,70.84000000000003,71.44000000000003,73.08000000000003,73.60000000000002,77.12000000000002,78.54000000000002,79.02000000000002,79.46000000000002,79.70000000000002,80.02000000000001,80.02000000000001,80.64000000000001,81.46000000000001,81.76,82.26,83.06,83.4,84.54,84.80000000000001,85.74000000000001,86.18,86.60000000000001,87.16000000000001,87.36000000000001,87.40000000000002,87.56000000000002,88.60000000000002,88.88000000000002,89.16000000000003,89.70000000000003,93.40000000000003,93.48000000000003,93.52000000000004,94.36000000000004,95.04000000000005,95.44000000000005,95.54000000000005,95.88000000000005,96.30000000000005,97.44000000000005,98.16000000000005,98.70000000000006,99.34000000000006,99.68000000000006,99.70000000000006,101.82000000000006,102.56000000000006,103.16000000000005,103.88000000000005,104.40000000000005,104.44000000000005,104.68000000000005,105.10000000000005,105.90000000000005,107.32000000000005,108.48000000000005,108.68000000000005,108.70000000000005,108.76000000000005,109.16000000000005,109.16000000000005,109.36000000000006,109.90000000000006,110.16000000000007,110.56000000000007,110.90000000000008,111.24000000000008,111.30000000000008,113.42000000000009,113.48000000000009,114.20000000000009,114.32000000000009,114.40000000000009,114.50000000000009,116.58000000000008,119.86000000000008,121.02000000000008,121.50000000000009,121.90000000000009,122.5200000000001,122.90000000000009,122.9600000000001,123.70000000000009,124.52000000000008,124.88000000000008,125.28000000000009,125.68000000000009,125.70000000000009,126.22000000000008,126.80000000000008,127.72000000000008,127.86000000000008,127.86000000000008,128.0200000000001,128.5800000000001,129.1600000000001,129.6600000000001,129.8200000000001,129.8800000000001,130.3600000000001,131.1800000000001,131.4000000000001,131.88000000000008,132.42000000000007,132.94000000000008,133.22000000000008,133.76000000000008,133.94000000000008,134.04000000000008,134.04000000000008,134.48000000000008,135.08000000000007,135.44000000000008,135.76000000000008,135.80000000000007,136.04000000000008,136.42000000000007,136.54000000000008,137.38000000000008,137.42000000000007,139.06000000000006,139.40000000000006,139.60000000000005,139.96000000000006,140.98000000000008,141.2800000000001,142.00000000000009,142.98000000000008,143.38000000000008,143.7400000000001,143.9800000000001,144.28000000000011,144.7200000000001,145.0000000000001,145.5400000000001,146.1400000000001,146.4200000000001,146.8800000000001,147.6600000000001,147.96000000000012
run39,0.30000000000000004,0.40000000000000013,0.9400000000000002,2.1000000000000005,2.4000000000000004,5.92,6.4399999999999995,7.159999999999999,9.239999999999998,9.719999999999999,10.259999999999998,10.859999999999998,11.259999999999998,12.059999999999999,12.219999999999999,12.579999999999998,12.959999999999999,13.54,15.18,15.5,15.62,16.16,16.5,20.2,20.4,21.08,21.799999999999997,22.58,22.979999999999997,23.019999999999996,23.499999999999996,23.699999999999996,26.599999999999994,26.639999999999993,26.919999999999995,27.339999999999996,27.459999999999997,27.88,28.18,28.52,28.64,29.02,29.3,30.2,31.02,31.28,31.52,31.8,31.8,32.18,32.46,32.94,33.0,33.56,33.64,35.76,36.199999999999996,36.26,36.839999999999996,37.36,37.56,38.7,39.86,40.12,40.959999999999994,41.339999999999996,41.54,42.72,43.32,43.34,43.52,44.120000000000005,44.42,44.6,44.660000000000004,45.06,45.42,45.96,46.52,47.040000000000006,47.660000000000004,47.800000000000004,48.68000000000001,48.84,49.46,52.2,55.480000000000004,55.720000000000006,56.260000000000005,56.400000000000006,56.52,56.86000000000001,57.400000000000006,57.92000000000001,58.44000000000001,58.92000000000001,59.60000000000001,60.98000000000001,61.12000000000001,61.40000000000001,62.820000000000014,62.860000000000014,63.780000000000015,64.36000000000001,64.82000000000001,65.86000000000001,65.96000000000001,66.14000000000001,66.48000000000002,66.96000000000002,67.36000000000003,67.72000000000003,68.10000000000002,68.36000000000003,68.66000000000003,69.26000000000002,70.20000000000002,71.00000000000001,71.46000000000001,71.78,72.18,72.74000000000001,73.30000000000001,73.68,74.5,74.84,75.12,76.10000000000001,76.54,76.96000000000001,77.56,79.8,80.64,81.44,81.82,85.33999999999999,85.74,86.58,88.34,88.56,88.9,89.14,89.56,89.62,90.10000000000001,90.74000000000001,91.18,92.32000000000001,92.88000000000001,94.30000000000001,96.42000000000002,98.72000000000001,99.44000000000001,101.08000000000001,101.44000000000001,105.14000000000001,108.82000000000002,109.12000000000002,109.44000000000001,109.64000000000001,109.66000000000001,110.4,110.84,111.36,111.54,111.64,112.02,112.82,113.75999999999999,114.67999999999999,114.69999999999999,115.32,115.74,115.78,116.18,116.22000000000001,116.42000000000002,117.20000000000002,117.92000000000002,118.50000000000001,118.90000000000002,119.20000000000002,119.62000000000002,119.98000000000002,120.46000000000002,120.82000000000002,121.36000000000003,122.30000000000003,122.42000000000003,122.88000000000002,122.92000000000003,123.06000000000003,123.54000000000003,123.90000000000003,124.72000000000003,124.88000000000002,125.50000000000003,125.56000000000003,126.38000000000002,126.44000000000003,126.76000000000002,126.98000000000002,127.52000000000002,127.60000000000002,127.88000000000002,128.3,128.8,130.38000000000002,131.46000000000004,131.62000000000003,132.18000000000004,133.26000000000005,133.80000000000004,133.98000000000005,134.24000000000004,134.32000000000005,134.68000000000006,135.28000000000006,136.00000000000006,136.26000000000005,136.26000000000005,136.54000000000005,136.80000000000004,137.82000000000005,137.90000000000006,138.26000000000008,138.30000000000007,138.88000000000008,139.38000000000008,139.72000000000008,139.76000000000008,139.96000000000006,140.16000000000005,140.16000000000005,141.32000000000005,141.70000000000005,141.74000000000004,142.26000000000005,142.44000000000005,143.08000000000004,143.40000000000003,144.12000000000003,144.58000000000004,145.04000000000005,145.78000000000006,145.88000000000005,145.88000000000005,148.72000000000006,149.06000000000006,149.38000000000005,149.42000000000004
run40,0.33999999999999997,0.82,1.02,1.54,2.1,2.2,2.3,3.68,4.140000000000001,4.44,4.9,5.32,5.760000000000001,6.1000000000000005,7.0200000000000005,9.32,9.68,9.98,10.360000000000001,11.080000000000002,11.260000000000002,11.520000000000001,11.860000000000001,12.100000000000001,12.540000000000001,12.82,13.96,14.64,14.92,15.5,16.04,16.46,16.62,16.880000000000003,17.480000000000004,18.040000000000003,18.480000000000004,18.560000000000002,22.080000000000002,22.64,22.7,22.74,24.38,24.619999999999997,25.339999999999996,25.379999999999995,25.999999999999996,26.199999999999996,26.619999999999997,26.799999999999997,26.799999999999997,27.279999999999998,28.179999999999996,28.539999999999996,28.779999999999994,29.939999999999994,30.079999999999995,30.139999999999993,30.619999999999994,31.199999999999996,32.62,33.18,33.98,34.339999999999996,34.68,35.22,35.36,35.36,35.66,36.599999999999994,36.67999999999999,37.019999999999996,37.17999999999999,40.01999999999999,40.29999999999999,40.57999999999999,41.37999999999999,41.61999999999999,41.79999999999999,42.19999999999999,42.23999999999999,42.25999999999999,42.279999999999994,42.739999999999995,43.12,43.94,44.48,45.32,45.64,45.9,46.28,46.88,46.92,47.46,47.92,48.0,50.12,50.54,50.839999999999996,51.519999999999996,52.36,52.76,53.28,53.620000000000005,54.00000000000001,54.400000000000006,55.220000000000006,55.34,56.5,57.22,57.72,58.06,58.120000000000005,58.32000000000001,59.040000000000006,59.400000000000006,59.78000000000001,60.94000000000001,61.76000000000001,62.24000000000001,62.80000000000001,63.58000000000001,63.76000000000001,63.98000000000001,64.62,64.94,66.12,66.7,67.22,67.96,68.38,69.25999999999999,69.67999999999999,70.27999999999999,71.07999999999998,74.77999999999999,75.15999999999998,75.47999999999998,75.99999999999997,76.51999999999997,76.71999999999997,76.75999999999998,77.03999999999998,78.17999999999998,78.43999999999998,79.23999999999998,79.79999999999998,80.87999999999998,81.47999999999998,81.95999999999998,82.79999999999998,82.99999999999999,86.51999999999998,86.63999999999999,86.75999999999999,87.05999999999999,87.97999999999999,89.61999999999999,91.74,91.8,92.11999999999999,92.47999999999999,93.02,93.39999999999999,94.03999999999999,94.97999999999999,97.88,100.11999999999999,100.13999999999999,100.21999999999998,103.89999999999998,104.43999999999998,104.45999999999998,104.81999999999998,104.99999999999999,105.05999999999999,105.25999999999999,105.35999999999999,105.87999999999998,106.49999999999999,107.23999999999998,107.81999999999998,108.03999999999998,108.51999999999998,108.99999999999999,109.45999999999998,109.81999999999998,109.97999999999998,110.57999999999997,111.11999999999998,112.09999999999998,112.37999999999998,112.75999999999998,113.83999999999997,114.45999999999998,114.71999999999998,115.53999999999998,116.57999999999998,116.73999999999998,117.13999999999999,117.13999999999999,117.17999999999999,119.91999999999999,120.23999999999998,120.49999999999999,122.25999999999999,122.63999999999999,123.17999999999999,123.8,124.2,124.72,126.8,126.84,127.2,127.34,127.9,127.94000000000001,128.04000000000002,128.54000000000002,128.58,129.0,129.4,129.94,130.96,131.0,131.3,131.36,131.56,131.84,132.24,132.60000000000002,133.00000000000003,133.34000000000003,136.62000000000003,137.10000000000002,137.28000000000003,137.60000000000002,139.18000000000004,139.48000000000005,139.92000000000004,140.52000000000004,141.94000000000003,142.52000000000004,143.24000000000004,143.66000000000003,147.36,147.48000000000002,147.60000000000002,148.54000000000002,149.04000000000002,149.18
run41,1.7599999999999998,2.3,2.34,2.7399999999999998,3.32,3.36,4.779999999999999,4.819999999999999,5.84,6.02,6.3,6.359999999999999,7.74,7.96,8.56,8.66,9.0,9.54,10.04,10.52,11.059999999999999,11.78,14.68,14.72,14.9,15.38,15.9,15.92,15.98,16.22,17.02,17.46,17.66,17.66,18.8,18.86,19.28,20.18,20.9,21.5,22.28,22.400000000000002,22.76,23.040000000000003,23.460000000000004,25.100000000000005,25.240000000000006,25.880000000000006,28.620000000000005,28.980000000000004,29.340000000000003,29.680000000000003,30.200000000000003,30.740000000000002,31.160000000000004,32.74,33.36,36.879999999999995,37.35999999999999,37.89999999999999,38.13999999999999,38.49999999999999,39.17999999999999,39.599999999999994,39.599999999999994,43.3,43.599999999999994,44.059999999999995,47.76,48.5,48.58,52.099999999999994,52.12,52.739999999999995,55.03999999999999,55.419999999999995,55.67999999999999,55.79999999999999,55.97999999999999,56.57999999999999,56.97999999999999,57.139999999999986,59.259999999999984,59.59999999999999,59.87999999999999,60.11999999999999,60.33999999999999,60.61999999999999,60.81999999999999,61.29999999999999,61.81999999999999,62.16,62.779999999999994,63.17999999999999,64.22,64.24,64.6,65.14,65.96,66.77999999999999,66.87999999999998,67.59999999999998,69.01999999999998,69.55999999999999,70.53999999999999,70.91999999999999,71.46,71.8,72.17999999999999,72.36,72.5,73.02,73.2,73.46000000000001,73.98,74.04,74.60000000000001,74.94000000000001,75.24000000000001,76.18,76.76,76.82000000000001,77.08000000000001,77.20000000000002,78.28000000000002,78.74000000000001,79.10000000000001,79.7,80.0,80.24,80.67999999999999,80.75999999999999,80.8,81.11999999999999,81.43999999999998,81.47999999999999,81.89999999999999,83.05999999999999,83.33999999999999,83.89999999999999,84.33999999999999,84.71999999999998,85.43999999999998,85.51999999999998,86.09999999999998,86.91999999999997,87.11999999999998,87.65999999999998,88.15999999999998,88.71999999999998,89.43999999999998,89.53999999999998,89.57999999999998,90.35999999999999,90.35999999999999,90.39999999999999,91.33999999999999,93.57999999999998,95.65999999999998,96.49999999999999,96.83999999999999,97.25999999999999,97.77999999999999,98.05999999999999,98.69999999999999,98.99999999999999,99.37999999999998,99.83999999999997,100.09999999999998,100.25999999999998,101.17999999999998,103.29999999999998,104.23999999999998,104.61999999999998,104.61999999999998,105.41999999999997,106.09999999999998,106.57999999999998,106.83999999999999,107.03999999999999,107.6,108.17999999999999,109.02,110.2,110.48,111.3,111.46,111.75999999999999,112.27999999999999,115.11999999999999,115.13999999999999,115.73999999999998,116.17999999999998,116.57999999999998,116.77999999999999,117.85999999999999,118.45999999999998,118.95999999999998,119.33999999999997,119.89999999999998,120.37999999999998,124.05999999999997,125.21999999999997,126.05999999999997,127.19999999999997,127.75999999999998,128.48,129.1,129.14,130.01999999999998,130.38,130.68,132.32,132.64,132.95999999999998,133.15999999999997,133.35999999999996,133.75999999999996,134.03999999999996,134.35999999999996,134.71999999999997,134.85999999999996,134.97999999999996,135.53999999999996,135.91999999999996,136.37999999999997,136.43999999999997,137.01999999999998,137.27999999999997,138.19999999999996,139.35999999999996,139.75999999999996,140.55999999999997,141.35999999999999,141.48,141.67999999999998,142.05999999999997,142.15999999999997,142.55999999999997,142.59999999999997,142.93999999999997,143.11999999999998,143.48,143.88,144.62,144.76,145.07999999999998,145.38,145.85999999999999,146.27999999999997,146.73999999999998
run42,3.6799999999999997,4.3999999999999995,4.6,5.54,5.9,6.26,6.64,7.359999999999999,7.499999999999999,9.62,11.739999999999998,11.78,11.86,12.32,12.74,12.780000000000001,12.88,13.3,14.48,14.8,15.040000000000001,15.340000000000002,15.920000000000002,16.32,17.48,17.8,21.5,22.3,22.86,23.58,24.06,24.22,24.24,24.439999999999998,24.499999999999996,24.859999999999996,24.879999999999995,25.059999999999995,25.339999999999996,25.679999999999996,26.619999999999997,26.659999999999997,27.159999999999997,27.419999999999998,28.439999999999998,28.459999999999997,29.199999999999996,29.359999999999996,29.719999999999995,30.519999999999996,30.919999999999995,31.379999999999995,31.839999999999996,32.62,32.82,32.82,32.86,33.2,34.040000000000006,34.080000000000005,34.220000000000006,34.60000000000001,34.94000000000001,35.000000000000014,35.16000000000001,35.54000000000001,36.360000000000014,36.52000000000001,36.72000000000001,36.780000000000015,37.000000000000014,37.180000000000014,37.58000000000001,38.12000000000001,38.70000000000001,39.24000000000001,39.64000000000001,39.74000000000001,40.12000000000001,40.62000000000001,40.640000000000015,41.140000000000015,41.76000000000001,43.180000000000014,43.72000000000001,45.100000000000016,45.30000000000002,45.66000000000002,46.08000000000002,46.72000000000002,47.18000000000002,47.36000000000002,49.00000000000002,49.28000000000002,49.76000000000002,50.64000000000002,51.44000000000002,51.920000000000016,52.34000000000002,52.460000000000015,52.98000000000002,53.18000000000002,54.34000000000002,54.740000000000016,55.02000000000002,55.600000000000016,55.960000000000015,56.26000000000001,59.000000000000014,59.100000000000016,60.180000000000014,60.22000000000001,60.640000000000015,60.72000000000001,61.26000000000001,61.860000000000014,62.48000000000001,62.78000000000001,63.080000000000005,63.900000000000006,64.22,65.03999999999999,65.61999999999999,65.66,65.94,68.84,69.18,70.82000000000001,70.82000000000001,71.64,72.26,72.4,72.84,76.36,77.28,77.66,78.11999999999999,78.83999999999999,79.32,79.36,79.48,79.84,80.46000000000001,80.78,80.86,82.62,83.16000000000001,83.48,83.54,84.06,84.10000000000001,84.58000000000001,85.30000000000001,85.72000000000001,86.06000000000002,86.34000000000002,86.42000000000002,86.82000000000002,87.16000000000003,87.72000000000003,87.72000000000003,87.98000000000003,89.12000000000003,89.42000000000003,91.00000000000003,91.54000000000003,91.78000000000003,92.22000000000003,92.48000000000003,92.96000000000004,93.44000000000004,93.96000000000004,94.70000000000003,95.24000000000004,95.44000000000004,98.72000000000004,99.00000000000004,99.42000000000004,99.94000000000004,100.00000000000004,100.40000000000005,100.88000000000005,102.30000000000005,102.66000000000005,103.22000000000006,103.60000000000005,103.88000000000005,104.56000000000006,105.28000000000006,105.82000000000006,106.86000000000007,107.42000000000007,107.72000000000007,108.02000000000007,108.80000000000007,109.64000000000007,109.90000000000008,110.58000000000008,114.28000000000009,114.88000000000008,115.42000000000009,115.68000000000009,116.28000000000009,116.66000000000008,117.46000000000008,118.06000000000007,118.58000000000007,118.76000000000008,118.88000000000008,119.82000000000008,120.20000000000007,121.18000000000008,121.32000000000008,121.76000000000008,122.60000000000008,123.74000000000008,124.08000000000008,124.52000000000008,125.04000000000008,125.60000000000008,126.50000000000009,127.08000000000008,129.38000000000008,129.5600000000001,129.6200000000001,133.1400000000001,135.2200000000001,135.46000000000012,136.54000000000013,136.76000000000013,136.88000000000014,136.88000000000014,138.04000000000013,138.14000000000013,138.56000000000012,138.6000000000001,139.2400000000001,141.4800000000001,142.0400000000001,142.56000000000012,142.74000000000012,142.86000000000013,143.14000000000013,143.46000000000012,143.6600000000001,144.2600000000001,144.62000000000012,147.46000000000012,147.80000000000013,148.36000000000013,148.62000000000012
run43,3.7,3.9000000000000004,3.9800000000000004,4.800000000000001,4.840000000000001,5.180000000000001,6.0200000000000005,6.4,6.78,7.58,8.18,8.4,8.440000000000001,8.700000000000001,9.260000000000002,10.400000000000002,11.980000000000002,12.100000000000001,12.420000000000002,12.46,12.840000000000002,13.240000000000002,14.040000000000003,14.140000000000002,15.080000000000002,15.360000000000001,15.46,18.3,18.720000000000002,19.020000000000003,19.42,19.880000000000003,22.000000000000004,22.820000000000004,23.180000000000003,23.340000000000003,23.780000000000005,24.120000000000005,26.860000000000007,30.140000000000008,31.06000000000001,31.48000000000001,31.52000000000001,32.94000000000001,33.72000000000001,33.960000000000015,36.26000000000001,36.76000000000001,36.76000000000001,37.34000000000001,38.12000000000001,38.28000000000001,38.34000000000001,39.76000000000001,40.000000000000014,40.58000000000001,41.22000000000001,41.58000000000001,42.06000000000001,43.70000000000001,43.72000000000001,43.920000000000016,44.320000000000014,44.80000000000001,45.08000000000001,45.44000000000001,45.860000000000014,46.420000000000016,47.26000000000002,47.740000000000016,47.80000000000002,48.12000000000002,51.82000000000002,52.22000000000002,52.40000000000002,52.58000000000002,52.64000000000002,53.520000000000024,54.60000000000002,55.32000000000002,55.660000000000025,56.28000000000002,56.880000000000024,57.50000000000002,57.94000000000002,58.30000000000002,58.70000000000002,58.960000000000015,59.26000000000001,59.780000000000015,60.460000000000015,61.000000000000014,61.20000000000002,61.66000000000002,62.02000000000002,62.06000000000002,62.26000000000002,62.740000000000016,63.34000000000002,63.600000000000016,63.80000000000002,64.18000000000002,64.48000000000002,64.80000000000001,65.74000000000001,65.9,66.7,67.68,68.22000000000001,68.82000000000001,69.18,69.2,69.54,69.9,70.02000000000001,70.34,70.86,71.12,71.30000000000001,71.78000000000002,72.08000000000001,72.38000000000001,72.52000000000001,73.08000000000001,73.68,74.16000000000001,74.84000000000002,75.36000000000001,76.18,77.22000000000001,77.82000000000001,78.10000000000001,79.26,79.26,79.80000000000001,79.92000000000002,80.26000000000002,80.80000000000003,81.08000000000003,81.22000000000003,82.36000000000003,82.82000000000002,83.26000000000002,84.08000000000001,84.36000000000001,84.58000000000001,84.66000000000001,85.06000000000002,85.36000000000001,85.92000000000002,86.86000000000001,87.20000000000002,87.36000000000001,87.66000000000001,88.56000000000002,88.76000000000002,89.34000000000002,90.50000000000001,94.02000000000001,94.58000000000001,95.50000000000001,96.34000000000002,96.88000000000002,98.06000000000003,98.30000000000003,98.78000000000003,99.40000000000003,99.60000000000004,100.22000000000004,100.66000000000004,101.04000000000003,101.42000000000003,101.96000000000004,102.22000000000004,102.80000000000004,102.98000000000005,103.32000000000005,103.64000000000004,103.64000000000004,104.18000000000005,104.68000000000005,105.42000000000004,106.00000000000004,106.28000000000004,106.68000000000005,107.02000000000005,107.82000000000005,108.36000000000006,108.64000000000006,109.18000000000006,110.34000000000006,111.98000000000006,112.10000000000007,112.28000000000007,112.56000000000007,113.02000000000007,113.42000000000007,114.80000000000007,114.84000000000007,114.90000000000008,115.04000000000008,115.76000000000008,116.12000000000008,116.54000000000008,116.54000000000008,117.02000000000008,119.10000000000008,120.86000000000008,120.90000000000009,121.32000000000009,121.34000000000009,121.86000000000008,122.12000000000009,122.14000000000009,122.20000000000009,122.28000000000009,122.78000000000009,124.90000000000009,125.28000000000009,125.32000000000009,125.84000000000009,126.26000000000009,126.78000000000009,127.50000000000009,127.58000000000008,127.90000000000008,127.96000000000008,128.32000000000008,132.00000000000009,132.5600000000001,132.7400000000001,133.2000000000001,133.4000000000001,134.4800000000001,135.2200000000001,135.6000000000001,135.7400000000001,135.8600000000001,138.7600000000001,139.4800000000001,139.5800000000001,140.3000000000001,140.3400000000001,141.3600000000001,141.8800000000001,142.5200000000001,143.2400000000001,143.2800000000001,143.8400000000001,144.0800000000001,146.3200000000001
run44,0.32000000000000006,1.12,1.56,2.1,2.4000000000000004,2.9800000000000004,3.2200000000000006,3.7400000000000007,4.1000000000000005,4.380000000000001,5.460000000000001,6.280000000000001,6.380000000000001,6.5600000000000005,7.2,10.1,10.62,10.879999999999999,11.159999999999998,11.399999999999999,11.659999999999998,11.919999999999998,12.459999999999997,12.459999999999997,12.659999999999997,14.739999999999997,15.019999999999996,15.139999999999995,15.179999999999996,15.299999999999995,16.939999999999994,17.259999999999994,17.599999999999994,18.759999999999994,19.219999999999995,19.359999999999996,19.919999999999995,20.459999999999994,21.139999999999993,21.739999999999995,22.759999999999994,23.139999999999993,24.279999999999994,25.419999999999995,25.959999999999994,26.059999999999995,26.359999999999996,26.539999999999996,26.639999999999997,26.999999999999996,27.259999999999998,27.68,28.04,28.24,28.74,32.44,33.0,33.62,33.82,33.96,34.68,35.2,35.28,36.1,36.9,37.4,40.14,40.34,40.800000000000004,40.86000000000001,41.660000000000004,42.24,42.64,43.2,44.28,44.54,44.68,45.16,45.26,45.64,47.06,47.440000000000005,47.480000000000004,48.040000000000006,48.480000000000004,49.1,49.620000000000005,50.2,50.88,51.04,51.64,51.7,51.980000000000004,52.92,53.34,53.400000000000006,56.92,57.800000000000004,57.84,58.120000000000005,59.300000000000004,59.620000000000005,59.7,60.620000000000005,60.68000000000001,61.400000000000006,62.18000000000001,62.20000000000001,64.32000000000001,64.68,64.74000000000001,64.76,68.44,68.62,68.78,69.2,69.4,70.34,72.46000000000001,72.80000000000001,72.96000000000001,74.12,74.42,75.02,75.44,75.8,76.34,76.38000000000001,76.78000000000002,77.56000000000002,78.30000000000001,78.84000000000002,79.24000000000002,79.58000000000003,80.40000000000002,81.44000000000003,81.48000000000003,81.96000000000004,82.68000000000004,82.98000000000003,84.14000000000003,84.52000000000002,84.64000000000003,85.10000000000002,85.58000000000003,86.06000000000003,86.34000000000003,86.38000000000004,87.10000000000004,87.30000000000004,87.80000000000004,87.80000000000004,88.36000000000004,88.68000000000004,88.68000000000004,88.90000000000003,89.44000000000004,89.88000000000004,92.12000000000003,92.36000000000003,93.08000000000003,93.88000000000002,94.36000000000003,94.48000000000003,94.88000000000004,95.18000000000004,95.62000000000003,96.10000000000004,99.80000000000004,100.18000000000004,100.54000000000003,100.90000000000003,101.44000000000004,101.52000000000004,101.94000000000004,101.94000000000004,102.46000000000004,102.84000000000003,103.44000000000003,103.50000000000003,103.92000000000003,104.86000000000003,105.06000000000003,105.52000000000002,105.66000000000003,105.94000000000003,106.06000000000003,106.68000000000004,107.50000000000003,107.54000000000003,109.18000000000004,109.22000000000004,109.52000000000004,109.86000000000004,110.44000000000004,110.82000000000004,111.44000000000004,111.46000000000004,114.74000000000004,115.64000000000004,116.04000000000005,116.96000000000005,116.98000000000005,117.50000000000004,117.76000000000005,118.48000000000005,118.82000000000005,119.14000000000004,119.66000000000004,120.20000000000005,120.58000000000004,120.62000000000005,123.46000000000005,123.76000000000005,124.18000000000005,124.74000000000005,124.82000000000005,125.30000000000005,125.48000000000006,125.88000000000007,127.30000000000007,129.06000000000006,130.44000000000005,130.76000000000005,132.34000000000006,132.54000000000005,134.84000000000006,135.18000000000006,135.22000000000006,135.40000000000006,135.74000000000007,136.20000000000007,136.60000000000008,137.58000000000007,137.74000000000007,138.58000000000007,139.42000000000007,139.76000000000008,140.18000000000006,140.78000000000006,141.26000000000005,141.84000000000006,142.22000000000006,142.96000000000006,143.36000000000007,143.72000000000008,143.9600000000001,144.60000000000008,148.1200000000001,148.4000000000001,148.5800000000001
run45,0.19999999999999996,0.2599999999999999,0.6399999999999998,0.8799999999999998,1.1399999999999997,1.5199999999999996,1.5799999999999996,2.0799999999999996,4.919999999999999,5.259999999999999,5.719999999999999,6.079999999999999,6.379999999999999,6.419999999999999,6.619999999999999,7.699999999999999,8.44,8.959999999999999,8.979999999999999,9.28,9.84,10.16,10.620000000000001,11.56,12.120000000000001,12.24,13.82,14.120000000000001,14.64,15.020000000000001,15.860000000000001,16.94,17.220000000000002,20.92,21.6,21.68,22.12,22.96,22.98,23.14,23.66,23.66,24.1,24.28,25.060000000000002,25.860000000000003,26.840000000000003,27.260000000000005,28.040000000000006,28.400000000000006,29.220000000000006,29.360000000000007,29.980000000000008,30.520000000000007,31.240000000000006,31.560000000000006,32.160000000000004,32.660000000000004,33.260000000000005,33.64000000000001,34.06000000000001,34.36000000000001,34.82000000000001,34.84000000000001,35.38000000000001,35.86000000000001,36.480000000000004,37.86000000000001,38.220000000000006,41.120000000000005,41.68000000000001,41.88000000000001,42.06000000000001,42.48000000000001,42.74000000000001,43.32000000000001,44.16000000000001,44.52000000000001,44.88000000000001,45.30000000000001,45.62000000000001,45.960000000000015,46.360000000000014,47.30000000000001,47.56000000000001,47.60000000000001,48.06000000000001,48.220000000000006,48.620000000000005,48.92,49.64,49.96,50.02,50.120000000000005,50.46000000000001,50.720000000000006,50.900000000000006,50.96000000000001,51.440000000000005,51.56,51.84,52.02,53.660000000000004,54.06,54.260000000000005,54.540000000000006,55.34,55.88,56.0,56.1,56.46,56.84,57.120000000000005,57.28,57.42,57.72,58.86,59.42,59.82,60.160000000000004,60.68000000000001,60.88000000000001,61.42000000000001,61.46000000000001,62.00000000000001,62.42000000000001,63.220000000000006,63.300000000000004,63.34,63.620000000000005,64.10000000000001,64.34,64.82000000000001,65.96000000000001,67.00000000000001,68.42000000000002,68.46000000000002,72.16000000000003,72.46000000000002,72.56000000000002,76.24000000000001,76.7,77.04,77.08000000000001,77.82000000000001,78.64,79.2,79.4,82.14,82.52,83.67999999999999,84.49999999999999,84.73999999999998,85.55999999999997,85.69999999999997,86.01999999999997,86.41999999999997,89.93999999999997,91.09999999999997,91.25999999999996,91.81999999999996,92.33999999999996,93.75999999999996,94.29999999999997,94.97999999999998,95.99999999999997,96.05999999999997,96.33999999999997,97.05999999999997,97.97999999999998,98.57999999999997,98.91999999999997,99.35999999999997,102.63999999999997,104.71999999999997,105.89999999999998,105.95999999999998,106.19999999999997,106.39999999999998,106.87999999999998,107.47999999999998,107.75999999999998,108.09999999999998,108.09999999999998,108.63999999999999,109.25999999999999,109.66,110.02,110.11999999999999,110.66,110.92,113.04,113.84,114.36,114.38,115.25999999999999,115.83999999999999,116.32,116.53999999999999,116.94,118.7,122.22,122.94,123.36,124.08,124.5,125.1,126.74,127.3,127.64,128.18,128.76000000000002,129.08,129.66000000000003,129.70000000000002,130.86,131.22000000000003,131.26000000000002,133.38000000000002,134.02,134.52,135.44,135.56,135.64000000000001,135.68,135.9,136.18,138.48000000000002,138.86,139.76000000000002,140.16000000000003,140.8,141.18,141.38,141.74,141.88,142.5,143.44,143.92,144.51999999999998,144.64,144.89999999999998,145.33999999999997,145.81999999999996,145.99999999999997,148.23999999999998,148.23999999999998,148.95999999999998,149.37999999999997,149.95999999999998,150.33999999999997
run46,0.19999999999999996,0.48,1.26,1.64,2.04,2.2199999999999998,4.459999999999999,4.919999999999999,5.739999999999999,6.279999999999999,6.579999999999999,7.139999999999999,7.679999999999999,8.159999999999998,8.639999999999999,9.2,9.62,10.16,10.64,11.46,12.24,12.64,12.88,12.88,13.24,14.16,14.3,14.700000000000001,15.16,15.5,16.1,16.900000000000002,17.400000000000002,18.000000000000004,18.000000000000004,18.380000000000003,18.680000000000003,19.860000000000003,20.140000000000004,20.660000000000004,20.820000000000004,21.720000000000002,22.240000000000002,22.28,24.400000000000002,24.92,24.96,25.1,26.740000000000002,27.060000000000002,27.44,27.78,27.98,28.44,28.82,29.1,29.900000000000002,30.740000000000002,32.5,32.82,33.64,34.36,34.56,34.900000000000006,35.2,37.5,37.7,37.78,38.22,38.699999999999996,39.519999999999996,40.49999999999999,40.89999999999999,41.53999999999999,42.25999999999999,42.41999999999999,43.039999999999985,43.639999999999986,43.95999999999999,47.639999999999986,48.19999999999999,48.59999999999999,49.01999999999999,49.859999999999985,50.139999999999986,50.539999999999985,50.899999999999984,50.95999999999999,51.079999999999984,51.759999999999984,51.79999999999998,51.95999999999998,53.53999999999998,53.77999999999998,54.49999999999998,54.51999999999998,54.859999999999985,55.59999999999999,55.83999999999999,56.23999999999999,56.65999999999999,57.25999999999999,57.39999999999999,57.93999999999999,58.55999999999999,58.65999999999999,59.81999999999999,60.11999999999999,60.21999999999999,60.93999999999999,64.46,65.19999999999999,65.24,65.88,66.47999999999999,66.55999999999999,66.6,66.74,69.64,69.7,73.4,73.58000000000001,74.14000000000001,74.42000000000002,75.44000000000001,75.48000000000002,76.40000000000002,76.72000000000001,77.10000000000001,77.36000000000001,77.46000000000001,77.52000000000001,79.64000000000001,80.22000000000001,80.48000000000002,81.04000000000002,81.40000000000002,81.60000000000002,81.94000000000003,82.66000000000003,82.82000000000002,83.44000000000003,84.58000000000003,84.94000000000003,85.46000000000002,85.84000000000002,86.18000000000002,86.36000000000003,86.38000000000002,86.48000000000002,89.76000000000002,91.18000000000002,92.12000000000002,92.44000000000001,93.00000000000001,93.50000000000001,93.90000000000002,93.98000000000002,97.50000000000001,98.88000000000001,99.96000000000001,100.22000000000001,100.58000000000001,101.02000000000001,101.20000000000002,101.54000000000002,102.06000000000002,102.06000000000002,102.36000000000001,102.78000000000002,103.86000000000001,107.56000000000002,108.14000000000001,108.50000000000001,108.98000000000002,109.92000000000002,110.24000000000001,112.32000000000001,112.36000000000001,112.62000000000002,113.34000000000002,113.40000000000002,114.08000000000003,115.50000000000003,116.38000000000002,116.80000000000003,117.08000000000003,117.16000000000003,117.40000000000002,117.88000000000002,117.92000000000003,118.38000000000002,119.22000000000003,120.38000000000002,120.40000000000002,120.60000000000002,121.16000000000003,121.46000000000002,122.26000000000002,122.64000000000001,123.06000000000002,123.40000000000002,123.98000000000002,125.02000000000002,125.38000000000002,125.98000000000002,126.02000000000002,126.60000000000002,126.82000000000002,126.88000000000002,127.30000000000003,127.66000000000003,128.60000000000002,128.66000000000003,129.46000000000004,130.00000000000003,130.54000000000002,130.72000000000003,131.02000000000004,131.52000000000004,131.96000000000004,132.24000000000004,132.72000000000003,132.98000000000002,134.14000000000001,134.18,136.92000000000002,139.76000000000002,139.76000000000002,140.22000000000003,140.74000000000004,140.94000000000003,141.38000000000002,141.92000000000002,142.04000000000002,142.3,143.94,144.06,144.42000000000002,145.00000000000003,145.22000000000003,145.74000000000004,146.12000000000003,146.32000000000002,147.46,147.94,148.12,148.4,148.94,149.56,149.94
run47,0.92,1.34,2.7200000000000006,3.0200000000000005,3.5600000000000005,4.98,6.0,8.9,9.32,10.96,11.32,11.52,12.26,12.94,13.459999999999999,14.879999999999999,15.159999999999998,15.459999999999999,15.68,16.3,16.78,17.720000000000002,18.060000000000002,19.220000000000002,19.400000000000002,20.240000000000002,20.840000000000003,20.860000000000003,22.980000000000004,23.560000000000002,24.28,24.34,24.5,24.64,25.2,25.24,25.7,26.2,26.28,26.84,29.14,29.26,29.740000000000002,30.020000000000003,30.020000000000003,30.540000000000003,31.060000000000002,31.42,31.76,31.76,32.14,32.44,32.76,33.059999999999995,33.08,33.86,34.36,34.68,35.02,35.7,35.940000000000005,36.42,40.120000000000005,42.96,43.5,43.7,44.18,44.58,45.14,45.86,46.8,47.08,47.46,48.08,48.68,48.98,49.08,49.48,50.4,50.82,51.4,51.76,52.12,52.94,53.059999999999995,53.35999999999999,53.89999999999999,56.63999999999999,57.67999999999999,58.03999999999999,58.29999999999999,59.09999999999999,59.139999999999986,60.219999999999985,61.37999999999998,61.97999999999998,62.79999999999998,62.83999999999998,63.19999999999998,63.63999999999998,63.69999999999998,64.11999999999998,64.23999999999998,64.73999999999998,65.31999999999998,65.67999999999998,65.85999999999999,66.05999999999999,66.53999999999999,66.94,66.94,67.08,67.12,67.60000000000001,67.64000000000001,69.28000000000002,69.38000000000001,69.96000000000001,70.74000000000001,70.9,70.92,70.96000000000001,71.58000000000001,72.14000000000001,72.42000000000002,72.84000000000002,72.94000000000001,73.54,74.0,74.4,75.02000000000001,75.12,75.44,76.58,76.58,76.92,77.24,80.91999999999999,81.33999999999999,81.35999999999999,81.55999999999999,81.6,82.75999999999999,83.11999999999999,83.96,84.24,84.96,85.1,86.03999999999999,86.11999999999999,86.16,86.47999999999999,86.83999999999999,86.97999999999999,87.17999999999999,87.89999999999999,87.96,88.24,88.61999999999999,90.38,90.72,90.96,91.44,92.03999999999999,92.3,94.53999999999999,95.11999999999999,95.91999999999999,96.1,96.28,96.56,96.74000000000001,97.88000000000001,98.42000000000002,98.80000000000001,99.14000000000001,99.42000000000002,100.22000000000001,101.12000000000002,102.10000000000002,102.18000000000002,104.26000000000002,104.64000000000001,105.24000000000001,105.68,106.86000000000001,107.26000000000002,107.52000000000002,108.60000000000002,108.94000000000003,109.02000000000002,112.54000000000002,113.02000000000002,116.72000000000003,117.18000000000002,117.42000000000002,117.84000000000002,118.38000000000002,118.84000000000002,119.56000000000002,120.12000000000002,121.00000000000001,121.52000000000001,121.76,121.96000000000001,122.78,123.22,123.28,123.66,123.72,124.06,124.88,125.39999999999999,125.66,125.97999999999999,126.16,129.68,130.08,130.62,131.14000000000001,134.42000000000002,134.8,135.20000000000002,135.58,137.70000000000002,137.82000000000002,138.66000000000003,138.82000000000002,139.38000000000002,139.64000000000001,140.18,140.38,140.68,141.22,141.38,141.57999999999998,141.95999999999998,142.48,142.94,143.2,143.32,143.72,143.76,143.98,144.04,144.84,145.56,146.12,146.66,147.4,147.44
run48,0.28,0.6000000000000001,1.12,1.4400000000000002,1.56,2.04,2.2600000000000002,3.2800000000000002,3.2800000000000002,3.3200000000000003,3.8800000000000003,5.5200000000000005,5.58,5.9,6.180000000000001,9.7,9.959999999999999,10.44,11.52,12.459999999999999,12.7,13.52,15.16,15.52,15.74,15.780000000000001,16.34,16.42,17.040000000000003,17.480000000000004,21.160000000000004,21.300000000000004,21.420000000000005,21.520000000000007,22.500000000000007,23.320000000000007,24.060000000000006,24.600000000000005,25.080000000000005,25.320000000000004,26.040000000000003,28.160000000000004,30.460000000000004,30.840000000000003,31.020000000000003,31.460000000000004,31.540000000000006,34.82000000000001,35.00000000000001,35.84,36.2,36.580000000000005,37.160000000000004,37.900000000000006,38.580000000000005,39.42000000000001,39.96000000000001,40.36000000000001,41.040000000000006,41.10000000000001,41.220000000000006,44.74000000000001,44.78000000000001,45.34000000000001,45.54000000000001,45.84000000000001,45.88000000000001,46.82000000000001,47.16000000000001,47.360000000000014,47.56000000000002,48.02000000000002,48.34000000000002,48.70000000000002,49.04000000000002,49.50000000000002,50.58000000000002,50.90000000000002,51.50000000000002,51.64000000000002,52.04000000000002,52.20000000000002,53.360000000000014,53.88000000000002,55.30000000000002,55.34000000000002,55.72000000000002,55.80000000000002,57.920000000000016,58.180000000000014,58.780000000000015,58.84000000000002,61.680000000000014,61.72000000000001,62.000000000000014,62.52000000000002,63.320000000000014,63.84000000000002,64.38000000000002,64.94000000000003,65.22000000000003,65.60000000000002,65.60000000000002,66.48000000000002,68.06000000000002,68.36000000000001,68.36000000000001,68.68,69.48,69.98,70.76,71.24000000000001,71.86000000000001,72.40000000000002,72.52000000000002,73.66000000000003,74.20000000000003,74.50000000000003,75.14000000000003,76.32000000000004,76.90000000000003,77.46000000000004,77.98000000000003,79.12000000000003,79.18000000000004,79.28000000000003,79.72000000000003,80.00000000000003,80.40000000000003,80.58000000000004,80.96000000000004,80.98000000000003,81.70000000000003,82.42000000000003,82.44000000000003,82.44000000000003,82.60000000000002,82.68000000000002,85.58000000000003,86.18000000000002,86.60000000000002,86.94000000000003,87.32000000000002,87.66000000000003,87.90000000000002,88.32000000000002,88.56000000000002,89.48000000000002,89.50000000000001,89.78000000000002,90.32000000000002,90.68000000000002,91.06000000000002,91.12000000000002,91.42000000000002,91.70000000000002,92.18000000000002,92.38000000000002,93.18000000000002,93.44000000000003,93.74000000000002,94.14000000000003,94.96000000000002,95.06000000000002,95.48000000000002,96.06000000000002,96.56000000000002,96.60000000000002,96.80000000000003,97.06000000000003,98.10000000000004,99.52000000000004,99.94000000000004,100.42000000000004,100.98000000000005,101.38000000000005,105.08000000000006,107.16000000000005,107.56000000000006,107.70000000000006,108.12000000000006,108.58000000000006,109.42000000000006,110.34000000000006,110.68000000000006,111.22000000000007,111.42000000000007,111.58000000000007,112.30000000000007,112.68000000000006,113.26000000000006,114.20000000000006,114.58000000000006,115.74000000000005,116.20000000000005,116.30000000000004,117.02000000000004,117.56000000000004,117.76000000000005,118.28000000000004,118.32000000000005,119.22000000000006,120.00000000000006,120.56000000000006,120.62000000000006,121.24000000000007,121.64000000000007,122.22000000000007,122.24000000000007,122.66000000000007,122.78000000000007,123.14000000000007,123.44000000000007,123.96000000000006,124.12000000000006,124.48000000000006,124.94000000000005,125.56000000000006,125.92000000000006,126.26000000000006,126.54000000000006,127.02000000000007,130.72000000000006,131.52000000000007,131.94000000000005,132.58000000000004,133.18000000000004,133.68000000000004,135.06000000000003,136.82000000000002,136.96,137.44,138.26,138.79999999999998,138.98,139.42,139.78,139.82,140.07999999999998,140.26,140.45999999999998,142.7,143.29999999999998,143.48,144.64,145.0,145.04,145.64,146.35999999999999,146.66,147.06
run49,0.42000000000000015,0.9800000000000002,2.62,6.32,6.78,10.48,11.66,11.9,12.22,13.3,16.14,16.98,17.26,17.540000000000003,17.94,18.62,19.36,19.78,20.12,20.380000000000003,20.94,21.220000000000002,22.12,22.3,22.44,22.62,23.16,23.98,24.32,24.7,25.74,28.639999999999997,29.039999999999996,29.759999999999994,29.859999999999996,29.859999999999996,30.399999999999995,30.739999999999995,32.379999999999995,32.839999999999996,33.31999999999999,34.29999999999999,34.61999999999999,35.41999999999999,35.97999999999999,36.57999999999999,36.919999999999995,37.85999999999999,38.21999999999999,38.79999999999999,39.17999999999999,40.31999999999999,40.739999999999995,41.16,41.459999999999994,42.059999999999995,42.98,43.4,43.76,43.86,44.44,45.22,45.5,45.76,46.3,46.66,46.94,48.519999999999996,49.94,50.4,51.56,52.2,52.5,52.56,52.940000000000005,53.080000000000005,53.760000000000005,54.120000000000005,54.6,54.980000000000004,55.800000000000004,56.32000000000001,57.040000000000006,57.52,57.64,57.84,57.84,58.56,58.620000000000005,59.220000000000006,60.02,60.42,61.800000000000004,62.080000000000005,62.660000000000004,62.82,63.44,63.599999999999994,66.88,67.0,67.28,67.84,68.18,68.34,68.48,68.88000000000001,69.18,69.9,69.98,70.48,71.0,71.3,71.8,72.42,72.46000000000001,73.4,73.42,73.92,73.98,74.32000000000001,74.7,74.78,74.98,75.42,75.66,75.74,77.16,77.7,77.74000000000001,78.2,78.34,78.54,78.66000000000001,82.34,82.52000000000001,83.06000000000002,83.18000000000002,83.22000000000003,83.74000000000002,84.54000000000002,85.18000000000002,87.48000000000002,87.86000000000001,88.34000000000002,88.94000000000001,89.14000000000001,89.32000000000002,90.40000000000002,90.42000000000002,90.84000000000002,94.36000000000001,96.60000000000001,96.68,96.72000000000001,97.28000000000002,99.36000000000001,99.64000000000001,101.76000000000002,102.64000000000001,102.84000000000002,102.88000000000002,103.36000000000003,103.84000000000003,104.68000000000004,105.26000000000003,105.88000000000004,106.34000000000003,106.70000000000003,107.10000000000004,107.82000000000004,108.14000000000003,108.68000000000004,108.88000000000004,109.24000000000004,109.96000000000004,110.02000000000004,110.56000000000004,110.82000000000005,111.44000000000005,111.46000000000005,111.98000000000005,112.34000000000005,112.46000000000005,112.88000000000005,113.24000000000005,113.26000000000005,113.32000000000005,113.62000000000005,113.66000000000005,113.88000000000005,113.98000000000005,114.02000000000005,114.58000000000006,114.84000000000006,115.02000000000007,116.16000000000007,116.40000000000006,117.34000000000006,117.78000000000006,118.20000000000006,118.52000000000005,119.68000000000005,119.72000000000006,120.52000000000005,120.62000000000005,121.00000000000004,121.20000000000005,121.58000000000004,122.14000000000004,124.26000000000005,124.74000000000005,125.52000000000005,126.00000000000006,126.92000000000006,127.08000000000006,127.60000000000005,128.14000000000004,128.34000000000003,128.78000000000003,129.36000000000004,129.96000000000004,130.32000000000005,130.36000000000004,131.38000000000005,132.54000000000005,132.84000000000006,133.36000000000007,133.68000000000006,134.00000000000006,134.18000000000006,134.18000000000006,137.70000000000007,138.52000000000007,138.58000000000007,139.02000000000007,139.42000000000007,140.24000000000007,140.24000000000007,142.00000000000006,142.52000000000007,142.78000000000006,143.18000000000006,143.22000000000006,143.52000000000007,144.36000000000007,147.10000000000008,147.3400000000001,148.0800000000001,148.4600000000001,148.8600000000001,149.1200000000001
run50,0.26,0.72,2.8,3.5999999999999996,3.7199999999999998,3.76,3.92,5.5,5.58,6.22,6.3999999999999995,6.879999999999999,7.079999999999999,7.339999999999999,7.699999999999999,8.739999999999998,8.999999999999998,9.04,9.959999999999999,10.079999999999998,10.559999999999999,10.759999999999998,11.159999999999998,11.54,12.139999999999999,12.919999999999998,16.619999999999997,16.819999999999997,16.879999999999995,16.959999999999994,17.759999999999994,18.439999999999994,18.719999999999995,18.759999999999994,18.799999999999994,19.019999999999992,19.339999999999993,19.39999999999999,19.539999999999992,19.999999999999993,20.71999999999999,20.75999999999999,24.43999999999999,24.73999999999999,25.11999999999999,26.13999999999999,27.29999999999999,27.89999999999999,30.019999999999992,30.199999999999992,30.479999999999993,31.89999999999999,32.61999999999999,33.03999999999999,33.11999999999999,33.59999999999999,33.79999999999999,34.15999999999999,34.35999999999999,34.97999999999999,35.79999999999999,36.51999999999999,36.85999999999999,37.379999999999995,37.67999999999999,37.919999999999995,38.519999999999996,38.699999999999996,39.08,39.9,43.42,43.46,43.480000000000004,44.660000000000004,45.080000000000005,45.28000000000001,45.42000000000001,45.74000000000001,46.18000000000001,47.120000000000005,47.50000000000001,47.92000000000001,48.220000000000006,49.10000000000001,49.70000000000001,50.28000000000001,50.74000000000001,51.220000000000006,51.52,52.1,52.34,52.6,53.440000000000005,54.36000000000001,54.400000000000006,57.68000000000001,58.620000000000005,58.96000000000001,59.400000000000006,59.78000000000001,59.96000000000001,60.30000000000001,60.62000000000001,61.140000000000015,61.22000000000001,61.52000000000001,61.52000000000001,63.16000000000001,63.70000000000001,63.82000000000001,64.42,64.96000000000001,65.50000000000001,66.66000000000001,67.24000000000001,67.64000000000001,67.98000000000002,68.28000000000002,70.52000000000001,70.80000000000001,71.08000000000001,71.14000000000001,71.66000000000001,72.50000000000001,73.04000000000002,73.58000000000003,73.62000000000003,74.60000000000004,74.78000000000004,75.06000000000004,75.26000000000005,75.82000000000005,76.64000000000004,77.22000000000004,77.58000000000004,77.82000000000004,78.22000000000004,78.76000000000005,79.90000000000005,82.74000000000005,83.82000000000005,84.24000000000005,84.78000000000006,85.86000000000006,85.92000000000006,86.26000000000006,86.98000000000006,87.58000000000006,88.14000000000006,90.26000000000006,90.64000000000006,90.80000000000005,91.16000000000005,91.56000000000006,92.40000000000006,92.60000000000007,93.76000000000006,94.16000000000007,94.30000000000007,94.80000000000007,94.86000000000007,96.50000000000007,97.02000000000007,97.84000000000006,98.34000000000006,98.74000000000007,99.30000000000007,102.04000000000006,102.22000000000007,102.94000000000007,105.84000000000007,106.46000000000008,106.82000000000008,107.30000000000008,107.92000000000009,108.34000000000009,109.48000000000009,109.50000000000009,109.84000000000009,110.22000000000008,110.34000000000009,111.08000000000008,111.46000000000008,111.50000000000009,112.02000000000008,112.74000000000008,113.22000000000008,113.56000000000009,114.14000000000009,114.56000000000009,115.06000000000009,115.22000000000008,118.74000000000008,120.16000000000008,120.62000000000008,120.74000000000008,120.88000000000008,121.36000000000008,121.36000000000008,122.04000000000009,122.9400000000001,123.7400000000001,124.06000000000009,125.82000000000009,126.4400000000001,126.8800000000001,126.8800000000001,126.9200000000001,127.4400000000001,127.54000000000009,127.90000000000009,127.92000000000009,128.2400000000001,129.0200000000001,129.1200000000001,131.4200000000001,131.7200000000001,132.1400000000001,132.6200000000001,132.9800000000001,133.34000000000012,133.4400000000001,133.7200000000001,133.9800000000001,134.3600000000001,134.6800000000001,135.0200000000001,135.5800000000001,136.1200000000001,137.50000000000009,137.7800000000001,141.48000000000008,142.04000000000008,142.68000000000006,143.04000000000008,143.44000000000008,143.86000000000007,144.32000000000008,144.72000000000008,145.26000000000008,145.52000000000007,146.08000000000007,146.30000000000007,146.74000000000007,146.90000000000006,147.14000000000007,148.08000000000007,148.10000000000008,148.10000000000008,148.20000000000007,148.48000000000008
