,iter1,iter2,iter3,iter4,iter5,iter6,iter7,iter8,iter9,iter10,iter11,iter12,iter13,iter14,iter15,iter16,iter17,iter18,iter19,iter20,iter21,iter22,iter23,iter24,iter25,iter26,iter27,iter28,iter29,iter30,iter31,iter32,iter33,iter34,iter35,iter36,iter37,iter38,iter39,iter40,iter41,iter42,iter43,iter44,iter45,iter46,iter47,iter48,iter49,iter50,iter51,iter52,iter53,iter54,iter55,iter56,iter57,iter58,iter59,iter60,iter61,iter62,iter63,iter64,iter65,iter66,iter67,iter68,iter69,iter70,iter71,iter72,iter73,iter74,iter75,iter76,iter77,iter78,iter79,iter80,iter81,iter82,iter83,iter84,iter85,iter86,iter87,iter88,iter89,iter90,iter91,iter92,iter93,iter94,iter95,iter96,iter97,iter98,iter99,iter100,iter101,iter102,iter103,iter104,iter105,iter106,iter107,iter108,iter109,iter110,iter111,iter112,iter113,iter114,iter115,iter116,iter117,iter118,iter119,iter120,iter121,iter122,iter123,iter124,iter125,iter126,iter127,iter128,iter129,iter130,iter131,iter132,iter133,iter134,iter135,iter136,iter137,iter138,iter139,iter140,iter141,iter142,iter143,iter144,iter145,iter146,iter147,iter148,iter149,iter150,iter151,iter152,iter153,iter154,iter155,iter156,iter157,iter158,iter159,iter160,iter161,iter162,iter163,iter164,iter165,iter166,iter167,iter168,iter169,iter170,iter171,iter172,iter173,iter174,iter175,iter176,iter177,iter178,iter179,iter180,iter181,iter182,iter183,iter184,iter185,iter186,iter187,iter188,iter189,iter190,iter191,iter192,iter193,iter194,iter195,iter196,iter197,iter198,iter199,iter200,iter201,iter202,iter203,iter204,iter205,iter206,iter207,iter208,iter209,iter210,iter211,iter212,iter213,iter214,iter215,iter216,iter217,iter218,iter219,iter220,iter221,iter222,iter223,iter224,iter225,iter226,iter227,iter228,iter229,iter230,iter231,iter232,iter233,iter234,iter235,iter236,iter237,iter238,iter239,iter240,iter241,iter242,iter243,iter244,iter245,iter246,iter247,iter248,iter249,iter250,iter251
run1,0.3599999999999999,1.7799999999999998,1.9599999999999997,2.36,2.6799999999999997,3.0799999999999996,3.7199999999999998,4.02,4.56,4.659999999999999,5.199999999999999,5.359999999999999,5.539999999999999,5.6,5.819999999999999,5.879999999999999,6.139999999999999,6.679999999999999,7.079999999999999,7.499999999999999,8.059999999999999,8.339999999999998,8.939999999999998,9.319999999999997,9.339999999999996,10.919999999999996,10.939999999999996,11.519999999999996,12.539999999999996,12.619999999999996,12.659999999999997,12.699999999999998,12.739999999999998,13.2,14.239999999999998,14.299999999999999,15.139999999999999,15.139999999999999,15.219999999999999,15.219999999999999,15.479999999999999,15.899999999999999,15.919999999999998,16.299999999999997,16.539999999999996,16.799999999999997,16.859999999999996,16.859999999999996,17.059999999999995,18.139999999999993,18.339999999999993,18.679999999999993,18.699999999999992,18.73999999999999,19.13999999999999,19.33999999999999,19.37999999999999,19.459999999999987,19.579999999999988,20.119999999999987,20.559999999999988,20.85999999999999,21.45999999999999,22.039999999999992,24.27999999999999,24.41999999999999,24.539999999999992,24.89999999999999,25.019999999999992,25.21999999999999,25.45999999999999,26.17999999999999,26.33999999999999,26.65999999999999,27.03999999999999,27.49999999999999,27.99999999999999,28.559999999999988,28.85999999999999,29.11999999999999,29.43999999999999,30.859999999999992,31.679999999999993,32.31999999999999,32.35999999999999,32.39999999999999,35.29999999999999,35.35999999999999,35.71999999999999,35.87999999999999,36.359999999999985,36.639999999999986,37.37999999999999,37.89999999999999,38.21999999999999,38.47999999999999,38.97999999999999,39.27999999999999,39.679999999999986,40.259999999999984,40.29999999999998,40.41999999999998,41.03999999999998,41.27999999999998,41.73999999999998,42.05999999999998,42.19999999999998,42.43999999999998,42.639999999999986,42.679999999999986,43.27999999999999,43.759999999999984,44.579999999999984,45.05999999999998,46.03999999999998,46.39999999999998,46.699999999999974,46.89999999999998,47.439999999999976,48.03999999999998,48.41999999999998,48.79999999999998,49.079999999999984,49.65999999999998,50.05999999999998,50.23999999999998,51.87999999999998,55.39999999999998,55.839999999999975,56.559999999999974,56.739999999999974,57.199999999999974,57.619999999999976,58.159999999999975,58.379999999999974,59.25999999999998,59.59999999999998,60.41999999999998,61.01999999999998,61.43999999999998,65.13999999999999,65.33999999999999,66.17999999999999,66.69999999999999,66.85999999999999,68.01999999999998,69.77999999999999,70.11999999999999,70.71999999999998,71.07999999999998,71.55999999999999,71.74,72.14,72.5,72.7,73.38000000000001,74.22000000000001,76.96000000000001,77.32000000000001,77.84,78.26,78.82000000000001,79.30000000000001,79.82000000000001,80.34,80.72,81.08,82.24,83.61999999999999,84.39999999999999,85.17999999999999,85.72,86.3,86.61999999999999,86.96,87.03999999999999,87.38,88.0,88.8,89.14,89.58,89.96,90.33999999999999,91.05999999999999,92.69999999999999,96.21999999999998,96.51999999999998,96.85999999999999,96.89999999999999,97.44,101.14,101.5,102.18,102.32000000000001,102.66000000000001,102.80000000000001,103.08000000000001,103.26000000000002,103.32000000000002,103.42000000000002,103.54000000000002,105.62000000000002,108.46000000000002,108.84000000000002,109.98000000000002,110.70000000000002,111.50000000000001,112.44000000000001,113.38000000000001,114.54,115.10000000000001,115.2,115.48,116.04,116.60000000000001,117.06,117.60000000000001,121.28,122.46000000000001,122.94000000000001,123.46000000000001,124.02000000000001,124.44000000000001,124.54,124.82000000000001,125.26,125.76,126.56,127.28,128.2,128.48,128.78,129.4,130.32,130.6,131.01999999999998,131.73999999999998,133.85999999999999,134.99999999999997,138.27999999999997,138.69999999999996,139.51999999999995,139.77999999999994,140.29999999999995,142.41999999999996,142.89999999999995,143.83999999999995,146.13999999999996,147.03999999999996,147.77999999999997,148.39999999999998
run2,0.6000000000000001,1.1400000000000001,2.9,2.94,3.02,3.14,3.34,3.6799999999999997,3.88,4.04,4.0600000000000005,4.1000000000000005,4.16,4.16,5.0,5.4,5.7,5.7,5.9,5.960000000000001,6.420000000000001,7.200000000000001,7.220000000000001,7.300000000000001,7.300000000000001,7.540000000000001,7.800000000000001,8.22,8.600000000000001,8.640000000000002,8.680000000000003,9.000000000000004,9.340000000000003,10.760000000000003,11.120000000000003,11.240000000000002,11.440000000000001,11.680000000000001,11.820000000000002,11.940000000000001,12.32,12.64,12.8,12.860000000000001,13.040000000000001,13.860000000000001,13.88,14.280000000000001,14.760000000000002,15.120000000000001,15.120000000000001,16.54,16.84,17.66,18.26,19.840000000000003,20.260000000000005,20.440000000000005,21.480000000000004,21.740000000000006,22.460000000000004,22.920000000000005,23.480000000000004,23.800000000000004,24.200000000000003,24.560000000000002,25.1,25.400000000000002,25.6,26.060000000000002,26.240000000000002,26.660000000000004,27.080000000000005,27.560000000000006,27.840000000000007,28.400000000000006,28.620000000000005,29.020000000000003,29.320000000000004,29.940000000000005,30.060000000000006,30.340000000000007,30.78000000000001,31.38000000000001,31.74000000000001,32.34000000000001,32.74000000000001,32.92000000000001,33.18000000000001,33.36000000000001,33.760000000000005,34.10000000000001,37.00000000000001,37.36000000000001,37.60000000000001,37.98000000000001,38.96000000000001,39.34000000000001,39.62000000000001,39.66000000000001,39.80000000000001,40.38000000000001,40.84000000000001,41.16000000000001,41.22000000000001,41.460000000000015,41.48000000000002,41.68000000000002,41.72000000000002,42.36000000000002,42.68000000000002,43.12000000000002,43.38000000000002,44.100000000000016,44.600000000000016,45.62000000000002,45.70000000000002,46.06000000000002,46.100000000000016,46.58000000000001,46.80000000000001,47.88000000000001,48.42000000000001,48.82000000000001,48.88000000000001,48.98000000000001,49.52000000000001,51.16000000000001,54.68000000000001,55.56000000000001,55.94000000000001,56.76000000000001,57.34000000000001,59.58000000000001,59.62000000000001,63.320000000000014,64.22000000000001,64.76000000000002,64.96000000000002,66.12000000000002,66.70000000000002,67.44000000000001,67.60000000000001,68.44000000000001,69.08000000000001,69.50000000000001,69.66000000000001,70.18,70.52000000000001,71.14000000000001,71.70000000000002,72.00000000000001,72.36000000000001,75.10000000000001,75.58000000000001,76.10000000000001,76.42,76.96000000000001,77.54,78.02000000000001,78.4,79.18,79.54,80.22000000000001,80.42000000000002,81.26000000000002,81.78000000000002,82.38000000000001,83.76,84.12,85.28,87.36,87.4,87.94000000000001,91.64000000000001,92.20000000000002,92.80000000000001,93.34000000000002,93.84000000000002,94.92000000000002,95.44000000000001,95.84000000000002,96.18000000000002,96.26000000000002,96.60000000000002,96.94000000000003,97.38000000000002,97.76000000000002,98.14000000000001,99.78000000000002,103.30000000000001,103.60000000000001,103.94000000000001,103.98000000000002,104.78000000000002,105.50000000000001,105.64000000000001,105.92000000000002,106.10000000000002,106.16000000000003,106.58000000000003,109.42000000000003,109.94000000000003,110.50000000000003,111.68000000000004,112.06000000000003,112.54000000000003,112.64000000000003,113.44000000000003,117.12000000000003,119.24000000000004,120.18000000000004,121.12000000000003,121.68000000000004,122.20000000000003,122.30000000000003,122.84000000000003,125.14000000000003,125.60000000000002,126.28000000000003,127.00000000000003,127.50000000000003,127.92000000000003,128.64000000000004,129.78000000000003,130.08000000000004,130.70000000000005,131.28000000000006,131.56000000000006,131.66000000000005,132.58000000000004,132.70000000000005,133.84000000000003,134.12000000000003,137.40000000000003,138.56000000000003,139.28000000000003,139.56000000000003,139.84000000000003,140.36000000000004,140.62000000000003,142.74000000000004,143.66000000000003,144.08,144.9,145.38,146.32,147.12,147.86,148.42000000000002,149.04000000000002
run3,0.28,0.7000000000000001,1.1600000000000001,1.9800000000000002,2.04,2.2,2.68,3.1,3.98,4.34,4.34,5.76,6.06,6.88,7.06,7.539999999999999,8.559999999999999,8.579999999999998,10.159999999999998,10.559999999999999,10.879999999999999,11.28,11.84,11.9,12.280000000000001,12.82,12.92,13.46,13.74,14.14,14.16,14.22,14.260000000000002,14.3,14.66,15.24,16.22,16.48,16.64,17.14,17.44,17.84,18.46,18.6,18.84,18.88,19.48,19.76,22.66,22.92,23.14,23.2,23.66,24.7,24.7,24.9,24.959999999999997,25.799999999999997,25.879999999999995,25.919999999999995,25.959999999999994,25.979999999999993,26.059999999999995,26.319999999999997,26.74,27.0,27.38,28.099999999999998,28.099999999999998,28.099999999999998,28.259999999999998,28.74,28.88,29.0,29.74,30.259999999999998,30.86,31.22,31.34,31.54,31.779999999999998,32.099999999999994,32.21999999999999,32.25999999999999,32.79999999999999,33.39999999999999,33.599999999999994,34.019999999999996,34.099999999999994,34.53999999999999,34.879999999999995,35.279999999999994,36.699999999999996,36.94,37.54,38.36,38.7,38.940000000000005,39.400000000000006,39.720000000000006,40.36000000000001,40.620000000000005,41.00000000000001,41.52000000000001,41.80000000000001,42.24000000000001,42.60000000000001,43.14000000000001,43.34000000000001,43.64000000000001,43.940000000000005,44.14000000000001,44.46000000000001,44.84000000000001,44.96000000000001,45.540000000000006,47.78000000000001,48.38000000000001,48.78000000000001,48.96000000000001,49.34000000000001,50.98000000000001,54.500000000000014,55.22000000000001,55.66000000000001,55.70000000000001,55.90000000000001,56.500000000000014,56.72000000000001,57.20000000000001,57.74000000000001,61.44000000000001,61.60000000000001,61.62000000000001,61.66000000000001,62.82000000000001,63.18000000000001,63.720000000000006,64.30000000000001,64.70000000000002,65.06000000000002,65.68000000000002,66.58000000000003,67.04000000000002,67.36000000000001,67.70000000000002,68.78000000000002,69.62000000000002,71.38000000000002,71.58000000000003,72.36000000000003,72.54000000000003,72.96000000000004,73.50000000000004,73.88000000000004,74.24000000000004,75.40000000000003,75.96000000000004,76.26000000000003,76.62000000000003,77.10000000000004,79.84000000000003,80.04000000000003,80.72000000000004,81.56000000000004,81.88000000000004,82.66000000000004,83.14000000000004,84.52000000000004,84.86000000000004,85.38000000000004,85.90000000000003,86.48000000000003,86.52000000000004,86.86000000000004,86.94000000000004,87.28000000000004,88.08000000000004,88.42000000000004,88.86000000000004,89.24000000000004,89.62000000000003,91.26000000000003,94.78000000000003,95.08000000000003,95.42000000000003,95.46000000000004,96.18000000000004,96.32000000000004,96.82000000000004,97.36000000000004,101.06000000000004,101.34000000000005,101.48000000000005,101.66000000000005,101.72000000000006,102.24000000000005,102.34000000000005,102.70000000000005,104.78000000000004,105.46000000000005,106.54000000000005,107.34000000000005,107.90000000000005,110.74000000000005,111.14000000000006,111.52000000000005,112.70000000000006,113.18000000000006,113.28000000000006,114.08000000000006,117.76000000000005,119.88000000000005,120.44000000000005,121.38000000000005,121.90000000000005,122.00000000000004,122.28000000000004,122.84000000000005,123.38000000000005,123.84000000000005,124.78000000000004,125.34000000000005,125.84000000000005,126.56000000000004,127.70000000000005,128.12000000000003,128.60000000000002,129.18000000000004,129.48000000000005,130.10000000000005,131.02000000000004,131.14000000000004,132.30000000000004,132.58000000000004,133.30000000000004,134.44000000000003,137.72000000000003,138.00000000000003,138.52000000000004,138.78000000000003,139.50000000000003,141.62000000000003,142.54000000000002,142.96,143.78,144.72,147.02,147.82000000000002,148.56000000000003,149.18000000000004
run4,0.84,1.76,1.8000000000000003,1.9200000000000004,2.0000000000000004,2.5400000000000005,3.1400000000000006,3.5800000000000005,3.9000000000000004,4.220000000000001,4.6000000000000005,4.640000000000001,4.680000000000001,4.760000000000001,5.180000000000001,5.44,5.5200000000000005,5.5200000000000005,5.760000000000001,5.780000000000001,7.360000000000001,7.560000000000001,7.900000000000001,7.920000000000002,8.080000000000002,8.120000000000001,8.180000000000001,8.180000000000001,8.38,8.4,8.66,9.120000000000001,9.120000000000001,9.180000000000001,9.580000000000002,9.880000000000003,10.080000000000002,10.860000000000001,11.900000000000002,12.740000000000002,13.320000000000002,15.560000000000002,15.920000000000002,16.12,16.240000000000002,16.360000000000003,16.500000000000004,16.740000000000002,17.46,17.880000000000003,18.040000000000003,18.220000000000002,18.28,19.1,19.1,20.520000000000003,20.92,21.400000000000002,21.8,22.12,22.64,22.94,23.3,24.12,24.720000000000002,24.900000000000002,25.12,28.02,28.08,28.34,28.9,29.18,29.58,30.56,30.98,31.52,31.62,32.160000000000004,33.580000000000005,33.92000000000001,34.38000000000001,34.92000000000001,34.94000000000001,36.58000000000001,40.10000000000001,40.98000000000001,41.70000000000001,42.24000000000001,42.56000000000001,43.30000000000001,43.46000000000001,43.940000000000005,44.46000000000001,44.50000000000001,44.56000000000001,44.84000000000001,45.08000000000001,45.26000000000001,45.72000000000001,46.140000000000015,46.740000000000016,47.100000000000016,47.460000000000015,48.000000000000014,48.20000000000002,48.500000000000014,48.90000000000001,49.52000000000001,49.64000000000001,49.940000000000005,50.220000000000006,50.660000000000004,51.24,51.74,52.22,52.6,52.800000000000004,53.040000000000006,53.400000000000006,53.800000000000004,54.28,54.42,54.46,54.92,55.24,55.6,55.800000000000004,56.64000000000001,57.66000000000001,57.92000000000001,57.96000000000001,58.400000000000006,58.82000000000001,58.86000000000001,59.50000000000001,60.10000000000001,60.28000000000001,60.66000000000001,61.06000000000001,62.14000000000001,62.32000000000001,62.66000000000001,66.36000000000001,66.62000000000002,67.00000000000001,68.16000000000001,68.32000000000001,70.08000000000001,70.60000000000001,71.50000000000001,72.18000000000002,72.82000000000002,73.36000000000003,73.96000000000002,74.48000000000002,74.80000000000001,75.30000000000001,75.86000000000001,76.16000000000001,76.68,77.04,79.78,80.26,80.68,81.04,82.42,82.46000000000001,83.24000000000001,83.62,84.24000000000001,84.60000000000001,85.76,86.30000000000001,90.00000000000001,90.58000000000001,91.66000000000001,92.04,92.52000000000001,93.10000000000001,93.44000000000001,93.78000000000002,94.22000000000001,94.60000000000001,98.12,98.42,98.8,99.14,99.18,99.9,99.98,100.32000000000001,100.46000000000001,100.60000000000001,100.88000000000001,101.06000000000002,101.12000000000002,103.96000000000002,104.36000000000003,104.84000000000003,105.40000000000003,105.96000000000004,106.64000000000004,108.28000000000004,110.40000000000005,110.50000000000004,111.30000000000004,111.86000000000004,113.94000000000004,117.62000000000003,118.56000000000003,119.50000000000003,120.02000000000002,121.20000000000003,121.30000000000003,121.84000000000003,122.30000000000003,122.86000000000003,123.46000000000002,123.96000000000002,124.18000000000002,124.74000000000002,125.36000000000003,125.78000000000003,126.50000000000003,127.22000000000003,128.36,129.52,129.64000000000001,129.92000000000002,133.20000000000002,134.34,134.62,135.34,135.92000000000002,136.20000000000002,136.48000000000002,136.58,138.70000000000002,139.50000000000003,140.02000000000004,140.28000000000003,141.20000000000002,141.62,142.1,142.92,143.85999999999999,146.16,146.46,147.26000000000002,148.00000000000003,148.62000000000003
run5,0.62,1.4,2.48,3.04,3.4,5.48,5.74,6.0600000000000005,6.460000000000001,6.760000000000001,7.180000000000001,7.180000000000001,7.380000000000001,7.440000000000001,7.900000000000001,8.940000000000001,9.000000000000002,9.840000000000002,9.840000000000002,9.860000000000001,10.200000000000001,10.240000000000002,10.440000000000001,10.64,10.8,10.82,13.72,14.440000000000001,14.56,14.600000000000001,14.680000000000001,15.220000000000002,15.820000000000002,15.900000000000002,15.900000000000002,16.14,16.400000000000002,16.820000000000004,17.200000000000003,17.640000000000004,17.680000000000003,17.720000000000002,18.040000000000003,18.42,18.78,18.900000000000002,19.1,19.34,19.48,19.6,20.18,21.56,21.82,21.98,22.16,22.22,22.58,23.119999999999997,23.419999999999998,24.02,24.5,24.62,25.02,25.4,25.88,26.279999999999998,27.099999999999998,27.459999999999997,27.499999999999996,27.639999999999997,28.439999999999998,28.74,29.02,29.24,29.779999999999998,30.179999999999996,30.459999999999997,30.939999999999998,31.139999999999997,31.319999999999997,31.779999999999998,32.26,32.32,32.74,33.0,33.26,33.82,34.4,34.699999999999996,35.099999999999994,35.16,35.44,36.419999999999995,36.8,37.4,37.72,38.22,38.26,38.36,39.38,39.54,40.28,40.64,43.38,43.980000000000004,44.00000000000001,44.00000000000001,44.18000000000001,44.70000000000001,45.04000000000001,45.66000000000001,45.90000000000001,46.22000000000001,46.680000000000014,47.06000000000002,48.48000000000002,48.84000000000002,48.88000000000002,49.08000000000002,49.30000000000002,49.88000000000002,50.48000000000002,50.82000000000002,51.00000000000002,51.40000000000002,51.58000000000002,51.82000000000002,52.90000000000002,53.34000000000002,53.36000000000002,53.44000000000002,54.26000000000002,54.80000000000002,55.38000000000002,55.84000000000002,56.40000000000002,56.78000000000002,56.980000000000025,58.620000000000026,62.14000000000003,65.84000000000003,68.08000000000003,68.40000000000002,68.44000000000003,69.26000000000002,69.66000000000003,71.42000000000003,71.84000000000003,72.48000000000003,73.20000000000003,73.98000000000003,75.56000000000003,75.72000000000003,76.24000000000002,76.72000000000003,77.30000000000003,78.72000000000003,79.36000000000003,79.96000000000002,80.16000000000003,80.84000000000003,81.68000000000004,82.02000000000004,82.50000000000004,82.92000000000004,83.44000000000004,83.80000000000004,84.96000000000004,85.52000000000004,86.06000000000004,89.76000000000005,90.30000000000005,90.62000000000005,91.24000000000005,91.74000000000005,91.84000000000005,92.18000000000005,92.26000000000005,92.60000000000005,94.24000000000005,94.58000000000006,95.02000000000005,98.54000000000005,99.34000000000005,99.38000000000005,99.66000000000005,99.80000000000005,99.98000000000006,100.04000000000006,100.18000000000006,100.70000000000006,101.10000000000007,101.48000000000006,101.86000000000006,102.16000000000005,102.50000000000006,103.22000000000006,103.58000000000006,106.42000000000006,106.94000000000005,107.62000000000006,108.56000000000006,108.60000000000007,109.14000000000007,109.70000000000007,110.08000000000007,110.88000000000007,112.04000000000006,115.72000000000006,115.82000000000005,116.36000000000006,116.82000000000005,117.38000000000005,117.90000000000005,118.38000000000005,118.66000000000005,119.84000000000006,120.34000000000006,121.18000000000006,121.60000000000007,122.02000000000007,122.74000000000007,123.16000000000007,124.10000000000007,124.40000000000006,125.02000000000007,125.94000000000007,126.66000000000007,127.80000000000007,128.70000000000007,128.82000000000008,128.92000000000007,132.20000000000007,133.34000000000006,133.62000000000006,134.06000000000006,136.18000000000006,136.46000000000006,137.02000000000007,137.30000000000007,137.82000000000008,138.08000000000007,138.80000000000007,139.72000000000006,140.54000000000005,141.48000000000005,141.96000000000004,144.26000000000005,146.38000000000005,147.18000000000006,147.92000000000007
run6,0.38,0.7399999999999999,0.9799999999999999,1.3599999999999999,2.54,3.16,3.56,3.6799999999999997,3.9799999999999995,4.159999999999999,4.56,5.159999999999999,5.339999999999999,5.8199999999999985,6.159999999999998,6.759999999999998,7.299999999999998,7.559999999999998,7.859999999999998,8.139999999999997,8.579999999999997,8.779999999999996,9.139999999999995,9.739999999999995,10.199999999999996,10.339999999999996,10.919999999999996,10.959999999999997,11.939999999999998,12.099999999999998,15.379999999999997,15.699999999999998,16.199999999999996,16.239999999999995,16.559999999999995,16.619999999999994,16.899999999999995,17.139999999999993,18.21999999999999,18.25999999999999,18.65999999999999,19.29999999999999,22.97999999999999,23.03999999999999,23.87999999999999,23.87999999999999,23.919999999999987,24.37999999999999,24.37999999999999,24.439999999999987,24.639999999999986,24.659999999999986,25.019999999999985,25.499999999999986,25.759999999999987,26.159999999999986,26.699999999999985,26.859999999999985,27.039999999999985,27.099999999999984,27.679999999999986,28.499999999999986,28.539999999999985,28.579999999999984,29.059999999999985,29.079999999999984,29.159999999999982,29.159999999999982,29.339999999999982,30.759999999999984,31.799999999999983,32.11999999999998,32.499999999999986,32.859999999999985,33.05999999999999,33.59999999999999,33.899999999999984,34.45999999999999,34.539999999999985,34.539999999999985,34.79999999999998,35.219999999999985,35.499999999999986,35.87999999999999,36.47999999999999,36.91999999999999,37.139999999999986,37.19999999999999,37.45999999999999,37.69999999999999,38.41999999999999,38.83999999999999,38.999999999999986,39.01999999999999,39.43999999999999,39.83999999999999,39.87999999999999,39.95999999999999,39.999999999999986,40.11999999999998,40.47999999999998,40.59999999999998,40.79999999999998,41.039999999999985,41.15999999999998,41.29999999999998,41.61999999999998,41.77999999999998,42.25999999999998,42.99999999999998,43.51999999999998,44.93999999999998,45.539999999999985,46.359999999999985,46.539999999999985,46.999999999999986,47.41999999999999,48.43999999999999,48.75999999999999,49.21999999999999,49.75999999999999,49.959999999999994,50.25999999999999,50.47999999999999,50.91999999999999,51.55999999999999,51.89999999999999,51.919999999999995,52.49999999999999,53.379999999999995,53.58,53.92,55.68,56.06,56.46,58.7,59.540000000000006,60.260000000000005,60.580000000000005,61.18000000000001,61.28000000000001,61.82000000000001,62.34000000000001,62.82000000000001,64.4,64.96000000000001,65.26,65.52000000000001,66.00000000000001,66.80000000000001,67.32000000000001,67.52000000000001,68.06000000000002,68.44000000000001,69.60000000000001,69.96000000000001,70.16000000000001,70.84000000000002,71.68000000000002,72.30000000000003,72.40000000000002,73.32000000000002,73.66000000000003,74.00000000000003,74.08000000000003,74.42000000000003,77.16000000000003,78.80000000000003,79.14000000000003,79.58000000000003,83.10000000000002,83.60000000000002,83.96000000000002,84.74000000000002,85.54000000000002,86.06000000000002,86.84000000000002,87.38000000000002,89.02000000000002,92.54000000000002,92.64000000000001,92.92000000000002,93.06000000000002,93.24000000000002,93.30000000000003,93.44000000000003,93.48000000000003,93.86000000000003,94.22000000000003,95.38000000000002,96.76000000000002,97.30000000000003,101.00000000000003,101.58000000000003,102.26000000000003,103.06000000000003,103.48000000000003,103.88000000000004,104.44000000000004,107.34000000000005,108.42000000000004,108.80000000000004,109.10000000000004,109.48000000000003,109.82000000000004,110.54000000000003,113.38000000000004,113.74000000000004,114.30000000000004,115.46000000000004,116.40000000000003,116.88000000000004,116.98000000000003,117.52000000000004,117.98000000000003,120.28000000000003,120.80000000000003,124.50000000000003,125.06000000000003,125.62000000000003,126.20000000000003,126.48000000000003,127.20000000000003,127.68000000000004,128.18000000000004,128.60000000000002,128.90000000000003,129.52000000000004,130.44000000000003,131.38000000000002,131.66000000000003,132.38000000000002,134.50000000000003,135.64000000000001,136.78,136.9,137.18,137.6,138.01999999999998,138.83999999999997,139.11999999999998,139.37999999999997,139.89999999999998,142.01999999999998,142.82,143.54,144.48,145.38,146.12,146.68,147.3
run7,0.94,1.0999999999999999,1.16,1.98,2.1,2.3,2.54,2.58,2.62,2.64,2.7600000000000002,2.9000000000000004,3.2600000000000002,3.2600000000000002,4.68,5.16,5.46,5.92,6.96,7.0,7.14,7.739999999999999,8.2,9.1,9.68,10.08,10.7,11.0,11.24,11.64,12.040000000000001,12.360000000000001,12.420000000000002,13.260000000000002,13.260000000000002,13.3,13.3,13.360000000000001,13.56,14.06,15.08,15.24,15.26,15.3,18.2,18.62,19.02,19.36,19.56,19.759999999999998,20.479999999999997,20.779999999999998,21.04,21.06,22.22,22.34,22.72,22.98,23.400000000000002,23.680000000000003,24.120000000000005,24.380000000000006,24.980000000000008,25.180000000000007,25.220000000000006,25.580000000000005,26.420000000000005,26.740000000000006,27.020000000000007,27.620000000000008,28.000000000000007,28.480000000000008,28.860000000000007,28.920000000000005,28.960000000000004,29.520000000000003,29.6,29.6,29.84,30.32,30.8,30.84,30.96,31.04,31.419999999999998,31.74,32.1,32.64,32.94,33.14,33.32,33.72,33.94,34.0,34.26,34.36,34.9,34.92,35.2,35.580000000000005,35.980000000000004,36.52,37.120000000000005,37.56,38.14,39.78,43.3,44.12,44.54,45.26,45.66,46.019999999999996,46.17999999999999,46.919999999999995,47.44,47.8,48.14,48.32,48.5,48.96,50.04,50.28,51.160000000000004,51.760000000000005,52.2,53.78,54.34,54.800000000000004,55.00000000000001,55.42000000000001,55.76000000000001,56.08000000000001,56.34000000000001,57.12000000000001,57.44000000000001,57.66000000000001,61.360000000000014,61.90000000000001,62.54000000000001,63.180000000000014,63.600000000000016,64.18000000000002,66.42000000000002,67.02000000000001,67.20000000000002,67.98000000000002,68.50000000000001,68.66000000000001,69.20000000000002,69.74000000000002,70.28000000000003,70.80000000000003,71.12000000000002,71.68000000000002,71.98000000000002,72.34000000000002,72.92000000000002,73.42000000000002,73.90000000000002,76.64000000000001,77.16000000000001,77.68,78.36000000000001,78.56000000000002,79.24000000000002,80.08000000000003,80.42000000000003,80.90000000000003,80.94000000000004,82.36000000000004,84.12000000000005,84.48000000000005,86.56000000000004,87.18000000000005,87.74000000000005,88.82000000000005,89.16000000000005,89.50000000000006,89.94000000000005,90.32000000000005,90.62000000000005,91.00000000000004,91.34000000000005,91.38000000000005,94.90000000000005,94.98000000000005,95.32000000000005,96.12000000000005,96.26000000000005,96.98000000000005,97.12000000000005,97.40000000000005,97.58000000000006,97.64000000000006,98.06000000000006,98.16000000000005,98.56000000000006,99.36000000000006,99.74000000000005,102.58000000000006,103.14000000000006,103.62000000000006,104.56000000000006,104.94000000000005,106.12000000000006,106.68000000000006,106.78000000000006,107.58000000000006,109.22000000000006,111.34000000000006,111.86000000000006,111.96000000000005,112.50000000000006,113.06000000000006,113.52000000000005,117.20000000000005,118.14000000000004,118.64000000000004,119.00000000000004,120.38000000000004,121.36000000000004,121.78000000000004,122.32000000000005,123.48000000000005,124.62000000000005,125.34000000000005,126.06000000000004,127.22000000000004,127.52000000000004,128.14000000000004,128.26000000000005,128.54000000000005,129.12000000000006,130.04000000000005,131.18000000000004,131.46000000000004,134.74000000000004,135.46000000000004,135.74000000000004,136.02000000000004,136.54000000000005,136.80000000000004,138.92000000000004,139.34000000000003,140.26000000000002,141.08,141.56,143.86,144.66000000000003,145.40000000000003,146.02000000000004
run8,0.19999999999999996,0.36,0.4,0.4,1.2399999999999998,1.2599999999999998,1.9799999999999998,1.9999999999999998,2.0599999999999996,2.3999999999999995,2.5199999999999996,2.5599999999999996,2.6399999999999997,2.7199999999999998,2.7199999999999998,2.96,3.2199999999999998,3.6399999999999997,3.6999999999999997,4.1,4.1,4.3999999999999995,4.6,5.68,6.14,6.52,6.56,6.6,6.859999999999999,7.279999999999999,7.659999999999999,8.26,8.7,9.28,9.42,9.54,9.899999999999999,10.099999999999998,10.219999999999997,10.459999999999997,11.599999999999998,11.919999999999998,13.499999999999998,13.959999999999997,14.999999999999996,15.559999999999997,15.919999999999996,16.399999999999995,16.799999999999994,16.959999999999994,17.139999999999993,17.199999999999992,17.199999999999992,17.379999999999992,18.199999999999992,19.61999999999999,19.91999999999999,20.13999999999999,20.67999999999999,20.99999999999999,21.399999999999988,21.799999999999986,21.819999999999986,22.419999999999987,22.779999999999987,22.979999999999986,23.279999999999987,23.819999999999986,24.639999999999986,25.119999999999987,25.179999999999986,25.439999999999987,25.999999999999986,26.419999999999987,26.799999999999986,27.079999999999988,27.259999999999987,27.719999999999988,28.13999999999999,28.61999999999999,28.71999999999999,28.839999999999993,29.439999999999994,29.839999999999993,30.099999999999994,30.279999999999994,30.559999999999995,30.899999999999995,31.199999999999996,31.599999999999994,31.999999999999993,32.61999999999999,35.51999999999999,35.69999999999999,37.33999999999999,40.859999999999985,41.29999999999998,41.65999999999998,42.039999999999985,42.91999999999999,43.23999999999999,43.47999999999999,45.71999999999999,46.03999999999999,47.11999999999999,47.75999999999999,48.29999999999999,48.67999999999999,49.15999999999999,49.319999999999986,50.05999999999999,50.57999999999999,50.61999999999999,51.11999999999999,52.13999999999999,52.49999999999999,52.559999999999995,52.839999999999996,52.86,53.44,53.48,54.08,54.519999999999996,54.76,55.739999999999995,56.199999999999996,56.339999999999996,56.66,56.699999999999996,56.9,57.12,57.94,58.48,58.739999999999995,58.81999999999999,59.39999999999999,63.099999999999994,64.52,64.56,66.32000000000001,66.96000000000001,67.30000000000001,67.9,68.10000000000001,68.64000000000001,69.22000000000001,70.06000000000002,70.66000000000001,71.18,71.96000000000001,72.12,73.28,73.8,74.22,74.58,75.74,75.94,76.62,77.46000000000001,78.00000000000001,78.36000000000001,78.92000000000002,79.22000000000001,79.58000000000001,82.32000000000001,82.9,83.4,83.96000000000001,85.34,85.68,86.46000000000001,86.98,87.5,87.98,88.3,88.64,88.72,89.06,89.68,90.48,90.82000000000001,91.26,91.64,92.02,92.74,94.38,97.89999999999999,98.19999999999999,98.53999999999999,98.58,99.12,102.82000000000001,103.18,103.32000000000001,103.60000000000001,103.74000000000001,103.92000000000002,103.98000000000002,104.52000000000002,104.62000000000002,105.30000000000003,107.38000000000002,108.18000000000002,109.12000000000002,109.52000000000002,112.36000000000003,112.40000000000003,112.96000000000004,114.12000000000003,114.68000000000004,115.06000000000003,116.00000000000003,116.10000000000002,116.38000000000002,116.92000000000003,117.38000000000002,119.68000000000002,120.16000000000003,120.44000000000003,120.96000000000002,124.64000000000001,125.06000000000002,126.24000000000002,126.34000000000002,126.82000000000002,127.54000000000002,127.96000000000002,128.46000000000004,129.26000000000005,129.56000000000006,130.18000000000006,131.10000000000005,131.38000000000005,133.50000000000006,134.42000000000004,135.56000000000003,136.28000000000003,136.56000000000003,136.68000000000004,139.96000000000004,140.38000000000002,141.20000000000002,141.92000000000002,144.04000000000002,144.3,144.82000000000002,145.76000000000002,146.66000000000003,147.40000000000003,147.96000000000004,148.58000000000004
run9,2.9,3.02,3.26,3.6199999999999997,3.9799999999999995,5.14,5.26,5.3999999999999995,5.9799999999999995,8.219999999999999,8.999999999999998,9.739999999999998,10.259999999999998,10.739999999999998,11.079999999999998,11.399999999999999,11.559999999999999,12.079999999999998,12.299999999999999,12.78,13.04,13.459999999999999,13.739999999999998,14.12,14.2,14.2,14.44,14.459999999999999,14.719999999999999,14.799999999999999,14.84,14.88,15.34,15.34,15.4,15.6,16.64,17.240000000000002,17.680000000000003,18.220000000000002,18.62,19.240000000000002,19.540000000000003,19.580000000000002,19.720000000000002,20.180000000000003,20.42,20.46,20.720000000000002,20.92,21.76,22.080000000000002,22.900000000000002,23.8,24.080000000000002,24.660000000000004,24.960000000000004,24.980000000000004,25.700000000000003,26.200000000000003,26.360000000000003,26.960000000000004,27.020000000000003,27.580000000000002,27.94,28.18,28.66,29.04,29.36,29.72,29.919999999999998,30.459999999999997,30.759999999999998,30.88,31.36,31.68,32.06,32.5,33.1,33.480000000000004,33.86000000000001,34.18000000000001,34.440000000000005,34.86000000000001,35.02,35.2,36.02,36.080000000000005,36.440000000000005,36.92,38.34,38.56,38.620000000000005,38.88,39.260000000000005,39.660000000000004,40.2,40.78,40.96,41.42,41.84,42.440000000000005,43.040000000000006,44.06000000000001,44.24000000000001,44.64000000000001,44.92000000000001,45.26000000000001,45.680000000000014,47.44000000000001,48.860000000000014,48.94000000000001,48.98000000000001,49.10000000000001,49.50000000000001,49.56000000000001,49.56000000000001,50.400000000000006,50.800000000000004,50.800000000000004,51.24,51.7,51.900000000000006,52.24000000000001,53.88000000000001,57.400000000000006,58.28000000000001,59.86000000000001,59.88000000000001,60.28000000000001,60.60000000000001,60.64000000000001,60.68000000000001,61.040000000000006,61.440000000000005,61.620000000000005,61.980000000000004,62.080000000000005,62.720000000000006,63.02,63.2,64.36,64.96,65.08,67.92,68.3,68.82,69.16,69.8,70.42,70.58,70.6,70.64,70.84,71.18,74.88000000000001,75.66000000000001,75.86000000000001,76.40000000000002,76.50000000000001,77.04000000000002,77.60000000000002,77.90000000000002,78.26000000000002,78.74000000000002,80.38000000000002,80.72000000000003,81.16000000000003,84.68000000000002,86.76000000000002,89.50000000000001,90.32000000000001,90.86000000000001,91.80000000000001,92.48000000000002,92.68000000000002,93.52000000000002,93.62000000000002,93.98000000000002,94.50000000000001,95.02000000000001,95.06000000000002,95.40000000000002,95.90000000000002,96.18000000000002,96.32000000000002,96.50000000000003,96.56000000000003,96.70000000000003,97.22000000000003,97.80000000000003,97.84000000000003,98.24000000000004,99.32000000000004,100.12000000000003,100.66000000000004,101.74000000000004,102.54000000000003,106.24000000000004,106.80000000000004,107.60000000000004,108.78000000000004,109.34000000000005,109.44000000000004,109.72000000000004,110.26000000000005,110.72000000000004,113.02000000000004,113.58000000000004,114.30000000000004,114.68000000000004,114.98000000000003,115.36000000000003,115.70000000000003,116.84000000000003,117.56000000000003,117.98000000000003,118.46000000000004,120.58000000000004,121.52000000000004,122.08000000000004,122.50000000000004,123.48000000000005,124.86000000000004,125.54000000000005,126.04000000000005,126.76000000000005,127.18000000000005,127.76000000000005,128.04000000000005,128.34000000000006,128.96000000000006,129.88000000000005,130.16000000000005,131.30000000000004,132.02000000000004,133.18000000000004,136.46000000000004,136.74000000000004,138.86000000000004,139.38000000000005,139.64000000000004,140.56000000000003,140.98000000000002,141.8,142.28,143.22,144.02,144.76000000000002,145.32000000000002,145.94000000000003
run10,0.040000000000000036,0.24,0.5399999999999998,0.6999999999999998,0.8999999999999998,1.2399999999999998,1.2599999999999998,1.38,1.42,2.2,5.88,6.08,6.08,6.140000000000001,6.540000000000001,6.6000000000000005,6.6000000000000005,7.0600000000000005,7.380000000000001,7.760000000000001,7.780000000000001,8.040000000000001,8.120000000000001,8.120000000000001,8.160000000000002,8.200000000000003,8.440000000000003,8.880000000000003,9.260000000000003,9.520000000000003,9.940000000000003,10.060000000000002,10.200000000000003,10.560000000000002,10.680000000000001,10.88,11.120000000000001,12.260000000000002,12.820000000000002,13.180000000000001,13.480000000000002,13.740000000000002,14.200000000000003,15.240000000000002,15.800000000000002,15.880000000000003,16.320000000000004,16.920000000000005,17.320000000000004,17.940000000000005,18.420000000000005,18.780000000000005,19.080000000000005,19.620000000000005,20.220000000000006,20.400000000000006,20.780000000000005,20.900000000000006,21.200000000000006,21.680000000000007,21.720000000000006,22.540000000000006,22.680000000000007,23.28000000000001,23.640000000000008,24.220000000000006,24.520000000000007,24.78000000000001,24.980000000000008,25.220000000000006,25.680000000000007,25.720000000000006,25.920000000000005,26.820000000000004,27.180000000000003,27.900000000000002,28.380000000000003,28.400000000000002,29.240000000000002,29.400000000000002,29.580000000000002,29.64,30.46,30.86,32.28,32.6,32.88,33.260000000000005,33.480000000000004,33.84,34.32,34.72,35.0,35.54,35.94,36.54,37.22,37.42,38.260000000000005,38.580000000000005,39.18000000000001,39.400000000000006,40.980000000000004,40.980000000000004,41.38,41.7,41.980000000000004,43.00000000000001,43.440000000000005,43.50000000000001,43.760000000000005,44.32000000000001,44.38000000000001,44.76000000000001,44.780000000000015,45.360000000000014,45.54000000000001,46.000000000000014,46.420000000000016,47.20000000000002,47.600000000000016,47.94000000000002,48.12000000000002,49.76000000000002,53.280000000000015,53.320000000000014,54.20000000000002,54.56000000000002,57.30000000000002,57.54000000000002,58.26000000000002,59.64000000000002,59.980000000000025,60.020000000000024,60.760000000000026,60.92000000000002,61.520000000000024,62.04000000000003,62.46000000000003,63.04000000000003,63.24000000000003,64.40000000000003,65.04000000000003,65.22000000000004,65.38000000000004,65.48000000000003,66.56000000000003,66.94000000000003,69.18000000000002,70.00000000000001,71.76000000000002,72.18000000000002,72.82000000000002,73.34000000000002,73.86000000000001,74.40000000000002,74.50000000000001,75.04000000000002,75.36000000000001,75.86000000000001,76.44000000000001,79.34000000000002,80.76000000000002,81.30000000000003,81.78000000000003,82.12000000000003,82.48000000000003,83.64000000000003,84.16000000000003,84.68000000000002,85.16000000000003,85.20000000000003,85.74000000000004,86.28000000000004,88.36000000000004,88.98000000000005,89.34000000000005,93.04000000000005,93.72000000000006,94.14000000000006,94.48000000000006,94.56000000000006,94.90000000000006,95.24000000000007,95.68000000000006,96.06000000000006,96.36000000000006,96.74000000000005,97.08000000000006,97.12000000000006,98.76000000000006,102.28000000000006,103.08000000000006,103.22000000000006,103.50000000000006,103.64000000000006,103.82000000000006,103.88000000000007,104.60000000000007,104.70000000000006,105.78000000000006,106.32000000000006,110.02000000000007,110.82000000000006,111.38000000000007,111.78000000000007,114.62000000000008,115.42000000000007,115.98000000000008,117.16000000000008,117.54000000000008,118.02000000000008,120.14000000000009,121.08000000000008,121.64000000000009,122.16000000000008,122.26000000000008,122.54000000000008,124.84000000000007,125.38000000000008,125.84000000000007,126.78000000000007,127.76000000000008,128.24000000000007,128.96000000000006,129.46000000000006,129.88000000000005,131.02000000000004,131.32000000000005,131.94000000000005,132.86000000000004,133.14000000000004,133.72000000000006,134.00000000000006,134.12000000000006,134.84000000000006,135.12000000000006,136.28000000000006,139.56000000000006,140.28000000000006,140.80000000000007,141.06000000000006,143.18000000000006,144.10000000000005,144.52000000000004,145.34000000000003,146.28000000000003,147.08000000000004,147.82000000000005,148.38000000000005,149.00000000000006
run11,0.52,0.5600000000000002,0.6400000000000002,0.6600000000000003,0.7800000000000001,1.1800000000000002,1.8,2.0999999999999996,2.2799999999999994,2.5199999999999996,2.9999999999999996,3.34,3.6399999999999997,3.92,4.5,4.859999999999999,5.34,5.38,5.9799999999999995,6.56,6.699999999999999,6.859999999999999,10.139999999999999,10.599999999999998,10.699999999999998,11.499999999999998,11.859999999999998,12.059999999999997,12.659999999999997,13.499999999999996,13.539999999999996,13.799999999999995,14.119999999999996,14.619999999999996,14.659999999999997,14.719999999999997,14.999999999999996,15.039999999999996,15.359999999999996,16.379999999999995,17.459999999999994,17.459999999999994,17.519999999999992,17.71999999999999,17.77999999999999,17.77999999999999,18.61999999999999,18.65999999999999,19.11999999999999,19.13999999999999,19.39999999999999,20.11999999999999,20.51999999999999,21.49999999999999,21.65999999999999,21.67999999999999,21.87999999999999,22.29999999999999,22.63999999999999,23.03999999999999,23.51999999999999,23.83999999999999,24.219999999999988,24.259999999999987,24.559999999999988,24.759999999999987,24.999999999999986,25.079999999999984,25.119999999999983,25.239999999999984,26.059999999999985,26.139999999999986,26.139999999999986,26.699999999999985,26.959999999999987,27.37999999999999,27.759999999999987,27.899999999999988,28.01999999999999,28.259999999999987,28.619999999999987,28.739999999999988,28.939999999999987,29.259999999999987,29.479999999999986,29.919999999999987,30.19999999999999,30.79999999999999,31.83999999999999,32.27999999999999,32.87999999999999,33.27999999999999,33.65999999999999,34.01999999999999,34.21999999999999,34.75999999999999,35.05999999999999,35.23999999999999,35.399999999999984,35.579999999999984,35.639999999999986,36.11999999999998,36.33999999999998,37.15999999999998,37.219999999999985,37.47999999999998,37.899999999999984,38.29999999999998,38.83999999999998,38.93999999999998,39.47999999999998,39.83999999999998,39.859999999999985,40.23999999999999,40.83999999999999,41.57999999999999,41.83999999999999,43.47999999999999,46.999999999999986,50.679999999999986,51.55999999999999,51.95999999999999,52.539999999999985,52.719999999999985,53.179999999999986,53.499999999999986,53.499999999999986,53.679999999999986,55.09999999999999,55.819999999999986,56.23999999999999,56.47999999999999,56.93999999999999,57.47999999999999,57.67999999999999,59.43999999999999,60.21999999999999,60.599999999999994,60.94,61.54,62.36,62.88,63.42,64.06,65.64,67.06,67.48,68.64,68.84,69.52000000000001,70.36000000000001,72.60000000000001,73.16000000000001,73.52000000000001,74.04,74.68,75.22000000000001,75.56000000000002,76.12000000000002,76.42000000000002,76.78000000000002,79.52000000000001,80.10000000000001,80.60000000000001,81.08000000000001,81.88000000000001,82.4,82.92,83.48,84.02000000000001,84.36000000000001,84.70000000000002,85.14000000000001,85.52000000000001,85.9,89.42,89.72,90.06,90.10000000000001,90.18,90.52000000000001,91.14000000000001,91.86000000000001,92.34000000000002,92.48000000000002,92.86000000000001,93.00000000000001,93.28000000000002,93.46000000000002,93.52000000000002,93.88000000000002,95.04000000000002,95.40000000000002,96.34000000000002,98.42000000000002,98.52000000000001,99.20000000000002,100.00000000000001,100.54000000000002,101.12000000000002,104.82000000000002,107.66000000000003,108.06000000000003,108.84000000000003,109.92000000000003,112.82000000000004,113.76000000000003,114.32000000000004,114.80000000000004,115.36000000000004,115.74000000000004,116.02000000000004,117.66000000000004,118.82000000000004,118.92000000000003,119.46000000000004,119.92000000000003,120.48000000000003,121.00000000000003,124.70000000000003,125.12000000000003,126.30000000000004,126.80000000000004,127.52000000000004,127.94000000000004,128.38000000000005,129.10000000000005,130.24000000000004,130.54000000000005,131.16000000000005,132.08000000000004,132.88000000000005,133.16000000000005,133.44000000000005,134.16000000000005,134.28000000000006,135.18000000000006,137.30000000000007,138.44000000000005,138.72000000000006,139.24000000000007,139.50000000000006,141.62000000000006,142.54000000000005,142.96000000000004,143.78000000000003,144.26000000000002,145.20000000000002,147.50000000000003,148.24000000000004,148.86000000000004
run12,0.72,1.12,1.1800000000000002,1.4400000000000002,1.4800000000000002,4.38,4.4799999999999995,4.52,4.579999999999999,4.6,4.84,5.12,5.38,5.92,5.92,5.9799999999999995,6.0,6.26,7.1,7.819999999999999,7.8999999999999995,7.8999999999999995,8.139999999999999,8.339999999999998,8.679999999999998,8.799999999999997,8.839999999999998,8.919999999999998,9.299999999999997,9.579999999999997,10.139999999999997,10.959999999999997,11.219999999999997,11.639999999999997,12.179999999999996,12.779999999999996,13.219999999999995,13.599999999999996,13.999999999999996,14.319999999999997,14.639999999999997,15.019999999999996,15.059999999999997,15.099999999999998,15.119999999999997,15.159999999999997,15.619999999999997,15.779999999999998,16.819999999999997,16.819999999999997,16.879999999999995,17.379999999999995,17.579999999999995,18.999999999999993,19.359999999999992,20.379999999999992,20.859999999999992,21.019999999999992,21.199999999999992,21.199999999999992,21.25999999999999,21.55999999999999,21.95999999999999,22.57999999999999,22.879999999999992,23.23999999999999,23.59999999999999,24.13999999999999,24.33999999999999,24.51999999999999,24.97999999999999,25.39999999999999,25.699999999999992,26.179999999999993,26.599999999999994,26.719999999999995,27.259999999999994,27.739999999999995,27.879999999999995,27.999999999999996,28.359999999999996,28.479999999999997,28.679999999999996,28.999999999999996,29.159999999999997,29.899999999999995,30.139999999999993,30.659999999999993,31.259999999999994,32.67999999999999,33.279999999999994,33.67999999999999,34.279999999999994,34.67999999999999,34.85999999999999,35.199999999999996,35.779999999999994,36.379999999999995,36.8,37.08,37.379999999999995,37.58,38.66,40.3,43.81999999999999,47.519999999999996,47.959999999999994,48.559999999999995,48.99999999999999,49.879999999999995,50.339999999999996,50.879999999999995,51.519999999999996,51.839999999999996,52.099999999999994,52.17999999999999,52.559999999999995,53.03999999999999,53.61999999999999,55.85999999999999,56.47999999999999,56.99999999999999,57.15999999999999,57.17999999999999,57.21999999999999,57.99999999999999,58.39999999999999,58.739999999999995,59.12,59.94,61.519999999999996,62.059999999999995,62.779999999999994,63.019999999999996,63.339999999999996,63.379999999999995,63.919999999999995,64.11999999999999,64.47999999999999,64.66,64.88,65.46,66.3,68.06,68.24000000000001,69.4,69.44000000000001,69.58000000000001,70.04,70.24000000000001,70.88000000000001,71.4,71.82000000000001,72.2,72.56,73.72,75.1,75.3,75.98,76.66000000000001,77.50000000000001,77.86000000000001,78.40000000000002,79.18000000000002,82.88000000000002,83.44000000000003,83.74000000000002,84.10000000000002,86.84000000000002,87.40000000000002,87.88000000000002,88.22000000000003,88.74000000000002,89.24000000000002,89.82000000000002,90.38000000000002,90.90000000000002,92.98000000000002,93.46000000000002,94.54000000000002,94.64000000000001,94.98000000000002,95.32000000000002,95.76000000000002,96.14000000000001,96.52000000000001,96.82000000000001,97.16000000000001,97.20000000000002,98.84000000000002,102.36000000000001,102.44000000000001,102.78000000000002,103.58000000000001,103.86000000000001,104.00000000000001,104.18000000000002,104.24000000000002,104.38000000000002,105.10000000000002,105.52000000000002,105.92000000000003,108.76000000000003,109.56000000000003,109.92000000000003,111.10000000000004,111.66000000000004,112.04000000000003,115.72000000000003,116.66000000000003,118.78000000000003,118.88000000000002,119.16000000000003,119.70000000000003,120.26000000000003,120.72000000000003,120.82000000000002,121.62000000000002,122.14000000000001,123.08000000000001,123.56000000000002,124.12000000000002,124.62000000000002,125.76000000000002,126.48000000000002,126.90000000000002,127.48000000000002,127.76000000000002,128.06000000000003,128.68000000000004,129.84000000000003,129.96000000000004,130.88000000000002,131.16000000000003,132.3,135.58,135.86,136.84,137.56,138.38,138.9,139.16,141.28,142.22,142.64,144.94,145.85999999999999,146.67999999999998,147.48,148.22,148.84
run13,0.44000000000000006,1.8599999999999999,2.84,3.1999999999999997,3.1999999999999997,3.38,3.88,4.9,5.380000000000001,5.960000000000001,6.0600000000000005,9.34,9.379999999999999,9.68,10.08,10.4,10.8,11.08,11.38,11.420000000000002,11.480000000000002,11.740000000000002,11.760000000000002,11.860000000000001,12.940000000000001,14.580000000000002,14.660000000000002,15.000000000000002,15.040000000000003,15.500000000000004,16.540000000000003,17.180000000000003,17.240000000000002,18.080000000000002,18.080000000000002,18.14,18.14,18.34,18.36,18.62,19.34,19.74,19.979999999999997,20.599999999999998,21.06,21.2,21.52,22.12,22.700000000000003,22.740000000000002,23.020000000000003,23.560000000000002,23.8,23.880000000000003,23.92,23.96,24.12,24.18,24.36,24.439999999999998,24.439999999999998,24.679999999999996,25.239999999999995,25.459999999999994,25.519999999999992,25.779999999999994,26.159999999999993,26.419999999999995,26.839999999999996,27.219999999999995,27.499999999999996,27.679999999999996,28.139999999999997,28.619999999999997,29.04,29.439999999999998,29.759999999999998,29.88,29.919999999999998,30.0,30.32,30.7,31.24,31.68,31.88,32.04,32.06,32.400000000000006,32.82000000000001,32.86000000000001,33.260000000000005,33.86000000000001,34.220000000000006,34.42000000000001,34.96000000000001,35.260000000000005,35.38,35.68,35.88,36.04,36.519999999999996,36.66,37.019999999999996,37.13999999999999,37.339999999999996,37.58,37.699999999999996,38.019999999999996,38.76,39.28,40.7,41.24,41.84,42.660000000000004,43.120000000000005,43.32000000000001,43.66000000000001,43.88000000000001,43.90000000000001,44.420000000000016,45.06000000000002,45.66000000000002,46.240000000000016,48.48000000000002,48.960000000000015,49.38000000000002,50.20000000000002,50.58000000000002,51.18000000000002,51.58000000000002,51.76000000000002,52.240000000000016,52.62000000000002,54.26000000000002,57.780000000000015,61.460000000000015,61.90000000000001,62.780000000000015,63.500000000000014,63.860000000000014,63.90000000000001,64.30000000000001,64.82000000000001,65.62,66.2,66.38000000000001,66.74000000000001,67.08000000000001,67.70000000000002,69.28000000000002,69.40000000000002,72.24000000000002,72.62000000000002,73.16000000000003,73.70000000000003,75.46000000000004,76.62000000000003,76.82000000000004,77.42000000000003,77.62000000000003,78.30000000000004,79.14000000000004,79.50000000000004,79.64000000000004,80.20000000000005,80.54000000000005,81.34000000000005,81.68000000000005,81.72000000000006,82.28000000000006,82.58000000000006,83.30000000000005,84.44000000000005,87.96000000000005,88.32000000000005,88.82000000000005,90.90000000000005,93.64000000000004,93.96000000000004,94.74000000000004,95.22000000000004,95.74000000000004,96.12000000000003,96.68000000000004,97.04000000000003,98.20000000000003,99.58000000000003,99.86000000000003,100.00000000000003,100.18000000000004,100.24000000000004,100.76000000000003,100.86000000000003,101.40000000000003,105.10000000000004,105.64000000000004,106.22000000000004,106.60000000000004,106.90000000000003,107.24000000000004,107.62000000000003,107.98000000000003,108.66000000000004,109.38000000000004,110.18000000000004,111.12000000000003,111.52000000000004,112.30000000000004,113.38000000000004,116.28000000000004,117.22000000000004,117.50000000000004,118.06000000000004,118.16000000000004,118.44000000000004,118.98000000000005,121.28000000000004,121.74000000000004,122.30000000000004,122.72000000000004,123.20000000000005,125.32000000000005,125.74000000000005,126.26000000000005,127.44000000000005,131.14000000000004,131.58000000000004,132.30000000000004,132.80000000000004,133.60000000000005,134.02000000000004,134.32000000000005,134.94000000000005,135.86000000000004,136.14000000000004,137.06000000000003,137.78000000000003,138.06000000000003,139.22000000000003,140.36,140.78,141.6,143.72,143.98,144.5,144.98,145.92,146.82,147.56,148.12,148.74
run14,0.05999999999999994,0.14,0.14,0.38,0.44000000000000006,0.68,1.0,1.54,1.8,2.16,2.3600000000000003,2.54,2.96,3.42,5.0600000000000005,5.66,6.38,6.4,7.220000000000001,7.700000000000001,8.000000000000002,8.200000000000001,8.740000000000002,9.000000000000002,9.220000000000002,9.640000000000002,9.740000000000002,10.180000000000001,10.600000000000001,10.900000000000002,11.300000000000002,11.540000000000003,12.160000000000002,12.280000000000001,12.760000000000002,13.060000000000002,13.660000000000002,14.060000000000002,15.140000000000002,15.520000000000003,15.700000000000003,15.980000000000002,16.380000000000003,17.200000000000003,20.720000000000002,20.900000000000002,21.26,21.66,22.0,22.28,25.96,26.54,26.56,26.82,27.54,27.8,28.220000000000002,28.6,28.720000000000002,28.76,28.840000000000003,28.840000000000003,28.900000000000002,29.740000000000002,29.900000000000002,29.92,29.96,30.560000000000002,31.14,31.3,32.34,32.800000000000004,32.940000000000005,32.980000000000004,33.080000000000005,33.120000000000005,33.160000000000004,33.18000000000001,33.260000000000005,33.760000000000005,33.96000000000001,33.96000000000001,34.02000000000001,34.44000000000001,34.84000000000001,35.14000000000001,36.56000000000001,37.38000000000001,38.96000000000001,39.34000000000001,39.66000000000001,40.64000000000001,41.24000000000001,41.68000000000001,41.720000000000006,42.040000000000006,42.580000000000005,42.74,43.22,43.96,44.480000000000004,44.6,44.74,44.980000000000004,45.34,45.46,45.660000000000004,45.980000000000004,47.36000000000001,47.580000000000005,47.68000000000001,48.28000000000001,48.88000000000001,49.90000000000001,50.06000000000001,50.24000000000001,50.30000000000001,51.180000000000014,51.58000000000001,51.94000000000001,51.94000000000001,52.34000000000001,52.82000000000001,53.60000000000001,53.70000000000001,54.16000000000001,54.360000000000014,54.90000000000001,55.460000000000015,55.54000000000001,55.88000000000002,56.22000000000002,56.34000000000002,59.08000000000002,59.46000000000002,59.72000000000002,59.90000000000002,60.74000000000002,60.940000000000026,61.72000000000003,62.06000000000003,62.52000000000003,62.900000000000034,64.54000000000003,64.88000000000004,65.32000000000004,65.80000000000004,66.00000000000004,66.68000000000005,67.52000000000005,67.86000000000006,69.02000000000005,69.54000000000005,71.30000000000005,71.84000000000006,72.22000000000006,73.04000000000005,73.42000000000004,74.22000000000004,74.80000000000004,77.04000000000003,77.18000000000004,77.80000000000004,78.36000000000004,78.68000000000004,82.38000000000004,82.58000000000004,82.90000000000003,84.32000000000004,84.60000000000004,84.74000000000004,84.92000000000004,84.98000000000005,88.50000000000004,89.14000000000004,89.60000000000004,89.94000000000004,90.30000000000004,90.80000000000004,91.34000000000005,94.18000000000005,94.70000000000005,95.24000000000005,95.76000000000005,96.28000000000004,96.32000000000005,96.36000000000006,97.16000000000005,98.24000000000005,98.60000000000005,99.76000000000005,100.32000000000005,100.62000000000005,100.98000000000005,103.06000000000004,103.54000000000005,104.26000000000005,104.80000000000005,105.38000000000005,109.08000000000006,109.62000000000006,110.02000000000007,110.70000000000007,111.50000000000007,114.40000000000008,115.04000000000008,115.62000000000008,116.34000000000007,116.72000000000007,117.02000000000007,117.40000000000006,117.74000000000007,118.88000000000007,119.60000000000007,119.96000000000006,120.44000000000007,121.00000000000007,123.12000000000008,123.64000000000007,124.06000000000007,125.00000000000007,125.28000000000007,125.84000000000007,126.34000000000007,126.90000000000008,127.84000000000007,129.02000000000007,129.44000000000005,129.92000000000004,130.36000000000004,130.66000000000005,131.28000000000006,132.20000000000005,133.36000000000004,133.64000000000004,134.44000000000005,135.36000000000004,135.64000000000004,136.78000000000003,140.06000000000003,140.34000000000003,142.46000000000004,142.72000000000003,143.24000000000004,143.96000000000004,144.38000000000002,145.32000000000002,147.62000000000003,148.52000000000004,149.26000000000005,149.88000000000005
run15,0.56,0.8400000000000001,0.9800000000000002,1.6,2.06,2.1,2.26,5.539999999999999,6.179999999999999,6.699999999999999,7.159999999999999,7.699999999999999,7.699999999999999,7.759999999999999,8.599999999999998,8.599999999999998,8.659999999999998,8.859999999999998,8.879999999999997,9.039999999999997,9.239999999999997,9.259999999999996,9.599999999999996,9.639999999999997,10.039999999999997,10.299999999999997,10.599999999999998,10.799999999999997,10.839999999999998,10.879999999999999,10.999999999999998,11.04,11.579999999999998,12.019999999999998,12.099999999999998,12.179999999999998,12.179999999999998,12.599999999999998,12.859999999999998,13.239999999999998,13.559999999999999,13.7,13.819999999999999,14.179999999999998,14.379999999999997,14.499999999999996,15.079999999999997,17.319999999999997,17.799999999999997,18.179999999999996,18.499999999999996,18.519999999999996,18.759999999999994,18.919999999999995,19.459999999999994,19.519999999999992,20.339999999999993,20.519999999999992,20.91999999999999,21.39999999999999,21.43999999999999,22.25999999999999,22.61999999999999,22.75999999999999,23.359999999999992,23.359999999999992,24.93999999999999,25.359999999999992,25.57999999999999,25.97999999999999,27.39999999999999,27.999999999999993,29.419999999999995,29.759999999999994,29.999999999999993,30.039999999999992,30.359999999999992,30.93999999999999,31.43999999999999,34.33999999999999,34.73999999999999,35.039999999999985,35.65999999999998,35.95999999999998,35.99999999999998,36.55999999999998,37.27999999999998,37.33999999999998,37.61999999999998,37.859999999999985,38.139999999999986,38.499999999999986,38.65999999999998,39.399999999999984,39.91999999999999,40.23999999999999,41.219999999999985,41.27999999999999,41.539999999999985,41.93999999999998,42.039999999999985,42.05999999999999,42.87999999999999,43.89999999999999,44.31999999999999,44.57999999999999,45.11999999999999,45.19999999999999,45.71999999999999,46.31999999999999,46.779999999999994,47.019999999999996,47.339999999999996,47.98,48.16,48.419999999999995,50.17999999999999,50.699999999999996,51.08,51.8,51.919999999999995,52.279999999999994,52.81999999999999,53.019999999999996,53.31999999999999,53.49999999999999,53.959999999999994,54.379999999999995,54.98,55.459999999999994,55.739999999999995,56.17999999999999,57.059999999999995,57.419999999999995,57.81999999999999,58.019999999999996,58.86,59.22,59.6,60.18,60.4,60.6,61.68,62.06,63.440000000000005,63.52,64.04,64.38000000000001,64.72000000000001,65.20000000000002,65.80000000000001,66.88000000000001,68.52000000000001,68.86000000000001,69.30000000000001,72.82000000000001,73.00000000000001,73.34000000000002,73.90000000000002,74.20000000000002,74.56000000000002,74.68000000000002,77.42000000000002,77.80000000000001,77.86000000000001,78.46000000000001,78.86000000000001,79.04000000000002,79.42000000000002,79.86000000000001,79.90000000000002,80.00000000000001,80.80000000000001,84.48000000000002,85.26000000000002,86.42000000000002,88.50000000000001,88.64000000000001,88.98000000000002,89.66000000000003,89.86000000000003,90.70000000000003,91.24000000000004,92.88000000000004,96.40000000000003,96.94000000000004,97.30000000000004,97.82000000000004,98.18000000000004,98.28000000000003,98.78000000000003,99.94000000000003,100.26000000000002,100.64000000000001,101.02000000000001,101.32000000000001,101.66000000000001,101.70000000000002,102.42000000000002,105.26000000000002,105.84000000000002,106.38000000000002,110.08000000000003,110.48000000000003,111.16000000000004,113.28000000000004,113.86000000000004,114.34000000000005,115.12000000000005,115.92000000000004,119.62000000000005,120.42000000000004,121.36000000000004,122.50000000000004,123.06000000000004,123.62000000000005,124.56000000000004,124.98000000000005,125.54000000000005,126.26000000000005,126.82000000000005,127.30000000000005,128.44000000000005,128.54000000000005,128.82000000000005,129.36000000000004,129.82000000000005,130.32000000000005,130.74000000000004,131.02000000000004,131.50000000000003,131.80000000000004,132.42000000000004,133.34000000000003,134.14000000000004,134.56000000000003,134.84000000000003,136.00000000000003,136.92000000000002,137.64000000000001,137.92000000000002,138.64000000000001,140.76000000000002,141.18,142.0,142.26,142.78,143.72,144.62,145.36,145.98000000000002
run16,2.9,3.7399999999999998,4.14,4.739999999999999,4.84,5.64,6.04,6.58,7.16,7.58,7.76,8.219999999999999,8.639999999999999,9.12,9.719999999999999,10.079999999999998,10.519999999999998,10.779999999999998,11.059999999999997,11.279999999999998,11.999999999999998,12.059999999999999,12.319999999999999,12.879999999999999,12.959999999999999,12.959999999999999,13.219999999999999,13.639999999999999,13.659999999999998,13.739999999999998,13.78,13.82,14.06,14.100000000000001,14.160000000000002,14.620000000000001,15.66,16.04,16.04,16.24,16.639999999999997,16.679999999999996,16.819999999999997,17.279999999999998,17.519999999999996,18.139999999999997,18.959999999999997,19.859999999999996,20.179999999999996,20.499999999999996,20.879999999999995,21.239999999999995,21.779999999999994,22.079999999999995,22.679999999999996,22.799999999999997,23.339999999999996,23.779999999999998,24.259999999999998,24.459999999999997,25.04,25.34,26.16,26.18,26.68,26.84,26.9,27.139999999999997,27.459999999999997,27.659999999999997,27.699999999999996,28.539999999999996,28.899999999999995,29.019999999999996,29.219999999999995,29.459999999999994,29.779999999999994,29.919999999999995,30.039999999999996,31.459999999999994,31.719999999999995,32.44,32.919999999999995,33.07999999999999,33.81999999999999,34.03999999999999,35.459999999999994,35.81999999999999,36.11999999999999,36.59999999999999,36.87999999999999,37.89999999999999,38.35999999999999,38.559999999999995,38.71999999999999,38.89999999999999,38.959999999999994,39.339999999999996,39.94,40.199999999999996,40.8,41.18,41.56,41.64,41.68,41.8,42.22,42.4,42.8,44.44,47.959999999999994,48.3,49.879999999999995,50.279999999999994,51.16,51.459999999999994,51.89999999999999,51.959999999999994,51.959999999999994,52.8,52.8,53.199999999999996,53.379999999999995,53.4,53.8,54.12,54.16,54.199999999999996,54.839999999999996,55.66,56.239999999999995,58.48,58.879999999999995,59.239999999999995,59.419999999999995,59.519999999999996,59.879999999999995,60.199999999999996,61.36,61.9,63.66,64.3,64.82,65.89999999999999,66.41999999999999,66.83999999999999,67.35999999999999,67.95999999999998,68.11999999999998,68.13999999999997,68.17999999999998,68.37999999999998,68.71999999999998,69.49999999999999,69.69999999999999,70.25999999999999,70.55999999999999,70.91999999999999,71.39999999999999,74.13999999999999,74.67999999999999,74.77999999999999,75.32,75.74,76.22,76.8,77.17999999999999,78.55999999999999,79.11999999999999,79.47999999999999,79.85999999999999,80.21999999999998,81.37999999999998,82.15999999999998,82.35999999999999,83.03999999999999,83.66,87.36,88.44,88.98,89.48,90.02000000000001,93.72000000000001,94.40000000000002,95.20000000000002,95.72000000000001,96.06000000000002,96.58000000000001,97.38000000000001,97.72000000000001,98.06000000000002,98.50000000000001,98.88000000000001,99.26,100.9,104.42,104.72,105.06,105.10000000000001,105.18,105.52000000000001,106.24000000000001,106.52000000000001,106.66000000000001,106.84000000000002,106.90000000000002,107.04000000000002,109.88000000000002,111.06000000000003,111.62000000000003,113.70000000000003,114.18000000000004,115.12000000000003,117.24000000000004,117.80000000000004,118.32000000000004,118.42000000000003,118.70000000000003,119.24000000000004,119.70000000000003,122.00000000000003,122.56000000000003,123.50000000000003,124.22000000000003,125.20000000000003,125.92000000000003,126.42000000000003,126.84000000000003,127.42000000000003,128.56000000000003,129.48000000000002,129.76000000000002,130.04000000000002,130.16000000000003,131.3,132.02,132.3,133.46,136.74,137.26000000000002,137.52,139.64000000000001,140.56,140.98,141.79999999999998,142.27999999999997,143.21999999999997,144.01999999999998,144.76,145.32,145.94
run17,3.2799999999999994,4.319999999999999,5.159999999999999,5.879999999999999,5.999999999999999,6.199999999999999,6.4399999999999995,6.8,6.92,7.06,7.4399999999999995,7.699999999999999,8.12,8.139999999999999,8.219999999999999,8.219999999999999,8.459999999999999,8.719999999999999,8.76,8.8,8.88,8.940000000000001,8.940000000000001,9.48,9.92,10.52,10.56,10.64,10.76,12.14,12.46,12.84,13.3,13.72,14.32,14.68,15.219999999999999,15.52,15.92,16.54,17.02,17.32,17.56,17.759999999999998,17.799999999999997,18.279999999999998,19.119999999999997,19.699999999999996,20.139999999999997,20.259999999999998,20.86,21.24,21.439999999999998,21.599999999999998,21.619999999999997,21.659999999999997,21.999999999999996,22.379999999999995,22.659999999999997,22.979999999999997,23.179999999999996,23.219999999999995,23.679999999999996,23.819999999999997,24.639999999999997,25.24,25.4,25.459999999999997,25.639999999999997,25.999999999999996,26.399999999999995,26.879999999999995,27.099999999999994,27.639999999999993,28.319999999999993,28.999999999999993,29.57999999999999,30.05999999999999,30.659999999999993,30.659999999999993,30.839999999999993,31.019999999999992,31.019999999999992,31.07999999999999,31.27999999999999,31.699999999999992,32.059999999999995,32.459999999999994,32.99999999999999,33.25999999999999,33.65999999999999,34.01999999999999,34.47999999999999,35.03999999999999,35.559999999999995,36.44,36.78,37.2,39.440000000000005,39.980000000000004,40.38,40.68,41.0,41.72,42.18,42.82,43.38,43.68,43.94,44.12,44.4,44.96,45.22,45.42,46.24,46.54,47.12,47.14,47.46,47.68,48.5,48.54,48.86,48.92,48.96,49.06,49.42,49.480000000000004,49.88,51.300000000000004,52.28,52.300000000000004,52.720000000000006,52.92000000000001,53.76000000000001,53.960000000000015,54.20000000000002,54.600000000000016,56.240000000000016,59.76000000000002,60.84000000000002,61.58000000000002,61.740000000000016,62.34000000000002,62.86000000000002,63.24000000000002,63.78000000000002,64.58000000000003,64.76000000000003,65.10000000000004,65.38000000000004,67.14000000000004,70.04000000000005,70.60000000000005,70.96000000000005,71.48000000000005,72.10000000000005,74.84000000000005,75.20000000000005,75.24000000000005,76.32000000000005,76.82000000000005,77.16000000000005,77.68000000000005,79.10000000000005,79.62000000000005,80.12000000000005,80.76000000000005,80.92000000000004,82.50000000000004,82.82000000000004,83.40000000000003,83.74000000000004,85.38000000000004,85.72000000000004,86.16000000000004,89.68000000000004,89.76000000000003,90.10000000000004,90.58000000000004,90.62000000000005,91.10000000000005,91.24000000000005,91.52000000000005,91.66000000000005,91.84000000000006,91.90000000000006,92.00000000000006,92.80000000000005,93.22000000000006,93.62000000000006,94.42000000000006,95.58000000000006,96.60000000000005,96.98000000000005,97.76000000000005,98.12000000000005,99.28000000000004,99.86000000000004,100.40000000000005,104.10000000000005,104.48000000000005,104.78000000000004,105.16000000000004,105.50000000000004,106.22000000000004,109.06000000000004,109.62000000000005,110.78000000000004,111.34000000000005,112.28000000000004,113.22000000000004,115.30000000000004,115.40000000000003,115.68000000000004,116.14000000000003,116.70000000000003,117.24000000000004,117.72000000000004,118.24000000000004,118.52000000000004,118.96000000000004,122.64000000000004,123.82000000000005,124.32000000000005,125.04000000000005,126.18000000000005,126.60000000000005,127.32000000000005,127.42000000000004,128.34000000000003,128.62000000000003,128.92000000000004,129.54000000000005,130.46000000000004,130.74000000000004,131.46000000000004,133.58000000000004,133.70000000000005,134.84000000000003,135.26000000000002,136.08,136.34,136.86,138.98000000000002,139.46,140.4,142.70000000000002,143.60000000000002,144.34000000000003,144.96000000000004
run18,0.64,1.1800000000000002,1.4800000000000002,1.8400000000000003,5.359999999999999,5.9799999999999995,6.319999999999999,6.76,8.52,9.34,9.52,9.94,10.399999999999999,10.879999999999999,11.76,12.18,12.459999999999999,13.02,13.5,13.84,14.44,14.559999999999999,14.959999999999999,15.259999999999998,15.879999999999997,16.06,16.459999999999997,16.74,17.04,17.4,17.759999999999998,17.999999999999996,18.58,18.84,19.42,19.520000000000003,20.120000000000005,20.280000000000005,23.560000000000002,23.6,24.1,24.42,24.46,24.52,25.6,25.880000000000003,25.900000000000002,26.92,27.0,27.16,27.64,28.38,28.9,29.88,29.919999999999998,30.38,31.419999999999998,31.419999999999998,31.619999999999997,31.679999999999996,32.519999999999996,32.58,32.58,32.6,32.86,32.94,32.98,33.019999999999996,33.099999999999994,33.35999999999999,33.779999999999994,33.779999999999994,33.919999999999995,34.03999999999999,34.419999999999995,35.13999999999999,35.61999999999999,35.73999999999999,35.77999999999999,36.09999999999999,36.179999999999986,36.499999999999986,36.87999999999999,37.29999999999999,37.49999999999999,37.839999999999996,38.239999999999995,38.26,38.419999999999995,38.459999999999994,38.75999999999999,39.11999999999999,39.23999999999999,39.43999999999999,39.67999999999999,39.99999999999999,40.199999999999996,41.62,42.08,42.339999999999996,42.49999999999999,42.67999999999999,42.739999999999995,43.13999999999999,43.35999999999999,43.419999999999995,43.67999999999999,44.21999999999999,44.61999999999999,44.85999999999999,44.959999999999994,45.49999999999999,45.97999999999999,46.57999999999999,47.17999999999999,47.31999999999999,47.35999999999999,47.81999999999999,48.63999999999999,49.03999999999999,49.35999999999999,49.739999999999995,49.98,50.339999999999996,51.16,51.379999999999995,51.58,51.58,52.1,52.28,53.7,54.14,54.74,55.080000000000005,55.60000000000001,56.20000000000001,56.60000000000001,56.78000000000001,57.16000000000001,58.80000000000001,59.24000000000001,62.760000000000005,66.44,66.48,67.02000000000001,67.22000000000001,67.60000000000001,68.44000000000001,69.02000000000001,69.04,69.62,71.86,72.17999999999999,72.89999999999999,73.24,74.03999999999999,74.67999999999999,74.8,77.64,78.02,79.17999999999999,80.75999999999999,80.96,81.64,82.48,83.04,83.34,83.84,84.2,84.68,85.22000000000001,85.58000000000001,85.72000000000001,85.76000000000002,86.30000000000003,86.82000000000002,87.16000000000003,89.24000000000002,91.98000000000002,92.76000000000002,93.32000000000002,93.70000000000002,94.06000000000002,95.22000000000001,96.60000000000001,97.14000000000001,100.84000000000002,100.94000000000001,101.22000000000001,101.36000000000001,101.54000000000002,101.60000000000002,102.14000000000003,102.72000000000003,103.12000000000003,103.80000000000004,104.60000000000004,104.96000000000004,106.04000000000003,106.98000000000003,109.88000000000004,110.44000000000004,111.16000000000004,111.54000000000003,111.84000000000003,112.22000000000003,112.56000000000003,113.70000000000003,114.42000000000003,116.06000000000003,116.62000000000003,117.78000000000003,117.88000000000002,118.16000000000003,118.70000000000003,119.16000000000003,119.72000000000003,120.00000000000003,120.94000000000003,121.36000000000003,122.14000000000003,122.56000000000003,123.04000000000003,123.56000000000003,124.12000000000003,127.82000000000004,129.00000000000003,129.50000000000003,129.94000000000003,130.42000000000002,130.84,131.76,132.04,132.34,132.96,133.88,134.16,136.28,137.08,138.22,138.64,139.45999999999998,140.17999999999998,140.43999999999997,140.95999999999998,143.07999999999998,144.01999999999998,146.32,147.22,147.96,148.58
run19,1.1600000000000001,1.54,1.74,1.74,2.16,2.22,2.2600000000000002,2.72,2.72,2.7800000000000002,2.8000000000000003,3.1400000000000006,3.5400000000000005,4.58,5.42,5.46,5.66,5.96,6.16,6.18,6.96,9.86,10.44,12.68,12.94,13.059999999999999,13.1,13.18,13.78,13.86,13.86,14.28,14.54,14.92,14.96,15.000000000000002,15.320000000000002,15.760000000000002,16.14,16.28,16.400000000000002,16.76,16.880000000000003,17.080000000000002,17.32,17.56,18.119999999999997,18.419999999999998,18.979999999999997,19.4,19.72,19.98,21.4,21.759999999999998,22.24,22.4,22.459999999999997,22.639999999999997,22.639999999999997,23.039999999999996,23.859999999999996,23.899999999999995,24.039999999999996,24.639999999999997,24.819999999999997,26.239999999999995,26.639999999999993,26.759999999999994,27.059999999999995,27.679999999999996,28.039999999999996,28.579999999999995,29.059999999999995,29.659999999999997,29.939999999999998,30.4,30.58,31.0,31.56,31.86,32.08,32.28,32.7,33.28,33.58,33.94,34.54,34.94,35.12,35.379999999999995,35.66,36.63999999999999,37.03999999999999,37.379999999999995,38.199999999999996,38.67999999999999,39.11999999999999,39.459999999999994,39.93999999999999,40.47999999999999,40.87999999999999,40.93999999999999,41.19999999999999,43.93999999999999,44.65999999999999,45.11999999999999,45.31999999999999,45.49999999999999,45.599999999999994,45.959999999999994,46.199999999999996,46.66,47.04,47.48,47.5,47.58,48.08,49.1,52.800000000000004,52.84,53.040000000000006,53.36000000000001,54.24000000000001,54.400000000000006,56.040000000000006,59.56,60.1,60.26,60.3,60.339999999999996,60.66,61.4,61.46,61.74,62.06,62.300000000000004,62.68000000000001,63.50000000000001,65.08000000000001,65.60000000000001,66.00000000000001,67.16000000000001,67.26,67.80000000000001,68.18,68.76,69.84,70.48,72.24000000000001,72.58000000000001,73.02000000000001,73.50000000000001,73.72000000000001,74.56000000000002,75.20000000000002,75.58000000000001,79.10000000000001,79.4,79.78,80.12,80.16000000000001,80.52000000000001,81.00000000000001,81.92000000000002,82.44000000000001,83.02000000000001,83.10000000000001,83.44000000000001,84.24000000000001,84.86000000000001,85.38000000000001,85.7,87.08,87.86,88.54,88.74000000000001,89.58000000000001,90.10000000000001,90.7,90.84,91.18,91.9,92.5,93.0,93.54,94.08000000000001,94.44000000000001,94.98000000000002,98.68000000000002,100.76000000000002,100.78000000000002,101.14000000000001,101.86000000000001,102.00000000000001,102.28000000000002,102.46000000000002,102.52000000000002,103.06000000000003,103.46000000000004,103.98000000000003,106.82000000000004,107.90000000000003,108.48000000000003,108.84000000000003,109.22000000000003,109.70000000000003,110.64000000000003,112.28000000000003,112.84000000000003,114.00000000000003,117.68000000000004,118.20000000000003,118.88000000000004,119.44000000000004,119.98000000000005,120.08000000000004,120.54000000000003,122.84000000000003,123.12000000000003,123.68000000000004,124.16000000000004,124.88000000000004,126.06000000000004,126.86000000000004,127.36000000000004,127.78000000000004,129.90000000000003,131.04000000000002,131.14000000000001,131.76000000000002,132.9,133.02,133.32000000000002,134.24,134.52,137.8,138.22,138.5,139.44,140.16,140.44,142.56,142.82,143.62,144.14000000000001,144.56,145.28,146.18,146.92000000000002,147.48000000000002,148.10000000000002
run20,0.3400000000000001,0.52,0.6799999999999999,1.22,1.8,2.62,3.04,3.52,4.4,4.62,4.88,5.12,5.32,6.0600000000000005,6.24,6.640000000000001,6.700000000000001,7.120000000000001,7.160000000000001,7.480000000000001,8.320000000000002,8.940000000000001,9.080000000000002,9.380000000000003,9.960000000000003,10.360000000000003,10.400000000000004,10.660000000000004,10.720000000000004,11.000000000000004,11.240000000000004,11.680000000000003,12.040000000000003,12.080000000000002,12.680000000000001,13.280000000000001,13.440000000000001,13.940000000000001,13.98,16.88,17.259999999999998,17.54,18.099999999999998,18.119999999999997,19.699999999999996,19.859999999999996,20.339999999999996,20.859999999999996,21.599999999999994,21.819999999999993,22.139999999999993,22.239999999999995,23.259999999999994,24.679999999999993,25.039999999999992,25.519999999999992,26.05999999999999,26.45999999999999,26.77999999999999,27.17999999999999,27.17999999999999,27.35999999999999,27.99999999999999,28.059999999999988,28.899999999999988,28.899999999999988,29.35999999999999,29.35999999999999,29.559999999999988,29.619999999999987,30.659999999999986,30.679999999999986,30.939999999999987,31.659999999999986,31.739999999999988,31.779999999999987,31.819999999999986,31.899999999999984,31.899999999999984,32.15999999999998,32.579999999999984,32.69999999999998,32.83999999999998,33.19999999999998,33.31999999999998,33.51999999999998,33.759999999999984,34.139999999999986,34.37999999999999,34.499999999999986,34.539999999999985,34.61999999999998,34.819999999999986,35.23999999999999,35.57999999999999,35.97999999999999,36.27999999999999,36.47999999999999,37.01999999999999,37.61999999999999,38.05999999999999,38.87999999999999,40.29999999999999,40.67999999999999,40.99999999999999,41.35999999999999,41.559999999999995,42.099999999999994,42.39999999999999,42.51999999999999,43.11999999999999,43.51999999999999,43.69999999999999,44.07999999999999,44.459999999999994,48.16,48.459999999999994,48.61999999999999,48.63999999999999,48.67999999999999,49.459999999999994,49.81999999999999,50.21999999999999,50.57999999999999,51.099999999999994,51.699999999999996,52.3,54.54,54.72,55.0,56.08,57.239999999999995,57.67999999999999,58.019999999999996,58.099999999999994,58.62,59.099999999999994,59.419999999999995,59.67999999999999,59.79999999999999,62.639999999999986,63.09999999999999,63.639999999999986,63.83999999999999,64.47999999999999,64.85999999999999,65.19999999999999,65.82,66.33999999999999,66.83999999999999,68.47999999999999,71.99999999999999,72.53999999999999,73.08,74.84,75.28,75.84,76.14,76.5,78.58,81.32,81.63999999999999,82.11999999999999,82.6,82.94,82.98,83.0,83.72,84.7,85.22,86.3,87.11999999999999,87.91999999999999,88.49999999999999,89.29999999999998,89.97999999999999,90.17999999999999,90.86,91.7,91.84,92.18,92.46000000000001,92.60000000000001,92.78000000000002,92.84000000000002,93.18000000000002,93.56000000000002,94.34000000000002,94.70000000000002,95.86000000000001,96.44000000000001,97.82000000000001,98.36000000000001,102.06000000000002,102.16000000000001,102.20000000000002,102.60000000000002,103.40000000000002,103.96000000000002,104.06000000000002,104.34000000000002,104.90000000000002,105.36000000000001,105.90000000000002,106.62000000000002,107.00000000000001,107.30000000000001,107.68,108.02000000000001,109.66000000000001,110.80000000000001,111.52000000000001,112.46000000000001,112.88000000000001,116.56,118.68,119.16000000000001,119.44000000000001,120.00000000000001,120.50000000000001,120.60000000000001,121.54,122.10000000000001,122.52000000000001,123.24000000000001,124.16000000000001,125.32000000000001,125.94000000000001,127.08000000000001,130.36,130.64000000000001,130.94000000000003,131.86,133.98000000000002,134.70000000000002,134.98000000000002,135.78000000000003,136.36000000000004,136.62000000000003,137.14000000000004,137.62000000000003,138.56000000000003,140.86000000000004,142.04000000000005,142.40000000000006,142.96000000000006,143.38000000000005,143.80000000000004,144.62000000000003,145.52000000000004,146.14000000000004
run21,2.3000000000000003,2.4200000000000004,2.6800000000000006,2.7000000000000006,2.8400000000000007,3.5600000000000005,4.300000000000001,4.82,4.98,5.460000000000001,5.5200000000000005,5.760000000000001,6.040000000000001,6.300000000000001,6.32,6.42,6.96,7.5,8.22,8.780000000000001,9.14,9.22,9.22,9.48,9.9,10.18,10.18,10.24,10.4,10.6,10.62,10.959999999999999,11.0,11.84,11.959999999999999,12.0,12.54,13.139999999999999,13.219999999999999,13.659999999999998,14.04,14.62,16.86,17.24,17.32,17.36,17.4,17.439999999999998,17.9,18.259999999999998,18.459999999999997,18.58,19.619999999999997,20.019999999999996,20.379999999999995,20.779999999999994,21.079999999999995,21.199999999999996,21.239999999999995,22.059999999999995,22.659999999999997,23.279999999999998,23.439999999999998,23.919999999999998,23.919999999999998,24.319999999999997,24.499999999999996,24.559999999999995,24.879999999999995,25.019999999999996,25.239999999999995,25.599999999999994,26.139999999999993,26.599999999999994,26.779999999999994,27.199999999999996,27.259999999999994,27.519999999999996,27.939999999999998,28.139999999999997,28.439999999999998,28.74,29.32,29.72,30.0,30.98,31.22,31.54,31.599999999999998,31.599999999999998,31.639999999999997,31.959999999999997,32.779999999999994,33.019999999999996,33.48,33.959999999999994,34.13999999999999,35.559999999999995,35.879999999999995,36.31999999999999,36.699999999999996,36.9,38.32,38.86,39.339999999999996,39.94,40.4,41.04,41.38,41.64,42.06,42.080000000000005,42.720000000000006,43.32000000000001,43.50000000000001,43.900000000000006,44.260000000000005,45.34,46.160000000000004,49.06,49.260000000000005,50.10000000000001,50.14000000000001,50.74000000000001,51.18000000000001,52.82000000000001,56.34,57.220000000000006,57.42000000000001,57.80000000000001,58.02000000000001,59.18000000000001,59.56000000000001,61.14000000000001,61.74000000000001,62.08000000000001,63.84000000000001,64.38000000000001,64.96000000000001,65.14000000000001,65.54000000000002,66.06000000000002,66.58000000000001,66.98000000000002,68.36000000000001,68.86000000000001,69.64000000000001,70.02000000000001,70.32000000000001,70.64,71.18,72.2,72.36,72.94,73.46,73.82,74.17999999999999,77.85999999999999,78.63999999999999,79.43999999999998,80.05999999999999,80.55999999999999,80.97999999999999,81.29999999999998,81.65999999999998,82.79999999999998,83.33999999999999,84.49999999999999,88.19999999999999,88.75999999999999,89.32,89.61999999999999,89.97999999999999,90.46,91.25999999999999,91.46,92.03999999999999,93.22,93.56,95.64,96.12,97.2,97.72,98.66,101.39999999999999,102.08,102.28,102.38,103.06,104.0,104.8,105.6,105.94,106.28,106.72,107.1,107.47999999999999,109.11999999999999,112.63999999999999,112.93999999999998,113.27999999999999,113.32,114.03999999999999,114.11999999999999,114.46,114.6,114.88,115.06,115.12,115.26,115.66000000000001,118.50000000000001,120.62000000000002,121.00000000000001,121.56000000000002,122.08000000000001,122.64000000000001,123.12000000000002,123.68000000000002,124.10000000000002,124.60000000000002,124.70000000000002,125.24000000000002,125.52000000000002,125.98000000000002,126.26000000000002,126.74000000000002,126.84000000000002,130.12,131.26,131.98,132.1,132.4,133.02,133.94,134.35999999999999,134.64,135.79999999999998,136.71999999999997,137.43999999999997,137.71999999999997,138.43999999999997,140.55999999999997,140.97999999999996,141.79999999999995,142.05999999999995,142.57999999999996,143.51999999999995,144.41999999999996,145.15999999999997,145.77999999999997
run22,0.38,0.8200000000000001,1.1,1.2400000000000002,4.76,5.6,5.659999999999999,6.279999999999999,6.279999999999999,6.299999999999999,6.339999999999999,6.499999999999999,6.839999999999999,7.039999999999999,7.239999999999999,7.959999999999999,8.36,8.66,8.66,8.86,8.92,9.379999999999999,10.159999999999998,10.179999999999998,10.439999999999998,10.939999999999998,10.979999999999997,11.019999999999996,11.259999999999996,11.319999999999997,11.639999999999997,11.919999999999996,12.279999999999996,12.659999999999997,13.739999999999997,17.419999999999995,17.679999999999996,18.039999999999996,18.339999999999996,18.959999999999997,19.56,19.959999999999997,20.199999999999996,20.399999999999995,20.439999999999994,20.879999999999995,21.359999999999996,21.479999999999997,21.9,22.5,22.68,23.06,23.459999999999997,23.819999999999997,27.339999999999996,27.479999999999997,28.059999999999995,28.099999999999994,28.699999999999996,29.859999999999996,30.399999999999995,30.439999999999994,30.859999999999996,31.019999999999996,31.479999999999997,31.959999999999997,31.979999999999997,32.059999999999995,32.099999999999994,32.13999999999999,32.519999999999996,32.879999999999995,33.419999999999995,33.71999999999999,33.919999999999995,34.48,34.559999999999995,34.559999999999995,34.8,34.879999999999995,34.919999999999995,35.03999999999999,35.35999999999999,35.61999999999999,36.03999999999999,36.419999999999995,36.699999999999996,37.3,37.739999999999995,37.919999999999995,38.339999999999996,38.48,38.599999999999994,38.839999999999996,39.199999999999996,39.31999999999999,39.519999999999996,39.839999999999996,40.059999999999995,40.62,40.879999999999995,41.199999999999996,42.58,43.22,43.68,44.22,44.42,45.46,47.04,47.38,47.86,48.339999999999996,49.08,49.239999999999995,49.76,50.6,51.0,51.18,51.28,51.620000000000005,51.96000000000001,52.00000000000001,54.74000000000001,55.66000000000001,55.74000000000001,56.06000000000001,56.56000000000001,57.44000000000001,57.860000000000014,58.02000000000001,58.08000000000001,58.26000000000001,59.08000000000001,60.06000000000001,60.60000000000001,61.00000000000001,61.52000000000001,62.10000000000001,62.32000000000001,62.38000000000001,62.64000000000001,63.02000000000001,63.62000000000001,63.72000000000001,64.32000000000001,64.52000000000001,65.20000000000002,66.04000000000002,66.82000000000002,67.10000000000002,67.40000000000002,67.98000000000002,68.38000000000002,68.70000000000002,69.06000000000002,69.46000000000002,69.46000000000002,70.88000000000002,71.40000000000002,71.88000000000002,72.90000000000002,73.04000000000002,73.86000000000001,73.88000000000001,74.60000000000001,74.94000000000001,77.18,77.52000000000001,78.34,78.52000000000001,79.00000000000001,80.42000000000002,84.12000000000002,84.48000000000002,85.00000000000001,86.76000000000002,87.30000000000003,87.40000000000002,87.94000000000003,88.74000000000002,89.26000000000002,89.80000000000003,90.48000000000003,91.28000000000003,91.84000000000003,92.20000000000003,92.78000000000003,93.16000000000003,94.24000000000002,94.66000000000003,95.30000000000003,98.20000000000003,98.60000000000004,100.24000000000004,101.04000000000003,101.40000000000003,102.56000000000003,103.14000000000003,103.68000000000004,107.38000000000004,108.32000000000004,108.88000000000004,109.26000000000003,109.56000000000003,109.94000000000003,110.28000000000003,111.00000000000003,113.84000000000003,114.40000000000003,115.56000000000003,116.04000000000003,118.12000000000003,118.68000000000004,119.86000000000004,120.38000000000004,120.66000000000004,120.76000000000003,121.22000000000003,121.76000000000003,124.06000000000003,124.50000000000003,126.14000000000003,126.42000000000003,127.14000000000003,127.86000000000003,128.36,128.78,129.72,130.02,130.64000000000001,131.56,133.68,134.82,135.54,135.82,135.94,136.22,137.35999999999999,140.64,141.05999999999997,141.87999999999997,142.67999999999998,144.79999999999998,145.05999999999997,145.57999999999998,146.05999999999997,146.99999999999997,147.89999999999998,148.64,149.2,149.82
run23,0.28,0.8200000000000001,1.28,1.48,2.04,3.08,5.380000000000001,5.420000000000001,6.580000000000001,6.640000000000001,6.640000000000001,6.840000000000001,6.9,6.9,7.74,7.76,7.92,8.26,8.459999999999999,8.86,9.28,9.54,9.559999999999999,9.639999999999999,9.68,9.72,9.84,9.88,9.96,10.34,10.94,10.98,11.42,11.62,11.919999999999998,11.999999999999998,11.999999999999998,12.259999999999998,12.679999999999998,13.059999999999999,13.179999999999998,13.319999999999999,13.679999999999998,13.879999999999997,13.999999999999996,14.239999999999997,14.479999999999997,14.639999999999997,14.699999999999998,14.879999999999997,15.699999999999998,15.719999999999997,16.119999999999997,16.519999999999996,16.999999999999996,16.999999999999996,17.359999999999996,17.879999999999995,19.299999999999997,19.599999999999998,20.419999999999998,21.02,22.6,24.020000000000003,24.340000000000003,25.060000000000002,25.580000000000002,25.8,26.12,26.66,27.3,27.78,28.34,28.64,28.900000000000002,28.96,29.52,29.78,29.880000000000003,30.160000000000004,30.560000000000002,31.160000000000004,31.580000000000005,31.900000000000006,32.080000000000005,32.900000000000006,33.24000000000001,34.220000000000006,34.760000000000005,35.34,35.86000000000001,35.88000000000001,38.78000000000001,41.02000000000001,41.82000000000001,42.00000000000001,42.46000000000001,42.88000000000001,43.24000000000001,43.78000000000001,44.18000000000001,44.300000000000004,44.92,45.4,46.0,46.18,46.56,46.84,47.440000000000005,49.080000000000005,52.60000000000001,53.32000000000001,53.800000000000004,53.86000000000001,54.220000000000006,54.580000000000005,54.620000000000005,54.86000000000001,55.300000000000004,55.84,56.1,56.5,56.7,57.0,57.3,57.879999999999995,58.16,58.599999999999994,59.099999999999994,59.839999999999996,59.99999999999999,60.31999999999999,60.71999999999999,60.81999999999999,61.16,62.04,62.42,62.6,63.68,64.04,64.28,67.98,68.62,68.76,69.22,69.26,70.06,70.38,70.42,70.62,71.2,72.04,72.42,72.64,72.72,73.06,73.4,74.02000000000001,74.06000000000002,74.18000000000002,76.92000000000002,77.30000000000001,77.9,78.44000000000001,78.78000000000002,79.22000000000001,79.70000000000002,79.86000000000001,80.40000000000002,80.86000000000001,81.64000000000001,85.16000000000001,85.48,85.98,86.36,88.12,88.32000000000001,89.00000000000001,89.84000000000002,90.62000000000002,91.18000000000002,91.28000000000002,91.56000000000002,91.70000000000002,91.88000000000002,92.02000000000002,92.36000000000003,92.42000000000003,92.78000000000003,93.94000000000003,94.46000000000002,94.94000000000003,95.46000000000002,96.84000000000002,97.26000000000002,97.78000000000002,98.86000000000001,99.40000000000002,103.10000000000002,103.46000000000002,105.54000000000002,106.12000000000002,106.52000000000002,107.06000000000003,109.90000000000003,110.70000000000003,111.26000000000003,112.28000000000003,113.22000000000003,114.02000000000002,114.06000000000003,114.48000000000003,115.42000000000003,116.32000000000004,116.88000000000004,117.60000000000004,117.98000000000003,118.28000000000003,118.66000000000003,119.00000000000003,120.14000000000003,120.86000000000003,124.54000000000002,125.02000000000002,127.14000000000003,128.32000000000002,128.60000000000002,129.28000000000003,129.78000000000003,130.20000000000002,130.92000000000002,131.22000000000003,131.84000000000003,132.76000000000002,133.18,133.46,134.18,135.32,136.48,139.76,140.04,142.16,142.68,142.94,143.85999999999999,144.33999999999997,145.15999999999997,146.09999999999997,146.83999999999997,147.39999999999998,148.01999999999998
run24,0.10000000000000009,0.5200000000000002,0.6800000000000003,1.7600000000000002,1.7600000000000002,1.8200000000000003,1.8600000000000003,1.8800000000000003,2.3400000000000003,2.3400000000000003,2.4000000000000004,2.4200000000000004,2.7600000000000007,3.1600000000000006,3.420000000000001,4.580000000000001,4.620000000000001,4.920000000000001,5.960000000000001,6.160000000000001,7.000000000000001,7.200000000000001,7.280000000000001,7.320000000000001,7.360000000000001,7.6800000000000015,8.060000000000002,8.100000000000003,8.220000000000002,8.300000000000002,8.380000000000003,8.380000000000003,8.920000000000002,9.360000000000001,9.620000000000001,10.040000000000001,10.420000000000002,10.660000000000002,11.260000000000002,11.400000000000002,11.520000000000001,12.3,13.72,14.08,14.28,14.399999999999999,14.639999999999999,15.36,17.599999999999998,18.06,18.599999999999998,19.099999999999998,19.74,20.08,20.599999999999998,21.159999999999997,21.459999999999997,21.72,22.04,22.2,22.38,23.2,23.259999999999998,23.279999999999998,24.86,25.22,25.22,26.64,27.04,27.439999999999998,27.759999999999998,28.279999999999998,28.499999999999996,28.559999999999995,28.819999999999997,29.379999999999995,29.779999999999994,30.059999999999995,30.599999999999994,30.639999999999993,30.679999999999993,30.779999999999994,31.279999999999994,32.3,33.12,36.019999999999996,36.17999999999999,36.65999999999999,37.39999999999999,37.919999999999995,38.519999999999996,38.839999999999996,38.9,39.18,39.22,39.8,39.94,40.54,40.78,41.32,41.84,42.0,42.2,42.68,43.22,43.4,43.42,43.800000000000004,44.160000000000004,45.24,45.620000000000005,47.38,47.74,48.32,52.02,52.5,53.22,54.0,54.3,54.699999999999996,55.31999999999999,55.57999999999999,55.69999999999999,55.999999999999986,56.179999999999986,56.639999999999986,57.05999999999999,57.41999999999999,57.95999999999999,58.15999999999999,58.57999999999999,58.87999999999999,59.15999999999999,59.55999999999999,59.999999999999986,60.59999999999999,60.77999999999999,61.179999999999986,62.819999999999986,63.259999999999984,66.77999999999999,67.65999999999998,68.19999999999999,68.38,68.74,68.83999999999999,69.82,70.61999999999999,71.1,71.44,71.64,72.32000000000001,73.00000000000001,73.58000000000001,74.10000000000001,74.9,75.74000000000001,76.08000000000001,76.46000000000001,76.78,77.38,78.0,79.38,79.74,80.89999999999999,81.44,85.14,85.72,86.1,86.55999999999999,86.79999999999998,87.15999999999998,87.47999999999998,87.85999999999997,88.49999999999997,88.71999999999997,88.75999999999998,89.57999999999997,90.13999999999997,93.81999999999996,94.21999999999997,95.15999999999997,95.67999999999996,96.47999999999996,96.95999999999997,97.37999999999997,97.71999999999997,98.05999999999997,98.49999999999997,100.13999999999997,103.65999999999997,103.73999999999997,104.07999999999997,104.35999999999997,104.49999999999997,104.67999999999998,104.73999999999998,104.87999999999998,104.91999999999999,105.01999999999998,105.55999999999999,106.01999999999998,106.57999999999998,106.69999999999999,109.43999999999998,111.51999999999998,111.89999999999998,112.19999999999997,112.57999999999997,112.91999999999997,113.63999999999997,114.77999999999997,115.49999999999997,117.61999999999998,118.09999999999998,118.37999999999998,119.31999999999998,119.81999999999998,120.37999999999998,120.79999999999998,121.51999999999998,122.07999999999998,122.69999999999999,123.85999999999999,124.77999999999999,125.61999999999999,128.89999999999998,130.03999999999996,130.31999999999996,132.43999999999997,133.15999999999997,133.45999999999998,134.37999999999997,135.17999999999998,135.37999999999997,135.65999999999997,135.93999999999997,136.19999999999996,136.71999999999997,137.29999999999998,137.77999999999997,138.71999999999997,141.01999999999998,142.2,142.56,143.12,143.54,143.95999999999998,144.77999999999997,145.67999999999998,146.29999999999998
run25,0.3599999999999999,0.5399999999999998,1.9599999999999997,2.28,2.6799999999999997,3.1599999999999997,3.46,3.98,4.8,5.78,5.94,6.0,6.18,6.74,7.34,7.6,8.32,8.4,8.440000000000001,8.480000000000002,8.520000000000003,8.980000000000004,10.020000000000003,10.080000000000004,10.920000000000003,10.920000000000003,12.000000000000004,12.020000000000003,12.360000000000003,12.560000000000002,12.600000000000001,12.8,12.96,15.860000000000001,15.860000000000001,15.920000000000002,16.12,16.52,16.82,17.14,17.52,17.54,17.8,17.880000000000003,17.92,18.040000000000003,18.640000000000004,19.080000000000005,19.460000000000004,19.720000000000006,20.140000000000008,20.220000000000006,20.220000000000006,20.440000000000005,20.680000000000003,21.220000000000002,21.62,22.200000000000003,24.44,24.580000000000002,24.700000000000003,25.060000000000002,25.180000000000003,25.380000000000003,25.62,25.68,25.94,26.220000000000002,26.78,27.200000000000003,27.92,28.520000000000003,28.900000000000002,29.220000000000002,29.640000000000004,31.060000000000002,31.64,31.98,32.08,32.62,32.64,32.660000000000004,33.480000000000004,35.120000000000005,38.64,39.36,40.24,40.88,41.42,41.88,42.52,42.7,43.160000000000004,43.580000000000005,43.940000000000005,44.480000000000004,44.78,44.980000000000004,45.34,45.82,46.3,46.36,46.4,46.68,47.04,47.199999999999996,47.94,48.46,48.78,49.36,49.66,50.059999999999995,50.67999999999999,50.79999999999999,51.03999999999999,51.31999999999999,51.75999999999999,52.13999999999999,52.63999999999999,55.379999999999995,55.85999999999999,56.099999999999994,56.459999999999994,56.85999999999999,57.459999999999994,57.779999999999994,58.239999999999995,58.379999999999995,58.419999999999995,58.62,59.46,59.68,59.72,59.98,60.019999999999996,60.459999999999994,60.81999999999999,61.75999999999999,62.35999999999999,62.739999999999995,62.919999999999995,63.31999999999999,63.66,63.839999999999996,63.94,67.64,68.46,68.66,70.24,71.14,72.9,73.68,74.76,75.36,75.52,76.03999999999999,76.58,77.16,77.64,78.06,78.26,78.94000000000001,79.78000000000002,80.34000000000002,80.72000000000001,81.08000000000001,82.24000000000001,83.62,84.4,84.74000000000001,85.26,85.78,86.32000000000001,86.64,87.8,88.14,88.22,88.56,89.18,89.98,91.62,91.96000000000001,92.4,95.92,96.42,96.8,97.1,97.47999999999999,97.82,97.86,98.0,98.54,102.24000000000001,102.52000000000001,102.66000000000001,102.84000000000002,102.90000000000002,103.00000000000001,103.54000000000002,105.62000000000002,106.64000000000001,107.32000000000002,108.12000000000002,108.68000000000002,111.52000000000002,111.92000000000003,112.72000000000003,113.20000000000003,114.38000000000004,114.76000000000003,115.24000000000004,118.92000000000004,119.48000000000005,120.04000000000005,122.16000000000005,122.26000000000005,122.54000000000005,123.10000000000005,123.64000000000006,124.10000000000005,125.04000000000005,125.56000000000004,125.98000000000005,127.12000000000005,127.84000000000005,128.34000000000003,128.76000000000002,129.34000000000003,129.62000000000003,129.92000000000004,130.54000000000005,131.46000000000004,131.58000000000004,132.74000000000004,133.02000000000004,133.74000000000004,134.88000000000002,138.16000000000003,138.44000000000003,138.96000000000004,139.22000000000003,140.14000000000001,140.56,142.68,143.5,143.98,144.92,147.22,148.02,148.76000000000002,149.38000000000002
run26,0.24,0.29999999999999993,0.33999999999999997,0.6,0.96,1.1199999999999999,1.64,2.12,2.16,2.46,3.08,3.48,3.7199999999999998,3.92,3.96,4.8,5.02,5.46,5.78,6.2,6.66,6.8,7.38,7.42,8.34,8.94,9.1,9.6,10.44,10.5,10.5,11.22,11.24,11.280000000000001,11.740000000000002,12.780000000000001,12.780000000000001,12.98,13.040000000000001,13.3,13.440000000000001,13.56,13.92,14.04,14.239999999999998,14.479999999999999,14.559999999999999,14.6,14.64,14.66,14.92,15.34,15.72,16.0,16.08,16.08,16.639999999999997,16.879999999999995,17.359999999999996,17.639999999999997,17.779999999999998,17.959999999999997,18.58,18.779999999999998,18.86,19.38,19.86,20.2,20.54,20.98,21.02,21.82,21.94,22.200000000000003,22.540000000000003,23.000000000000004,23.180000000000003,23.600000000000005,23.920000000000005,24.300000000000004,24.620000000000005,26.200000000000003,27.28,27.44,27.46,30.36,30.56,30.98,31.32,31.72,31.759999999999998,31.88,32.42,32.86,32.94,34.36,34.72,34.92,35.46,35.76,35.879999999999995,36.48,36.959999999999994,37.35999999999999,37.53999999999999,38.35999999999999,41.19999999999999,41.499999999999986,41.859999999999985,43.27999999999999,43.759999999999984,44.15999999999998,44.31999999999998,44.49999999999998,44.55999999999998,45.37999999999998,45.69999999999998,46.09999999999998,46.09999999999998,47.11999999999998,47.399999999999984,47.61999999999998,47.679999999999986,47.93999999999998,48.039999999999985,49.679999999999986,53.19999999999999,53.61999999999999,54.49999999999999,54.89999999999999,55.43999999999999,55.87999999999999,56.47999999999999,57.07999999999999,57.65999999999999,59.89999999999999,60.07999999999999,60.459999999999994,61.059999999999995,61.4,61.58,61.98,62.32,66.02,66.53999999999999,67.08,67.12,67.5,68.08,68.86,69.06,69.42,69.8,70.17999999999999,71.94,73.58,74.22,74.36,75.44,75.98,76.5,80.02,80.56,80.86,81.32,81.86,82.36,82.88,83.22,84.38,85.02,85.22,85.9,86.74000000000001,87.26,88.08,89.06,89.62,89.92,92.66,93.14,93.16,93.52,93.83999999999999,94.55999999999999,94.93999999999998,95.29999999999998,96.45999999999998,97.83999999999997,98.61999999999998,98.71999999999997,99.25999999999998,102.95999999999998,103.31999999999998,105.39999999999998,105.97999999999998,106.37999999999998,107.05999999999999,107.85999999999999,108.43999999999998,108.99999999999999,109.71999999999998,110.09999999999998,110.39999999999998,110.77999999999997,111.11999999999998,112.25999999999998,112.97999999999998,113.33999999999997,113.43999999999997,113.71999999999997,116.01999999999997,116.55999999999997,117.01999999999997,117.57999999999997,118.17999999999996,118.59999999999997,120.71999999999997,121.65999999999997,125.33999999999997,125.81999999999998,126.37999999999998,126.93999999999998,127.65999999999998,127.93999999999998,129.11999999999998,129.61999999999998,130.42,130.83999999999997,131.14,131.76,132.67999999999998,132.95999999999998,134.09999999999997,134.37999999999997,135.53999999999996,136.47999999999996,139.75999999999996,140.47999999999996,142.59999999999997,143.01999999999995,143.27999999999994,143.79999999999995,143.89999999999995,144.69999999999996,145.17999999999995,146.11999999999995,147.01999999999995,147.75999999999996,148.31999999999996,148.93999999999997
run27,2.3000000000000003,3.08,4.12,4.48,4.48,5.9,6.0600000000000005,6.5600000000000005,7.58,8.1,8.58,9.16,9.3,9.340000000000002,9.8,10.780000000000001,11.600000000000001,11.700000000000001,12.3,15.58,16.48,16.78,17.18,17.8,18.04,18.34,18.46,18.64,19.04,19.4,19.68,19.88,19.919999999999998,20.34,20.7,21.3,21.740000000000002,22.580000000000002,22.900000000000002,23.180000000000003,23.240000000000002,23.28,23.52,24.6,25.0,25.32,25.72,25.759999999999998,28.659999999999997,29.299999999999997,29.459999999999997,29.639999999999997,29.699999999999996,30.179999999999996,30.999999999999996,31.019999999999996,31.059999999999995,31.099999999999994,31.699999999999996,32.26,32.5,32.5,32.58,32.96,33.22,33.64,33.9,34.62,34.64,34.84,34.84,35.68000000000001,35.74000000000001,35.80000000000001,36.08000000000001,36.12000000000001,36.20000000000001,36.32000000000001,36.52000000000001,36.84000000000001,37.22000000000001,37.56000000000002,37.960000000000015,38.320000000000014,38.52000000000002,39.06000000000002,39.360000000000014,40.180000000000014,40.780000000000015,41.180000000000014,41.360000000000014,41.740000000000016,42.22000000000001,42.44000000000001,42.74000000000001,42.88000000000001,43.00000000000001,43.36000000000001,43.480000000000004,43.68000000000001,43.92000000000001,44.400000000000006,44.720000000000006,44.88,46.260000000000005,46.800000000000004,47.2,47.260000000000005,47.52,47.620000000000005,48.040000000000006,48.64000000000001,48.84000000000001,49.22000000000001,49.56000000000002,51.320000000000014,51.320000000000014,51.500000000000014,51.960000000000015,52.38000000000002,53.12000000000002,53.64000000000002,55.28000000000002,58.800000000000026,59.68000000000003,59.840000000000025,59.86000000000003,59.90000000000003,62.14000000000003,62.52000000000003,63.06000000000003,63.52000000000003,64.06000000000003,64.70000000000003,65.04000000000003,65.30000000000004,65.38000000000004,65.82000000000004,67.24000000000004,70.92000000000004,71.30000000000004,71.72000000000004,72.24000000000004,72.46000000000004,72.48000000000003,73.20000000000003,74.78000000000003,75.10000000000002,75.68000000000002,76.22000000000003,76.68000000000002,77.20000000000002,77.80000000000001,78.42000000000002,78.96000000000002,79.46000000000002,80.24000000000002,80.66000000000003,81.24000000000002,81.60000000000002,81.96000000000002,82.50000000000003,83.06000000000003,83.36000000000003,83.92000000000003,84.12000000000003,84.48000000000003,85.02000000000004,86.18000000000004,89.88000000000004,90.36000000000004,91.04000000000005,91.24000000000005,91.92000000000006,92.76000000000006,93.28000000000006,93.62000000000006,93.94000000000005,95.10000000000005,95.20000000000005,95.58000000000004,95.94000000000004,98.68000000000004,99.26000000000003,99.74000000000004,100.92000000000004,101.72000000000004,105.42000000000004,106.22000000000004,106.26000000000005,107.06000000000004,107.40000000000005,107.74000000000005,108.12000000000005,108.50000000000004,110.14000000000004,113.66000000000004,114.10000000000004,114.40000000000003,114.74000000000004,114.78000000000004,115.50000000000004,115.58000000000004,115.92000000000004,116.06000000000004,116.34000000000005,116.52000000000005,116.58000000000006,116.72000000000006,117.12000000000006,117.24000000000007,120.08000000000007,122.16000000000007,124.28000000000007,125.42000000000007,126.36000000000007,126.84000000000007,127.36000000000007,127.92000000000007,128.48000000000008,129.20000000000007,130.14000000000007,131.28000000000006,131.38000000000005,131.92000000000004,132.20000000000005,132.66000000000005,133.16000000000005,133.72000000000006,134.20000000000005,134.62000000000003,134.92000000000004,135.54000000000005,136.12000000000006,137.04000000000005,137.32000000000005,138.48000000000005,138.76000000000005,139.48000000000005,140.20000000000005,140.48000000000005,142.60000000000005,143.54000000000005,144.06000000000006,144.32000000000005,144.74000000000004,145.66000000000003,146.48000000000002,147.28000000000003,148.02000000000004,148.64000000000004
run28,0.28,0.42000000000000015,0.4800000000000001,0.7600000000000001,0.9400000000000001,1.2999999999999998,1.64,2.08,2.48,2.5999999999999996,2.9599999999999995,3.3599999999999994,3.9799999999999995,4.22,4.8,5.42,5.46,6.06,6.64,6.779999999999999,6.9399999999999995,7.4399999999999995,7.4799999999999995,10.759999999999998,11.219999999999999,11.319999999999999,11.679999999999998,12.659999999999998,12.859999999999998,12.899999999999999,13.159999999999998,13.479999999999999,13.54,13.78,13.82,14.1,14.94,16.02,16.94,16.96,17.52,17.68,18.16,18.68,19.12,19.12,19.18,20.02,20.06,20.52,20.52,20.58,20.779999999999998,20.799999999999997,21.06,21.779999999999998,21.86,21.9,21.939999999999998,22.979999999999997,23.059999999999995,23.059999999999995,23.299999999999994,23.559999999999995,23.939999999999994,24.219999999999995,24.639999999999997,24.959999999999997,25.339999999999996,25.659999999999997,26.08,26.279999999999998,26.439999999999998,26.459999999999997,26.799999999999997,27.199999999999996,27.239999999999995,27.279999999999994,27.359999999999992,27.479999999999993,28.019999999999992,28.459999999999994,29.059999999999995,29.879999999999995,30.019999999999996,30.139999999999997,30.499999999999996,30.619999999999997,30.819999999999997,31.059999999999995,31.379999999999995,31.739999999999995,31.939999999999994,32.48,32.779999999999994,32.959999999999994,33.43999999999999,33.89999999999999,35.31999999999999,35.919999999999995,36.31999999999999,36.49999999999999,36.97999999999999,37.139999999999986,37.319999999999986,38.139999999999986,38.539999999999985,38.859999999999985,39.079999999999984,39.139999999999986,39.399999999999984,39.79999999999998,40.33999999999998,40.69999999999998,41.17999999999998,41.23999999999998,41.61999999999998,42.15999999999998,42.259999999999984,43.27999999999999,43.87999999999999,44.25999999999999,44.459999999999994,44.85999999999999,45.11999999999999,45.85999999999999,46.07999999999999,46.49999999999999,48.13999999999999,51.66,51.959999999999994,52.839999999999996,56.519999999999996,57.12,57.5,57.5,57.84,58.36000000000001,59.78000000000001,60.36000000000001,62.60000000000001,63.14000000000001,63.720000000000006,63.74000000000001,64.46000000000001,66.22000000000001,66.52000000000001,67.16000000000001,67.70000000000002,68.30000000000001,69.12,69.2,69.68,70.02000000000001,70.36000000000001,70.48000000000002,70.86000000000001,73.70000000000002,73.84000000000002,75.48000000000002,75.82000000000002,76.26000000000002,76.90000000000002,78.48000000000002,78.94000000000001,79.50000000000001,79.80000000000001,80.14000000000001,80.62000000000002,84.14000000000001,84.34000000000002,85.02000000000002,85.86000000000003,86.04000000000003,86.24000000000004,87.40000000000003,87.50000000000003,88.02000000000002,88.06000000000003,88.56000000000003,88.92000000000003,91.00000000000003,93.74000000000002,94.32000000000002,95.10000000000002,95.90000000000002,96.46000000000002,96.98000000000002,97.78000000000002,98.56000000000002,98.94000000000001,99.30000000000001,100.46000000000001,101.84,102.2,102.60000000000001,103.14000000000001,106.84000000000002,107.38000000000002,107.94000000000003,108.50000000000003,109.58000000000003,112.48000000000003,112.58000000000003,112.86000000000003,113.40000000000003,113.86000000000003,116.16000000000003,117.10000000000002,117.82000000000002,118.20000000000002,118.50000000000001,118.88000000000001,119.22000000000001,120.36000000000001,121.08000000000001,121.50000000000001,121.98000000000002,124.10000000000002,124.66000000000003,125.84000000000003,126.36000000000003,126.64000000000003,130.34000000000003,131.02000000000004,131.52000000000004,132.32000000000005,133.04000000000005,133.98000000000005,134.28000000000006,134.90000000000006,135.82000000000005,136.24000000000004,136.96000000000004,137.24000000000004,137.52000000000004,138.68000000000004,139.82000000000002,140.24,140.66,141.48,142.28,144.4,144.66,145.18,145.66,146.6,147.5,148.24,148.8,149.42000000000002
run29,0.52,1.0,1.2200000000000002,1.96,2.1,2.22,2.46,2.82,2.94,3.1399999999999997,3.46,4.88,6.26,6.84,7.38,8.54,8.899999999999999,12.599999999999998,13.379999999999997,15.619999999999997,15.999999999999996,16.539999999999996,17.139999999999997,18.9,19.16,19.580000000000002,19.96,20.240000000000002,20.32,20.32,20.56,20.599999999999998,20.72,20.799999999999997,20.999999999999996,21.339999999999996,21.359999999999996,21.359999999999996,21.419999999999995,21.439999999999994,21.599999999999994,21.639999999999993,22.479999999999993,22.739999999999995,22.779999999999994,23.239999999999995,23.239999999999995,23.639999999999993,23.699999999999992,23.89999999999999,25.05999999999999,25.09999999999999,25.13999999999999,26.17999999999999,26.19999999999999,26.51999999999999,26.899999999999988,27.619999999999987,30.519999999999985,30.599999999999987,30.899999999999988,31.099999999999987,31.51999999999999,31.83999999999999,32.39999999999999,32.69999999999999,32.95999999999999,33.29999999999999,33.89999999999999,34.35999999999999,34.89999999999999,35.459999999999994,35.61999999999999,36.11999999999999,39.81999999999999,40.25999999999999,40.81999999999999,40.85999999999999,40.89999999999999,40.959999999999994,41.53999999999999,41.83999999999999,42.09999999999999,42.37999999999999,42.77999999999999,43.399999999999984,43.639999999999986,44.09999999999999,44.23999999999999,44.27999999999999,44.59999999999999,44.83999999999999,44.95999999999999,45.319999999999986,45.719999999999985,46.19999999999998,46.35999999999998,46.53999999999998,46.59999999999998,47.41999999999998,47.73999999999998,49.15999999999998,49.55999999999998,49.55999999999998,50.19999999999998,50.37999999999998,50.67999999999998,50.89999999999998,50.95999999999998,51.21999999999998,51.31999999999998,51.71999999999998,52.25999999999998,52.63999999999998,53.23999999999998,53.81999999999998,54.35999999999998,54.87999999999998,55.079999999999984,55.359999999999985,56.33999999999998,57.15999999999998,57.33999999999998,57.79999999999998,58.27999999999998,58.63999999999998,58.99999999999998,59.19999999999998,59.73999999999998,60.03999999999998,60.41999999999998,61.05999999999998,61.45999999999998,61.81999999999998,63.39999999999998,63.41999999999998,63.99999999999998,64.59999999999998,64.99999999999999,65.17999999999999,65.55999999999999,66.03999999999999,66.47999999999999,66.52,66.72,67.32,67.66,67.84,69.48,73.0,74.08,74.86,75.22,76.03999999999999,76.75999999999999,79.49999999999999,79.97999999999999,80.55999999999999,80.97999999999999,81.29999999999998,81.83999999999999,82.43999999999998,82.91999999999999,83.6,83.8,84.64,84.98,86.0,86.52,87.32,88.39999999999999,88.96,89.46,90.08,90.5,90.88,91.39999999999999,91.49999999999999,91.59999999999998,92.39999999999998,92.73999999999998,93.07999999999998,93.51999999999998,93.89999999999998,94.27999999999997,95.91999999999997,99.43999999999997,99.47999999999998,99.55999999999997,99.89999999999998,100.19999999999997,100.53999999999998,101.25999999999998,101.53999999999998,101.67999999999998,101.85999999999999,101.91999999999999,102.05999999999999,104.89999999999999,105.3,106.17999999999999,106.86,108.02,108.56,112.24000000000001,112.80000000000001,113.32000000000001,113.68,115.76,116.56,116.66,116.94,117.39999999999999,117.94,118.5,118.98,119.26,119.68,120.2,120.7,121.88000000000001,122.72000000000001,123.20000000000002,124.34000000000002,125.06000000000002,125.48000000000002,125.78000000000002,126.40000000000002,127.32000000000002,128.24,128.36,128.8,129.08,131.20000000000002,132.34,135.62,135.9,136.26000000000002,137.06000000000003,137.62000000000003,138.34000000000003,138.76000000000002,139.58,139.84,140.36,141.08,142.02,144.32000000000002,146.44000000000003,147.34000000000003,148.08000000000004
run30,0.72,1.54,1.6,1.76,1.94,2.3,2.78,3.5999999999999996,3.9999999999999996,4.3,4.52,5.06,5.14,5.18,5.22,5.26,5.72,6.76,6.92,8.34,8.34,8.36,8.36,8.42,9.26,9.3,9.620000000000001,10.020000000000001,11.040000000000001,13.940000000000001,14.000000000000002,14.000000000000002,14.200000000000001,14.700000000000001,15.280000000000001,16.26,16.560000000000002,16.96,17.2,17.82,18.28,18.42,19.060000000000002,19.660000000000004,19.700000000000003,20.020000000000003,20.400000000000002,20.8,20.86,21.12,21.5,22.08,22.139999999999997,22.459999999999997,22.74,22.759999999999998,22.86,22.9,23.16,23.18,23.9,23.979999999999997,23.979999999999997,24.219999999999995,24.779999999999994,25.039999999999996,25.079999999999995,25.199999999999996,25.279999999999994,26.099999999999994,26.639999999999993,27.079999999999995,27.679999999999996,28.099999999999998,28.299999999999997,28.699999999999996,29.039999999999996,29.299999999999997,29.72,30.099999999999998,30.38,30.68,31.46,31.6,31.720000000000002,32.080000000000005,32.2,32.400000000000006,32.64000000000001,32.96000000000001,33.120000000000005,33.6,34.34,34.86000000000001,36.24000000000001,36.78000000000001,37.38000000000001,37.58000000000001,38.180000000000014,38.54000000000001,38.740000000000016,39.280000000000015,39.58000000000001,39.76000000000001,40.22000000000001,40.70000000000001,40.98000000000001,41.10000000000001,41.46000000000001,41.84000000000001,42.28000000000001,42.52000000000001,42.90000000000001,43.22000000000001,43.38000000000001,43.40000000000001,43.44000000000001,44.22000000000001,44.58000000000001,44.98000000000001,45.320000000000014,46.04000000000001,46.22000000000001,47.30000000000001,49.06000000000001,49.40000000000001,53.100000000000016,53.320000000000014,53.740000000000016,54.38000000000002,55.000000000000014,57.240000000000016,58.88000000000002,62.40000000000002,63.28000000000002,63.82000000000002,64.34000000000002,65.24000000000002,65.60000000000002,66.06000000000002,66.26000000000002,67.84000000000002,68.16000000000001,69.32000000000001,70.74000000000001,71.18,71.78,71.96000000000001,72.36000000000001,72.74000000000001,72.78000000000002,73.26000000000002,73.80000000000003,74.00000000000003,74.60000000000002,75.02000000000002,75.22000000000003,75.90000000000003,76.58000000000004,77.42000000000004,77.96000000000005,78.32000000000005,79.48000000000005,80.04000000000005,80.34000000000005,80.70000000000005,83.44000000000004,84.00000000000004,84.48000000000005,85.00000000000004,85.52000000000004,85.86000000000004,86.36000000000004,86.94000000000004,87.30000000000004,89.38000000000004,89.94000000000004,90.46000000000004,91.54000000000003,92.02000000000004,92.56000000000004,93.14000000000004,96.84000000000005,97.18000000000005,97.52000000000005,97.96000000000005,98.34000000000005,98.64000000000004,99.02000000000004,99.36000000000004,99.40000000000005,101.04000000000005,104.56000000000004,104.64000000000004,104.98000000000005,105.78000000000004,106.50000000000004,106.64000000000004,106.92000000000004,107.06000000000004,107.24000000000005,107.30000000000005,107.40000000000005,107.82000000000005,108.62000000000005,111.46000000000005,111.86000000000006,113.04000000000006,113.60000000000007,113.98000000000006,114.46000000000006,114.56000000000006,115.36000000000006,119.04000000000005,121.16000000000005,122.10000000000005,122.66000000000005,123.18000000000005,123.28000000000004,123.56000000000004,124.10000000000005,124.66000000000005,125.12000000000005,126.06000000000004,127.20000000000005,127.92000000000004,128.42000000000004,128.84000000000003,129.42000000000004,129.70000000000005,130.00000000000006,130.62000000000006,131.54000000000005,131.66000000000005,132.82000000000005,133.10000000000005,133.82000000000005,134.96000000000004,138.24000000000004,138.52000000000004,139.04000000000005,139.30000000000004,141.42000000000004,142.34000000000003,142.76000000000002,143.58,144.52,146.82000000000002,147.62000000000003,148.36000000000004,148.98000000000005
run31,0.28,0.92,0.92,1.1800000000000002,1.6,1.98,2.2199999999999998,2.36,2.48,2.84,2.96,3.16,3.4000000000000004,3.4200000000000004,3.6800000000000006,3.6800000000000006,3.7400000000000007,4.58,4.78,5.12,5.140000000000001,5.180000000000001,5.300000000000001,5.380000000000001,5.98,5.98,6.040000000000001,6.440000000000001,6.900000000000001,6.940000000000001,6.980000000000001,7.1800000000000015,7.500000000000002,7.880000000000002,8.220000000000002,8.260000000000002,8.560000000000002,8.760000000000002,9.540000000000001,10.100000000000001,10.400000000000002,10.660000000000002,11.120000000000001,11.440000000000001,11.520000000000001,11.740000000000002,11.900000000000002,12.440000000000001,12.96,13.020000000000001,13.420000000000002,13.820000000000002,13.820000000000002,14.340000000000002,14.820000000000002,15.180000000000001,15.480000000000002,16.3,16.900000000000002,17.080000000000002,17.240000000000002,18.060000000000002,19.480000000000004,19.500000000000004,19.820000000000004,20.220000000000002,21.800000000000004,22.220000000000006,22.860000000000007,23.460000000000008,23.90000000000001,24.08000000000001,25.120000000000008,25.840000000000007,25.900000000000006,26.160000000000007,26.720000000000006,27.140000000000008,27.42000000000001,27.800000000000008,28.360000000000007,29.340000000000007,29.880000000000006,29.980000000000008,30.000000000000007,30.580000000000005,32.220000000000006,35.74000000000001,36.46000000000001,37.00000000000001,37.88000000000001,38.38000000000001,39.20000000000001,39.56000000000001,39.60000000000001,39.66000000000001,39.70000000000001,42.60000000000001,42.88000000000001,43.12000000000001,43.30000000000001,43.76000000000001,44.180000000000014,44.54000000000001,45.12000000000001,45.42000000000001,45.82000000000001,46.440000000000005,46.940000000000005,47.1,47.84,48.36000000000001,48.84,49.080000000000005,49.56,49.84,50.28,50.64,51.18,51.3,51.599999999999994,51.8,52.18,52.5,52.96,53.1,53.14,53.74,54.36,54.56,55.400000000000006,55.760000000000005,56.160000000000004,56.42,56.46,56.9,57.8,58.279999999999994,58.63999999999999,59.239999999999995,59.419999999999995,59.8,60.199999999999996,62.94,64.1,65.11999999999999,65.32,65.91999999999999,66.23999999999998,66.45999999999998,66.63999999999999,66.97999999999999,68.05999999999999,71.75999999999999,72.17999999999999,72.72,73.03999999999999,73.19999999999999,73.97999999999999,74.55999999999999,76.79999999999998,77.27999999999999,77.85999999999999,78.53999999999999,78.74,79.42,80.26,80.60000000000001,81.08000000000001,81.60000000000001,82.14000000000001,82.18000000000002,82.72000000000003,83.08000000000003,83.42000000000003,83.50000000000003,83.84000000000003,84.64000000000003,84.98000000000003,85.42000000000003,85.80000000000003,86.10000000000002,86.48000000000002,86.82000000000002,86.86000000000003,88.50000000000003,92.02000000000002,92.74000000000002,92.88000000000002,93.02000000000002,93.30000000000003,93.48000000000003,93.54000000000003,93.64000000000003,94.44000000000003,95.00000000000003,97.08000000000003,98.16000000000003,99.92000000000003,100.32000000000004,103.16000000000004,103.72000000000004,104.20000000000005,105.14000000000004,105.52000000000004,106.08000000000004,107.24000000000004,107.34000000000003,108.14000000000003,108.24000000000002,108.52000000000002,108.98000000000002,111.28000000000002,111.82000000000002,112.76000000000002,113.28000000000002,113.86000000000001,117.54000000000002,118.26000000000002,119.64000000000001,120.12000000000002,120.50000000000001,120.86000000000001,121.36000000000001,121.78000000000002,122.08000000000001,122.70000000000002,123.88000000000002,124.42000000000003,125.58000000000003,126.50000000000003,126.78000000000003,128.90000000000003,130.04000000000002,130.16000000000003,131.3,132.02,132.3,135.58,136.3,136.82000000000002,137.08,139.20000000000002,140.12,140.54,141.35999999999999,142.29999999999998,143.1,143.84,144.4,145.02
run32,0.0,0.17999999999999994,0.5399999999999998,1.0199999999999998,1.8399999999999999,2.8200000000000003,3.12,3.2800000000000002,3.3400000000000003,3.5200000000000005,4.12,4.640000000000001,5.040000000000001,5.440000000000001,5.760000000000002,5.800000000000002,5.860000000000001,6.940000000000001,6.980000000000001,7.080000000000001,7.100000000000001,7.360000000000001,10.260000000000002,10.320000000000002,10.320000000000002,10.360000000000003,10.820000000000004,11.860000000000003,12.700000000000003,12.760000000000003,12.760000000000003,12.960000000000003,13.220000000000002,13.240000000000002,13.520000000000001,13.82,14.22,14.84,15.08,15.4,15.76,16.48,16.94,17.080000000000002,17.12,17.32,17.36,18.0,18.6,18.64,18.68,19.16,19.240000000000002,19.8,19.880000000000003,19.880000000000003,20.200000000000003,20.320000000000004,20.360000000000003,20.440000000000005,20.760000000000005,21.140000000000004,21.680000000000003,22.120000000000005,22.500000000000004,22.760000000000005,23.180000000000007,23.460000000000008,23.88000000000001,24.08000000000001,24.42000000000001,24.820000000000007,25.180000000000007,25.720000000000006,26.020000000000007,26.240000000000006,26.440000000000005,26.500000000000004,26.760000000000005,27.180000000000007,27.580000000000005,27.700000000000006,28.180000000000007,28.78000000000001,29.160000000000007,29.340000000000007,29.700000000000006,29.820000000000007,30.020000000000007,30.260000000000005,30.380000000000006,30.520000000000007,30.840000000000007,31.000000000000007,31.480000000000008,31.700000000000006,33.080000000000005,33.82000000000001,34.34000000000001,34.94000000000001,35.34000000000001,35.62000000000001,36.06000000000001,36.24000000000001,36.70000000000001,37.12000000000001,37.94000000000001,39.58000000000001,40.02000000000001,43.540000000000006,44.040000000000006,44.620000000000005,45.46000000000001,45.760000000000005,45.78000000000001,46.02000000000001,46.40000000000001,47.280000000000015,47.48000000000002,47.84000000000002,48.18000000000002,51.880000000000024,52.60000000000002,53.020000000000024,53.18000000000002,53.200000000000024,53.24000000000002,54.020000000000024,54.42000000000002,54.68000000000002,55.50000000000002,56.04000000000002,57.80000000000002,58.70000000000002,59.240000000000016,59.76000000000002,62.00000000000002,62.380000000000024,62.980000000000025,63.560000000000024,63.760000000000026,63.940000000000026,64.54000000000002,65.70000000000002,65.86000000000001,67.44000000000001,68.86000000000001,69.20000000000002,69.74000000000002,70.28000000000003,70.48000000000003,71.16000000000004,71.84000000000005,72.68000000000005,73.32000000000005,73.84000000000005,74.18000000000005,74.80000000000005,75.32000000000005,75.88000000000005,76.18000000000005,76.50000000000004,76.86000000000004,79.60000000000004,80.18000000000004,80.66000000000004,81.02000000000004,83.10000000000004,83.56000000000003,84.12000000000003,84.66000000000004,85.16000000000004,85.54000000000003,85.90000000000003,87.06000000000003,87.84000000000003,88.18000000000004,88.52000000000004,88.96000000000004,89.34000000000003,89.72000000000003,91.36000000000003,94.88000000000002,95.18000000000002,95.52000000000002,95.56000000000003,95.64000000000003,95.98000000000003,96.78000000000003,96.92000000000003,97.64000000000003,97.78000000000003,98.06000000000003,98.24000000000004,98.30000000000004,98.40000000000003,98.82000000000004,99.90000000000003,100.44000000000004,101.02000000000004,104.72000000000004,105.74000000000004,106.54000000000003,106.94000000000004,109.78000000000004,110.26000000000005,111.44000000000005,111.82000000000005,112.30000000000005,112.40000000000005,113.20000000000005,116.88000000000005,119.00000000000006,119.56000000000006,120.12000000000006,121.06000000000006,121.16000000000005,121.44000000000005,123.74000000000005,124.28000000000006,124.74000000000005,125.68000000000005,126.20000000000005,126.92000000000004,127.42000000000004,127.84000000000005,128.98000000000005,129.28000000000006,129.90000000000006,130.82000000000005,131.10000000000005,131.68000000000006,131.96000000000006,132.08000000000007,133.22000000000006,133.94000000000005,135.10000000000005,138.38000000000005,138.66000000000005,139.18000000000006,139.44000000000005,141.56000000000006,142.48000000000005,142.90000000000003,143.72000000000003,144.20000000000002,145.14000000000001,145.94000000000003,146.68000000000004,147.24000000000004,147.86000000000004
run33,0.94,1.66,1.68,1.92,2.2,2.2800000000000002,2.2800000000000002,2.5200000000000005,2.6400000000000006,2.6800000000000006,2.9400000000000004,3.3600000000000003,3.74,4.28,4.720000000000001,4.86,4.98,5.340000000000001,5.460000000000001,5.660000000000001,5.900000000000001,5.900000000000001,5.960000000000001,6.800000000000001,7.4,7.840000000000001,8.24,8.86,9.16,9.52,10.059999999999999,10.36,10.4,10.88,10.920000000000002,10.960000000000003,11.120000000000003,11.180000000000003,12.000000000000004,12.360000000000003,12.760000000000003,12.940000000000003,13.080000000000004,13.560000000000004,14.040000000000004,14.500000000000004,14.820000000000004,15.200000000000003,15.200000000000003,15.420000000000003,15.960000000000004,17.380000000000003,18.060000000000002,18.520000000000003,18.700000000000003,18.94,19.14,19.18,20.02,20.5,21.4,21.52,22.12,22.28,22.3,22.34,22.54,22.88,23.48,23.86,24.04,24.419999999999998,25.459999999999997,26.06,26.459999999999997,26.819999999999997,27.639999999999997,27.839999999999996,27.859999999999996,28.439999999999998,28.74,29.0,30.42,30.740000000000002,30.78,31.1,31.5,32.32,32.38,32.42,32.980000000000004,33.260000000000005,33.480000000000004,33.88,34.06,34.400000000000006,34.68000000000001,37.580000000000005,37.64000000000001,37.900000000000006,38.300000000000004,38.400000000000006,38.42000000000001,38.50000000000001,38.68000000000001,39.14000000000001,39.50000000000001,39.92000000000001,40.36000000000001,40.56000000000001,41.40000000000001,43.04000000000001,46.56000000000002,47.44000000000002,47.98000000000002,48.70000000000002,48.70000000000002,48.76000000000002,48.96000000000002,49.700000000000024,49.86000000000002,50.46000000000002,50.980000000000025,52.14000000000003,52.34000000000003,52.76000000000003,53.24000000000003,53.56000000000003,53.82000000000003,54.40000000000003,56.64000000000003,57.24000000000003,57.62000000000003,57.960000000000036,59.540000000000035,60.06000000000004,60.640000000000036,61.06000000000004,62.820000000000036,62.900000000000034,63.24000000000004,63.58000000000004,64.20000000000005,64.32000000000005,67.16000000000005,67.54000000000005,68.00000000000004,68.20000000000005,68.30000000000004,68.84000000000005,70.48000000000005,70.82000000000005,71.26000000000005,71.74000000000005,72.24000000000005,72.40000000000005,75.92000000000004,76.32000000000005,76.84000000000005,77.62000000000005,77.92000000000004,78.48000000000005,78.78000000000004,79.14000000000004,81.88000000000004,83.96000000000004,84.28000000000003,84.92000000000003,85.38000000000002,85.92000000000003,86.56000000000003,87.08000000000003,87.62000000000003,88.12000000000003,89.14000000000003,89.50000000000003,90.58000000000003,90.94000000000003,91.32000000000002,91.68000000000002,92.84000000000002,93.62000000000002,93.76000000000002,94.04000000000002,94.18000000000002,94.36000000000003,94.42000000000003,94.76000000000003,95.32000000000004,95.84000000000003,95.94000000000003,95.98000000000003,97.36000000000003,97.90000000000003,101.60000000000004,101.64000000000004,102.22000000000004,103.30000000000004,104.10000000000004,104.78000000000004,105.58000000000004,105.98000000000005,106.54000000000005,107.08000000000006,107.80000000000005,108.18000000000005,108.48000000000005,108.86000000000004,109.20000000000005,110.34000000000005,111.06000000000004,111.34000000000005,111.76000000000005,112.94000000000005,113.04000000000005,113.84000000000005,117.52000000000004,118.00000000000004,118.56000000000004,119.08000000000004,119.50000000000004,121.62000000000005,122.56000000000004,123.12000000000005,123.62000000000005,124.60000000000005,125.02000000000005,125.50000000000006,125.80000000000005,126.42000000000006,127.34000000000006,128.50000000000006,128.78000000000006,129.36000000000007,130.50000000000006,133.78000000000006,134.50000000000006,134.78000000000006,135.06000000000006,135.58000000000007,135.84000000000006,136.56000000000006,138.68000000000006,139.60000000000005,140.02000000000004,140.84000000000003,141.78000000000003,144.08000000000004,144.88000000000005,145.62000000000006,146.24000000000007
run34,0.45999999999999996,1.06,1.68,2.2199999999999998,2.46,2.5,2.7,3.54,3.8600000000000003,4.16,4.74,5.0200000000000005,5.28,5.58,5.62,6.08,6.22,6.8,7.62,8.22,8.280000000000001,8.520000000000001,8.88,9.780000000000001,9.82,9.86,10.02,10.08,10.92,10.92,10.96,11.420000000000002,12.46,12.48,12.74,13.46,13.520000000000001,13.520000000000001,13.72,14.22,14.3,14.340000000000002,14.380000000000003,14.400000000000002,14.480000000000002,14.480000000000002,14.720000000000002,15.280000000000003,15.540000000000003,15.960000000000003,16.340000000000003,16.620000000000005,17.100000000000005,17.420000000000005,17.800000000000004,18.120000000000005,19.200000000000003,19.320000000000004,19.920000000000005,20.360000000000007,20.720000000000006,21.260000000000005,21.560000000000006,21.760000000000005,22.240000000000006,22.620000000000005,23.220000000000006,23.300000000000004,23.340000000000003,23.460000000000004,24.280000000000005,24.480000000000004,24.640000000000004,24.660000000000004,24.700000000000003,25.040000000000003,25.42,25.78,25.900000000000002,26.1,26.34,26.66,26.8,26.92,27.14,27.72,29.099999999999998,29.499999999999996,29.679999999999996,29.859999999999996,30.259999999999994,30.599999999999994,30.959999999999994,32.03999999999999,34.93999999999999,35.41999999999999,35.79999999999999,36.11999999999999,36.37999999999999,36.73999999999999,37.139999999999986,37.29999999999998,37.47999999999998,38.29999999999998,38.77999999999998,40.19999999999998,40.41999999999998,40.47999999999998,40.79999999999998,40.859999999999985,41.11999999999998,41.51999999999998,42.05999999999998,42.15999999999998,42.69999999999998,43.079999999999984,43.759999999999984,43.95999999999999,44.79999999999999,45.39999999999999,45.79999999999999,45.79999999999999,45.97999999999999,46.43999999999999,46.85999999999999,47.279999999999994,48.059999999999995,48.26,49.0,49.16,49.63999999999999,50.239999999999995,50.76,51.28,51.86,53.62,55.86,55.88,57.52,61.040000000000006,61.92000000000001,62.64000000000001,62.92000000000001,63.46000000000001,63.80000000000001,64.32000000000001,64.74000000000001,66.32000000000001,67.74000000000001,68.10000000000001,68.52000000000001,68.92000000000002,69.28000000000002,70.44000000000001,70.52000000000001,70.64000000000001,73.48000000000002,73.82000000000002,74.20000000000002,74.30000000000001,74.58000000000001,75.12000000000002,76.76000000000002,77.38000000000002,77.72000000000003,78.06000000000003,78.50000000000003,78.98000000000003,79.12000000000003,79.68000000000004,80.24000000000004,80.54000000000003,80.92000000000003,81.64000000000003,85.16000000000003,85.54000000000002,88.28000000000002,88.58000000000001,89.22000000000001,89.68,90.02000000000001,90.06000000000002,90.16000000000001,90.68,91.22000000000001,92.38000000000001,92.66000000000001,92.80000000000001,92.98000000000002,93.04000000000002,93.38000000000002,93.56000000000003,93.86000000000003,94.14000000000003,94.50000000000003,96.58000000000003,96.94000000000003,97.04000000000002,97.84000000000002,98.62000000000002,99.14000000000001,100.16000000000001,100.66000000000001,101.20000000000002,104.90000000000002,106.04000000000002,106.68000000000002,107.26000000000002,107.66000000000003,108.20000000000003,108.88000000000004,109.68000000000004,110.24000000000004,110.96000000000004,111.76000000000003,112.70000000000003,113.64000000000003,117.32000000000002,117.80000000000003,118.36000000000003,120.48000000000003,121.00000000000003,121.56000000000003,122.06000000000003,123.04000000000003,123.46000000000004,123.90000000000003,125.08000000000004,125.56000000000004,125.98000000000005,126.28000000000004,126.90000000000005,127.82000000000005,128.98000000000005,129.26000000000005,130.40000000000003,131.12000000000003,134.40000000000003,134.68000000000004,135.40000000000003,135.92000000000004,136.18000000000004,138.30000000000004,139.24000000000004,139.66000000000003,140.58,141.4,143.70000000000002,144.50000000000003,145.24000000000004,145.86000000000004
run35,0.30000000000000004,0.68,1.02,1.06,1.1400000000000001,1.1600000000000001,1.54,3.12,3.4400000000000004,4.16,4.6,4.9799999999999995,5.3999999999999995,5.659999999999999,5.739999999999999,5.779999999999999,5.8999999999999995,5.9799999999999995,5.9799999999999995,6.22,6.42,6.76,6.779999999999999,6.819999999999999,7.02,7.079999999999999,7.079999999999999,7.1,7.56,7.819999999999999,7.819999999999999,7.879999999999999,8.919999999999998,9.759999999999998,9.959999999999997,10.359999999999998,10.659999999999997,10.819999999999997,11.959999999999997,12.079999999999997,12.219999999999997,12.579999999999997,12.699999999999996,12.899999999999995,13.139999999999995,13.559999999999995,14.079999999999995,14.679999999999994,15.099999999999994,15.819999999999995,16.119999999999994,16.699999999999996,17.479999999999997,18.159999999999997,18.619999999999997,19.159999999999997,19.539999999999996,19.899999999999995,20.159999999999997,21.919999999999995,22.079999999999995,22.139999999999993,22.319999999999993,23.139999999999993,23.499999999999993,23.499999999999993,23.979999999999993,25.39999999999999,25.79999999999999,26.01999999999999,26.559999999999988,26.959999999999987,27.479999999999986,28.059999999999988,28.65999999999999,28.97999999999999,29.37999999999999,32.27999999999999,32.33999999999999,32.59999999999999,33.15999999999999,33.25999999999999,33.85999999999999,34.03999999999999,34.31999999999999,36.559999999999995,36.66,37.199999999999996,37.4,38.24,38.56,39.300000000000004,39.46,39.980000000000004,40.46,41.06,42.480000000000004,42.82000000000001,43.24000000000001,43.26000000000001,43.30000000000001,43.360000000000014,43.640000000000015,43.88000000000002,44.26000000000002,44.62000000000002,44.98000000000002,45.70000000000002,45.90000000000002,46.16000000000002,46.54000000000002,47.04000000000002,48.060000000000024,48.64000000000002,49.62000000000002,49.66000000000002,50.48000000000002,50.780000000000015,51.180000000000014,51.80000000000001,51.94000000000001,51.98000000000001,52.34000000000001,52.88000000000001,53.08000000000001,53.38000000000001,53.56000000000001,54.02000000000001,54.44000000000001,54.56000000000001,55.040000000000006,55.64000000000001,56.040000000000006,56.220000000000006,56.56000000000001,57.64000000000001,58.24000000000001,58.720000000000006,59.120000000000005,59.940000000000005,61.580000000000005,65.10000000000001,65.54,66.42,66.96000000000001,70.66000000000001,71.04,71.36,72.0,72.3,73.1,73.64,74.32000000000001,74.74000000000001,75.30000000000001,75.66000000000001,78.4,78.88000000000001,80.04,80.36,80.82,81.05999999999999,81.1,81.3,81.52,82.36,82.72,83.28,83.86,84.02,84.36,86.0,89.52,89.86,89.9,90.38000000000001,90.46000000000001,90.80000000000001,91.42000000000002,91.74000000000001,92.16000000000001,92.34000000000002,92.62000000000002,93.78000000000002,94.14000000000001,94.28000000000002,94.62000000000002,95.40000000000002,95.92000000000002,96.72000000000001,97.22000000000001,97.50000000000001,97.64000000000001,97.82000000000002,97.88000000000002,97.92000000000003,98.44000000000003,99.08000000000003,99.70000000000003,100.24000000000004,101.62000000000003,102.16000000000004,105.86000000000004,106.78000000000004,107.58000000000004,109.66000000000004,110.74000000000004,113.58000000000004,113.98000000000005,114.54000000000005,115.48000000000005,116.42000000000004,116.80000000000004,117.36000000000004,118.52000000000004,118.62000000000003,119.16000000000004,119.62000000000003,120.10000000000004,123.78000000000003,124.30000000000003,124.80000000000003,125.08000000000003,125.52000000000002,126.08000000000003,126.64000000000003,127.82000000000004,128.54000000000005,129.26000000000005,129.54000000000005,130.26000000000005,131.40000000000003,131.68000000000004,131.78000000000003,131.90000000000003,132.82000000000002,134.94000000000003,138.22000000000003,138.64000000000001,139.46,139.74,140.0,140.52,141.32000000000002,143.44000000000003,143.92000000000002,144.86,147.16000000000003,148.06000000000003,148.80000000000004,149.42000000000004
run36,0.0,0.3599999999999999,1.7799999999999998,2.26,2.6599999999999997,3.0599999999999996,3.38,3.4799999999999995,3.7799999999999994,4.6,5.58,6.62,6.66,7.26,7.3999999999999995,7.859999999999999,8.5,8.9,9.52,9.76,10.66,11.2,12.28,12.399999999999999,12.759999999999998,13.159999999999998,13.639999999999999,14.239999999999998,14.419999999999998,14.799999999999997,14.839999999999996,15.379999999999995,15.639999999999995,16.039999999999996,16.079999999999995,16.139999999999993,16.379999999999992,16.699999999999992,16.979999999999993,17.359999999999992,17.71999999999999,17.91999999999999,18.519999999999992,18.859999999999992,19.159999999999993,19.339999999999993,19.619999999999994,20.699999999999996,21.279999999999994,24.959999999999994,25.399999999999995,25.419999999999995,25.679999999999996,25.699999999999996,25.759999999999994,26.599999999999994,26.599999999999994,26.599999999999994,26.659999999999993,26.859999999999992,27.57999999999999,28.07999999999999,28.11999999999999,28.27999999999999,28.75999999999999,29.27999999999999,30.01999999999999,30.13999999999999,30.27999999999999,30.51999999999999,30.87999999999999,30.99999999999999,31.19999999999999,31.51999999999999,31.739999999999988,33.15999999999999,33.51999999999999,34.05999999999999,34.359999999999985,34.55999999999999,35.039999999999985,35.19999999999998,35.37999999999998,35.43999999999998,35.61999999999998,36.079999999999984,36.499999999999986,36.91999999999999,36.97999999999999,37.35999999999999,37.61999999999999,37.83999999999999,37.83999999999999,37.91999999999999,38.15999999999999,38.53999999999999,38.79999999999999,39.21999999999999,39.49999999999999,40.059999999999995,40.099999999999994,40.13999999999999,40.53999999999999,41.07999999999999,41.67999999999999,41.99999999999999,42.379999999999995,42.81999999999999,43.839999999999996,43.919999999999995,43.959999999999994,44.07999999999999,44.099999999999994,44.13999999999999,44.29999999999999,44.69999999999999,46.33999999999999,49.859999999999985,50.29999999999998,51.179999999999986,51.47999999999998,51.499999999999986,51.579999999999984,52.399999999999984,54.15999999999998,54.579999999999984,55.29999999999998,55.859999999999985,56.319999999999986,56.859999999999985,57.05999999999999,57.37999999999999,57.639999999999986,58.23999999999999,58.75999999999999,58.959999999999994,59.3,59.879999999999995,62.12,62.94,64.52,65.36,65.94,66.28,66.74,67.33999999999999,67.49999999999999,68.13999999999999,68.55999999999999,69.33999999999999,72.24,72.44,72.8,73.96,74.47999999999999,75.03999999999999,75.33999999999999,75.69999999999999,78.43999999999998,79.01999999999998,79.49999999999999,79.69999999999999,80.38,81.22,81.72,83.1,83.88,84.22,84.32,84.67999999999999,85.19999999999999,85.51999999999998,85.87999999999998,87.03999999999998,87.51999999999998,88.13999999999999,88.67999999999999,92.38,94.46,95.0,98.7,99.38000000000001,99.72000000000001,100.06000000000002,100.50000000000001,100.88000000000001,101.18,101.56,101.9,101.94000000000001,103.58000000000001,107.10000000000001,107.18,107.52000000000001,108.32000000000001,109.04,109.18,109.46000000000001,109.60000000000001,109.78000000000002,109.84000000000002,109.94000000000001,110.36000000000001,111.16000000000001,111.72000000000001,112.12000000000002,114.96000000000002,115.76000000000002,116.32000000000002,117.50000000000003,117.88000000000002,118.36000000000003,120.48000000000003,121.42000000000003,121.98000000000003,122.50000000000003,122.60000000000002,123.14000000000003,125.44000000000003,125.90000000000002,126.84000000000002,127.56000000000002,127.98000000000002,128.48000000000002,129.20000000000002,129.50000000000003,130.12000000000003,131.26000000000002,132.18,132.46,133.04000000000002,133.16000000000003,134.3,134.58,137.86,139.02,139.74,140.02,140.3,142.42000000000002,142.94000000000003,143.20000000000002,144.12,144.54,145.35999999999999,145.83999999999997,146.77999999999997,147.57999999999998,148.32,148.88,149.5
run37,2.1199999999999997,2.2399999999999998,2.5999999999999996,2.84,3.26,3.6399999999999997,3.76,3.9,4.22,4.6,4.64,4.68,5.119999999999999,5.199999999999999,5.239999999999999,5.359999999999999,5.4399999999999995,5.4399999999999995,5.459999999999999,5.799999999999999,5.999999999999999,6.059999999999999,6.059999999999999,6.079999999999998,6.119999999999998,6.579999999999998,7.619999999999998,8.459999999999997,8.659999999999997,8.919999999999996,10.059999999999995,10.779999999999996,11.139999999999995,11.679999999999996,11.879999999999995,12.179999999999996,12.999999999999996,13.019999999999996,13.419999999999996,14.039999999999996,14.339999999999996,14.779999999999996,15.019999999999996,15.059999999999995,15.319999999999995,15.519999999999994,15.879999999999994,16.259999999999994,16.859999999999996,17.279999999999998,17.759999999999998,18.36,18.48,18.78,19.380000000000003,19.540000000000003,19.78,21.36,21.36,21.56,21.619999999999997,22.04,22.439999999999998,22.619999999999997,23.019999999999996,23.199999999999996,23.559999999999995,23.959999999999994,24.299999999999994,24.599999999999994,27.499999999999993,27.779999999999994,28.359999999999992,29.139999999999993,29.21999999999999,29.75999999999999,30.33999999999999,30.79999999999999,30.93999999999999,30.97999999999999,31.29999999999999,31.57999999999999,31.95999999999999,32.01999999999999,32.25999999999999,32.57999999999999,33.07999999999999,33.29999999999999,33.45999999999999,33.55999999999999,37.25999999999999,38.23999999999999,38.69999999999999,39.23999999999999,39.79999999999999,41.21999999999999,41.559999999999995,41.879999999999995,42.13999999999999,42.739999999999995,42.779999999999994,43.339999999999996,43.62,43.8,44.26,44.68,45.1,45.980000000000004,46.14,46.32,46.38,47.2,47.56,47.78,48.32,48.72,48.78,49.04,49.06,49.46,49.94,50.04,50.58,52.22,55.739999999999995,55.779999999999994,56.099999999999994,57.17999999999999,58.599999999999994,59.279999999999994,59.48,60.32,60.92,61.300000000000004,61.300000000000004,61.7,61.88,62.260000000000005,64.02000000000001,64.74000000000001,65.32000000000001,67.56,68.08,68.89999999999999,69.47999999999999,70.21999999999998,70.37999999999998,70.97999999999998,71.45999999999998,71.97999999999998,72.51999999999998,73.03999999999998,73.23999999999998,74.07999999999998,74.71999999999998,75.87999999999998,76.39999999999998,77.19999999999997,77.61999999999998,77.97999999999998,79.13999999999997,79.49999999999997,80.05999999999997,80.55999999999997,81.11999999999998,81.41999999999997,81.77999999999997,82.35999999999997,82.83999999999997,85.57999999999997,86.35999999999997,86.71999999999997,87.51999999999997,87.85999999999997,88.37999999999997,88.85999999999997,90.23999999999997,90.27999999999997,91.07999999999997,91.71999999999997,92.25999999999998,92.93999999999998,93.27999999999999,93.61999999999999,93.69999999999999,94.03999999999999,94.66,94.7,95.08,95.46,95.75999999999999,96.1,96.82,96.96,97.5,101.2,104.72,104.86,105.14,105.32000000000001,105.38000000000001,105.48,107.56,108.36,109.38,112.22,113.3,113.7,114.64,115.58,116.14,116.52,117.0,117.56,121.24000000000001,122.42000000000002,122.94000000000001,123.44000000000001,123.54,123.82000000000001,124.38000000000001,124.92000000000002,125.38000000000001,125.66000000000001,126.10000000000001,126.82000000000001,127.24000000000001,127.96000000000001,129.1,129.4,130.02,130.94,131.22,132.85999999999999,134.01999999999998,134.93999999999997,135.05999999999997,135.77999999999997,136.05999999999997,139.33999999999997,139.75999999999996,140.57999999999996,140.83999999999995,141.35999999999996,143.47999999999996,143.95999999999995,144.89999999999995,147.19999999999996,148.09999999999997,148.83999999999997,149.45999999999998
run38,0.6000000000000001,1.7399999999999998,2.46,2.84,3.1399999999999997,3.4799999999999995,3.8599999999999994,5.02,7.76,7.8,7.96,8.16,8.5,8.7,8.76,8.76,9.6,10.0,10.4,10.72,11.360000000000001,11.420000000000002,11.600000000000001,11.96,11.96,12.48,12.96,13.260000000000002,14.080000000000002,14.680000000000001,15.100000000000001,15.500000000000002,15.8,16.580000000000002,16.76,16.76,16.82,17.02,17.48,17.5,17.76,18.8,20.22,20.22,20.299999999999997,20.539999999999996,20.619999999999997,20.659999999999997,20.779999999999998,20.999999999999996,21.539999999999996,22.059999999999995,22.459999999999994,22.879999999999995,23.139999999999997,23.519999999999996,23.559999999999995,23.599999999999994,23.919999999999995,24.299999999999994,24.739999999999995,24.799999999999994,25.059999999999995,25.339999999999996,25.899999999999995,26.319999999999997,26.459999999999997,26.58,26.939999999999998,27.06,27.259999999999998,27.499999999999996,28.879999999999995,29.199999999999996,29.919999999999995,30.519999999999996,31.499999999999996,31.959999999999997,32.5,32.88,33.24,33.78,34.08,34.28,34.46,34.92,35.34,35.82,36.08,36.18,37.82,38.42,38.6,42.120000000000005,42.6,42.72,43.12,43.94,44.339999999999996,44.959999999999994,45.839999999999996,46.22,46.58,47.18,47.54,47.58,47.62,47.68,47.96,47.980000000000004,48.220000000000006,48.800000000000004,49.300000000000004,49.6,49.92,50.660000000000004,50.82,51.34,55.02,55.46,55.72,56.199999999999996,56.44,56.8,57.18,57.5,57.64,58.1,58.14,58.18,58.38,59.220000000000006,59.24000000000001,59.32000000000001,59.60000000000001,60.18000000000001,60.400000000000006,61.120000000000005,61.720000000000006,62.540000000000006,64.12,64.66000000000001,65.08000000000001,65.28000000000002,65.86000000000001,66.28000000000002,67.30000000000001,68.08000000000001,68.42000000000002,68.96000000000002,69.76000000000002,70.92000000000002,71.56000000000002,71.72000000000001,73.14000000000001,73.48000000000002,73.56000000000002,73.90000000000002,74.24000000000002,74.68000000000002,75.16000000000003,75.78000000000003,76.18000000000004,76.36000000000004,76.70000000000005,76.80000000000004,77.88000000000004,81.58000000000004,83.82000000000004,84.02000000000004,84.70000000000005,85.38000000000005,86.22000000000006,86.76000000000006,87.32000000000006,87.62000000000006,88.10000000000007,88.90000000000006,89.26000000000006,89.58000000000006,89.94000000000005,90.46000000000005,90.80000000000005,91.60000000000005,91.98000000000005,92.34000000000005,93.50000000000004,94.00000000000004,94.04000000000005,94.18000000000005,97.08000000000006,97.36000000000006,97.50000000000006,97.68000000000006,97.74000000000007,98.26000000000006,99.90000000000006,103.42000000000006,103.52000000000005,103.64000000000006,105.72000000000006,108.56000000000006,108.94000000000005,109.52000000000005,110.06000000000006,113.76000000000006,114.84000000000006,115.64000000000006,116.20000000000006,116.78000000000006,117.18000000000006,118.12000000000006,119.06000000000006,119.10000000000007,119.66000000000007,119.76000000000006,120.30000000000007,120.86000000000007,121.32000000000006,121.88000000000007,123.06000000000007,123.54000000000008,124.06000000000007,124.62000000000008,125.12000000000008,125.40000000000008,125.84000000000007,126.26000000000008,126.74000000000008,127.04000000000008,127.66000000000008,128.58000000000007,128.86000000000007,129.76000000000008,130.04000000000008,132.16000000000008,132.88000000000008,134.02000000000007,137.30000000000007,137.58000000000007,138.10000000000008,138.36000000000007,139.08000000000007,141.20000000000007,141.62000000000006,142.54000000000005,143.36000000000004,144.30000000000004,146.60000000000005,147.34000000000006,147.96000000000006
run39,0.040000000000000036,0.20000000000000007,1.04,1.1,1.1,1.1400000000000001,1.4800000000000002,1.6800000000000002,2.08,2.08,2.2800000000000002,2.3400000000000003,3.5000000000000004,3.5200000000000005,3.7800000000000002,3.8200000000000003,3.8800000000000003,4.12,4.4,4.78,5.04,6.12,9.82,10.540000000000001,11.0,11.56,11.64,11.64,12.360000000000001,12.760000000000002,13.080000000000002,13.480000000000002,13.600000000000001,13.640000000000002,13.720000000000002,13.760000000000003,13.800000000000004,13.880000000000004,14.240000000000004,14.240000000000004,14.720000000000004,14.760000000000005,14.900000000000006,15.480000000000006,16.300000000000004,16.900000000000006,17.200000000000006,17.600000000000005,18.220000000000006,18.520000000000007,18.900000000000006,19.220000000000006,19.380000000000006,19.440000000000005,19.620000000000005,20.220000000000006,20.660000000000007,21.040000000000006,21.300000000000008,21.72000000000001,22.00000000000001,22.22000000000001,22.28000000000001,22.54000000000001,22.64000000000001,23.62000000000001,24.00000000000001,24.36000000000001,25.40000000000001,25.86000000000001,26.10000000000001,26.74000000000001,27.06000000000001,27.24000000000001,27.42000000000001,27.88000000000001,28.36000000000001,28.780000000000012,29.18000000000001,30.60000000000001,30.960000000000008,31.500000000000007,31.700000000000006,32.00000000000001,32.120000000000005,32.480000000000004,32.6,32.800000000000004,33.040000000000006,33.160000000000004,33.300000000000004,33.620000000000005,33.78,34.26,35.0,35.52,36.940000000000005,37.480000000000004,38.080000000000005,38.50000000000001,38.52000000000001,38.80000000000001,39.24000000000001,39.80000000000001,40.12000000000001,40.38000000000001,41.20000000000001,41.78000000000001,42.32000000000001,42.34000000000001,42.860000000000014,43.06000000000002,43.48000000000002,44.06000000000002,46.30000000000002,46.90000000000002,47.24000000000002,47.440000000000026,47.480000000000025,48.08000000000003,49.72000000000003,53.24000000000002,53.68000000000002,54.560000000000024,54.78000000000002,55.26000000000002,56.10000000000002,56.46000000000002,59.36000000000002,60.18000000000002,60.560000000000024,62.32000000000002,62.50000000000002,62.90000000000002,63.80000000000002,64.40000000000002,64.60000000000002,65.14000000000003,65.56000000000003,67.14000000000003,67.30000000000003,67.70000000000003,67.88000000000004,68.22000000000004,69.00000000000004,69.30000000000004,69.84000000000005,70.16000000000004,70.80000000000004,71.32000000000004,71.52000000000004,72.20000000000005,72.88000000000005,73.72000000000006,74.10000000000005,74.46000000000005,75.62000000000005,75.96000000000005,76.32000000000005,76.88000000000005,77.18000000000005,77.54000000000005,80.28000000000004,80.86000000000004,81.64000000000004,82.16000000000004,82.68000000000004,83.16000000000004,83.70000000000005,85.08000000000004,87.16000000000004,87.64000000000004,87.68000000000005,88.30000000000005,88.84000000000006,92.54000000000006,93.00000000000006,93.54000000000006,93.90000000000006,94.46000000000006,95.48000000000006,95.58000000000006,96.66000000000005,97.00000000000006,97.08000000000006,97.42000000000006,97.76000000000006,98.20000000000006,98.58000000000006,98.88000000000005,99.26000000000005,99.60000000000005,99.64000000000006,101.28000000000006,104.80000000000005,105.60000000000005,106.10000000000005,106.82000000000005,106.96000000000005,107.24000000000005,107.38000000000005,107.56000000000006,107.62000000000006,108.42000000000006,111.26000000000006,111.66000000000007,112.04000000000006,113.22000000000007,113.32000000000006,114.12000000000006,114.60000000000007,118.28000000000006,120.40000000000006,121.34000000000006,121.90000000000006,122.42000000000006,122.52000000000005,123.06000000000006,123.62000000000006,124.08000000000006,125.02000000000005,125.52000000000005,125.94000000000005,127.08000000000006,127.80000000000005,128.28000000000006,129.44000000000005,129.74000000000007,130.36000000000007,131.28000000000006,131.40000000000006,131.68000000000006,132.26000000000008,132.54000000000008,133.68000000000006,136.96000000000006,137.68000000000006,137.96000000000006,138.24000000000007,138.76000000000008,139.02000000000007,139.74000000000007,141.86000000000007,142.78000000000006,143.20000000000005,144.02000000000004,144.96000000000004,147.26000000000005,148.06000000000006,148.80000000000007,149.42000000000007
run40,0.48,1.3199999999999998,1.5199999999999998,1.8599999999999999,2.02,2.04,2.1,2.12,2.38,2.38,2.44,2.84,3.3,3.78,6.68,6.88,6.96,6.96,7.22,7.64,8.02,8.06,8.100000000000001,8.140000000000002,8.260000000000002,8.340000000000002,8.660000000000002,9.260000000000002,9.700000000000001,9.82,9.96,10.32,10.44,10.639999999999999,10.879999999999999,11.12,11.62,11.94,13.32,13.4,13.86,14.28,14.879999999999999,15.28,15.899999999999999,16.2,16.32,16.8,17.16,17.7,18.0,18.04,18.86,19.46,19.880000000000003,20.020000000000003,20.200000000000003,20.360000000000003,20.720000000000002,20.94,21.0,21.4,21.939999999999998,22.119999999999997,22.519999999999996,22.799999999999997,23.279999999999998,23.7,24.18,24.18,24.58,24.759999999999998,25.799999999999997,26.479999999999997,27.08,27.799999999999997,27.999999999999996,28.299999999999997,28.359999999999996,28.619999999999997,29.179999999999996,29.379999999999995,30.059999999999995,31.039999999999996,31.079999999999995,31.679999999999996,31.859999999999996,32.239999999999995,32.62,33.059999999999995,33.31999999999999,33.699999999999996,33.959999999999994,34.48,35.059999999999995,35.459999999999994,35.81999999999999,36.13999999999999,36.43999999999999,36.71999999999999,37.29999999999999,38.93999999999999,42.459999999999994,42.959999999999994,43.3,44.12,44.559999999999995,44.58,46.0,46.24,46.7,46.74,46.940000000000005,47.260000000000005,48.10000000000001,48.46000000000001,48.52000000000001,48.80000000000001,49.04000000000001,49.08000000000001,49.100000000000016,49.48000000000002,49.640000000000015,49.860000000000014,50.600000000000016,51.20000000000002,51.72000000000002,52.12000000000002,52.30000000000002,52.40000000000002,56.10000000000002,56.980000000000025,57.620000000000026,57.940000000000026,58.480000000000025,58.840000000000025,59.92000000000002,60.260000000000026,61.04000000000003,61.86000000000003,63.620000000000026,64.52000000000002,64.62000000000002,65.16000000000003,65.24000000000002,65.58000000000003,66.06000000000003,66.40000000000003,66.74000000000004,67.18000000000004,67.64000000000003,67.84000000000003,67.96000000000004,70.80000000000004,71.18000000000004,71.28000000000003,71.56000000000003,73.20000000000003,73.76000000000003,73.80000000000004,74.64000000000004,75.26000000000005,78.78000000000004,79.94000000000004,80.48000000000005,82.72000000000004,84.30000000000004,84.62000000000003,84.78000000000003,85.34000000000003,85.64000000000003,86.00000000000003,88.74000000000002,90.82000000000002,91.38000000000002,92.02000000000002,92.56000000000003,93.02000000000002,93.50000000000003,93.86000000000003,95.28000000000003,95.80000000000003,96.32000000000002,96.36000000000003,96.64000000000003,96.78000000000003,96.96000000000004,97.10000000000004,97.16000000000004,97.50000000000004,98.02000000000004,98.12000000000003,98.92000000000003,99.30000000000003,99.34000000000003,100.42000000000003,100.78000000000003,101.94000000000003,102.52000000000002,103.08000000000003,103.50000000000003,104.52000000000002,105.32000000000002,105.86000000000003,109.56000000000003,110.14000000000003,110.68000000000004,111.22000000000004,111.94000000000004,112.32000000000004,112.62000000000003,113.00000000000003,113.34000000000003,114.14000000000003,115.28000000000003,116.00000000000003,116.40000000000003,117.34000000000003,117.90000000000003,118.32000000000004,119.50000000000004,123.18000000000004,125.30000000000004,125.82000000000004,126.76000000000003,127.32000000000004,127.82000000000004,128.24000000000004,128.72000000000003,129.30000000000004,129.58000000000004,129.88000000000005,130.50000000000006,131.42000000000004,132.58000000000004,133.30000000000004,134.44000000000003,137.72000000000003,138.00000000000003,138.52000000000004,138.78000000000003,139.50000000000003,141.62000000000003,142.54000000000002,142.96,143.78,144.72,147.02,147.82000000000002,148.56000000000003,149.18000000000004
run41,0.15999999999999992,0.6799999999999999,1.56,1.6800000000000002,1.7200000000000002,2.2600000000000002,2.66,3.18,3.7600000000000002,3.8200000000000003,4.0,4.82,5.640000000000001,6.180000000000001,6.620000000000001,6.980000000000001,7.520000000000001,7.820000000000001,8.020000000000001,8.200000000000001,8.620000000000001,9.080000000000002,9.360000000000001,9.620000000000001,10.040000000000001,10.420000000000002,10.560000000000002,10.680000000000001,11.040000000000001,11.16,11.36,11.6,11.64,11.680000000000001,12.280000000000001,12.680000000000001,13.3,13.780000000000001,14.080000000000002,14.640000000000002,14.720000000000002,14.720000000000002,14.740000000000002,14.740000000000002,14.800000000000002,15.640000000000002,15.880000000000003,16.140000000000004,16.180000000000003,17.000000000000004,17.140000000000004,17.620000000000005,17.620000000000005,17.680000000000003,17.880000000000003,18.200000000000003,18.480000000000004,19.060000000000002,19.360000000000003,19.720000000000002,19.94,20.400000000000002,20.42,20.66,21.12,21.32,21.8,22.12,22.16,22.42,23.14,24.04,24.48,25.080000000000002,25.46,26.060000000000002,26.180000000000003,26.380000000000003,26.800000000000004,27.640000000000004,28.020000000000003,28.400000000000002,28.740000000000002,29.14,29.54,29.72,30.04,30.099999999999998,30.159999999999997,30.419999999999998,30.459999999999997,30.56,31.06,31.099999999999998,31.419999999999998,31.819999999999997,32.839999999999996,33.379999999999995,33.739999999999995,33.76,34.5,34.9,35.18,35.4,37.04,40.56,40.900000000000006,41.14000000000001,42.220000000000006,42.940000000000005,43.1,43.120000000000005,43.160000000000004,43.36000000000001,43.660000000000004,47.34,47.42,48.800000000000004,49.400000000000006,50.440000000000005,50.440000000000005,50.88,52.300000000000004,52.86000000000001,53.32000000000001,53.52000000000001,54.16000000000001,54.48000000000001,54.74000000000001,55.10000000000001,55.50000000000001,56.10000000000001,56.28000000000001,57.86000000000001,58.20000000000001,59.62000000000001,60.22000000000001,60.600000000000016,61.240000000000016,61.780000000000015,62.30000000000002,64.06000000000002,64.24000000000002,64.66000000000003,66.90000000000002,67.44000000000003,67.98000000000003,68.30000000000003,68.50000000000003,69.18000000000004,69.86000000000004,70.70000000000005,71.26000000000005,71.78000000000004,72.12000000000005,72.68000000000005,72.98000000000005,73.34000000000005,76.08000000000004,76.66000000000004,77.14000000000004,77.50000000000004,78.02000000000004,78.80000000000004,79.28000000000004,80.44000000000004,82.52000000000004,82.56000000000004,82.72000000000004,83.34000000000005,83.70000000000005,84.12000000000005,84.46000000000005,84.54000000000005,84.88000000000005,85.22000000000006,85.66000000000005,86.04000000000005,86.34000000000005,86.72000000000004,87.06000000000004,87.10000000000005,88.74000000000005,92.26000000000005,93.06000000000004,93.20000000000005,93.70000000000005,93.84000000000005,94.12000000000005,94.30000000000005,94.36000000000006,95.08000000000006,95.18000000000005,95.98000000000005,96.36000000000004,97.14000000000004,97.70000000000005,98.06000000000004,99.22000000000004,99.32000000000004,102.16000000000004,102.56000000000004,103.14000000000004,103.68000000000005,107.38000000000005,108.18000000000005,111.08000000000006,112.16000000000005,112.54000000000005,113.02000000000005,114.20000000000006,115.14000000000006,115.70000000000006,117.82000000000006,117.92000000000006,118.20000000000006,118.76000000000006,119.30000000000007,119.76000000000006,120.28000000000006,121.22000000000006,121.72000000000006,125.42000000000006,126.40000000000006,127.54000000000006,128.26000000000008,128.68000000000006,129.40000000000006,129.98000000000008,130.26000000000008,130.5600000000001,131.1800000000001,132.10000000000008,132.22000000000008,133.38000000000008,133.66000000000008,134.38000000000008,135.52000000000007,135.80000000000007,136.32000000000008,136.58000000000007,137.50000000000006,137.92000000000004,140.04000000000005,140.52000000000004,141.34000000000003,142.28000000000003,144.58000000000004,145.38000000000005,146.12000000000006,146.74000000000007
run42,0.62,0.9,1.62,1.8800000000000001,2.3000000000000003,2.3800000000000003,2.3800000000000003,2.4000000000000004,2.66,2.66,2.72,2.8800000000000003,2.9000000000000004,3.1000000000000005,3.4400000000000004,3.5600000000000005,3.6000000000000005,4.0200000000000005,4.42,4.48,4.48,4.5200000000000005,4.98,6.140000000000001,6.180000000000001,6.720000000000001,7.16,7.2,8.24,9.08,9.120000000000001,9.32,9.4,9.7,9.899999999999999,10.219999999999999,10.579999999999998,10.579999999999998,11.059999999999999,11.1,11.24,12.06,12.66,13.04,14.459999999999999,14.62,14.68,14.86,15.68,17.259999999999998,17.279999999999998,17.679999999999996,18.199999999999996,18.779999999999994,21.019999999999992,21.139999999999993,21.279999999999994,21.859999999999992,22.019999999999992,22.05999999999999,22.379999999999992,22.879999999999992,25.77999999999999,25.83999999999999,25.87999999999999,26.439999999999987,26.739999999999988,27.139999999999986,27.759999999999987,28.059999999999988,28.31999999999999,28.67999999999999,28.95999999999999,29.69999999999999,29.85999999999999,30.87999999999999,31.099999999999987,31.159999999999986,31.419999999999987,31.51999999999999,31.53999999999999,32.51999999999999,32.69999999999999,33.15999999999999,33.57999999999999,33.99999999999999,34.35999999999999,34.89999999999999,35.099999999999994,35.39999999999999,35.51999999999999,36.33999999999999,36.819999999999986,37.179999999999986,37.37999999999999,37.499999999999986,37.73999999999999,38.25999999999999,38.97999999999999,39.21999999999999,40.63999999999999,40.959999999999994,41.239999999999995,41.67999999999999,42.059999999999995,42.53999999999999,43.13999999999999,43.67999999999999,44.279999999999994,44.67999999999999,44.85999999999999,45.199999999999996,46.839999999999996,50.36,50.8,51.68,52.76,53.0,53.46,53.84,54.160000000000004,54.64,54.82,54.9,54.94,55.14,55.68,56.04,56.44,56.62,60.32,60.72,61.26,61.82,62.28,62.480000000000004,63.120000000000005,63.440000000000005,63.7,64.3,64.94,65.78,67.54,67.88000000000001,68.26,69.04,69.58000000000001,70.48000000000002,71.00000000000001,71.42000000000002,71.96000000000002,72.32000000000002,72.64000000000001,73.16000000000001,73.72000000000001,74.02000000000001,74.38000000000001,74.86000000000001,75.34000000000002,75.72000000000001,78.46000000000001,79.84,80.62,80.96000000000001,81.32000000000001,81.9,82.26,83.42,83.96000000000001,87.66000000000001,88.28000000000002,88.78000000000002,90.86000000000001,91.94000000000001,92.36000000000001,92.44000000000001,92.78000000000002,93.12000000000002,93.46000000000002,93.90000000000002,95.54000000000002,99.06000000000002,99.86000000000001,100.00000000000001,100.28000000000002,100.46000000000002,100.52000000000002,100.66000000000003,101.06000000000003,101.10000000000004,101.48000000000003,101.78000000000003,102.16000000000003,102.50000000000003,103.22000000000003,106.06000000000003,106.58000000000003,108.70000000000003,109.08000000000003,109.66000000000003,110.22000000000003,110.32000000000002,111.12000000000002,112.06000000000002,115.74000000000001,116.68,117.2,117.3,117.58,118.03999999999999,118.6,119.14,119.62,119.84,120.34,120.9,121.46000000000001,122.64000000000001,123.06000000000002,123.78000000000002,124.92000000000002,125.64000000000001,125.92000000000002,126.04000000000002,126.64000000000001,127.80000000000001,128.08,128.66000000000003,129.38000000000002,132.66000000000003,133.8,134.48000000000002,134.76000000000002,135.44000000000003,135.64000000000001,136.48000000000002,136.58,138.70000000000002,139.50000000000003,140.02000000000004,140.28000000000003,141.20000000000002,141.62,142.1,142.92,143.85999999999999,146.16,146.46,147.26000000000002,148.00000000000003,148.62000000000003
run43,0.74,1.3,1.84,2.38,2.6399999999999997,2.86,2.92,3.86,4.42,4.46,4.52,4.539999999999999,4.819999999999999,5.06,6.14,6.859999999999999,6.8999999999999995,7.22,10.899999999999999,11.299999999999999,11.7,12.34,12.6,13.02,13.2,13.66,14.08,14.56,14.84,15.24,15.780000000000001,15.8,15.8,15.860000000000001,16.12,16.96,17.04,17.04,17.3,17.720000000000002,17.96,18.34,19.06,19.14,19.18,19.22,19.259999999999998,19.72,20.759999999999998,20.759999999999998,20.819999999999997,21.019999999999996,21.519999999999996,22.539999999999996,22.699999999999996,22.879999999999995,22.939999999999994,23.419999999999995,23.779999999999994,23.779999999999994,25.199999999999996,25.239999999999995,25.379999999999995,25.959999999999994,26.259999999999994,26.659999999999993,27.279999999999994,27.739999999999995,27.979999999999993,28.159999999999993,28.479999999999993,29.059999999999995,29.879999999999995,30.479999999999997,31.459999999999997,32.54,32.699999999999996,32.72,32.76,32.879999999999995,33.26,33.62,33.919999999999995,34.12,34.66,35.26,35.699999999999996,35.779999999999994,35.81999999999999,35.93999999999999,36.35999999999999,36.75999999999999,37.05999999999999,37.359999999999985,37.499999999999986,37.61999999999998,38.359999999999985,38.87999999999999,39.359999999999985,39.51999999999998,39.87999999999998,39.99999999999998,40.19999999999998,40.43999999999998,40.759999999999984,42.179999999999986,42.77999999999999,43.139999999999986,43.539999999999985,44.05999999999999,44.23999999999999,44.33999999999999,44.61999999999999,44.63999999999999,45.459999999999994,45.779999999999994,48.67999999999999,48.879999999999995,49.22,49.42,50.24,51.82,52.2,52.56,53.480000000000004,54.260000000000005,54.86000000000001,55.260000000000005,55.440000000000005,55.78000000000001,56.220000000000006,57.86000000000001,61.38000000000001,62.26000000000001,62.42000000000001,63.80000000000001,64.02000000000001,64.62,65.16000000000001,65.76,66.2,67.96000000000001,70.2,70.68,71.22000000000001,71.72000000000001,72.18,72.74000000000001,73.22000000000001,73.86000000000001,74.38000000000001,74.72000000000001,75.20000000000002,75.52000000000001,75.78000000000002,75.98000000000002,76.40000000000002,76.96000000000002,77.26000000000002,77.62000000000002,78.20000000000002,78.82000000000002,79.20000000000002,79.24000000000002,79.78000000000003,80.94000000000003,81.28000000000003,81.36000000000003,84.10000000000002,84.90000000000002,85.22000000000001,85.60000000000001,85.94000000000001,89.64000000000001,90.00000000000001,90.34000000000002,90.68000000000002,91.12000000000002,91.64000000000001,92.32000000000002,92.52000000000002,93.20000000000003,94.04000000000003,94.18000000000004,94.28000000000003,94.56000000000003,94.70000000000003,94.88000000000004,94.94000000000004,95.74000000000004,96.14000000000004,96.18000000000005,96.56000000000004,97.34000000000005,97.70000000000005,98.86000000000004,99.44000000000004,99.98000000000005,103.68000000000005,104.06000000000004,104.44000000000004,104.74000000000004,105.08000000000004,105.80000000000004,108.64000000000004,109.20000000000005,110.84000000000005,112.92000000000004,113.40000000000005,113.92000000000004,114.02000000000004,114.30000000000004,114.84000000000005,115.30000000000004,117.60000000000004,119.72000000000004,120.24000000000004,120.96000000000004,121.68000000000004,122.18000000000004,122.60000000000004,123.54000000000003,124.68000000000004,124.96000000000004,125.80000000000004,126.60000000000004,127.22000000000004,127.50000000000004,127.62000000000005,128.76000000000005,129.92000000000004,130.20000000000005,130.92000000000004,134.20000000000005,136.32000000000005,136.62000000000006,137.54000000000005,137.74000000000004,138.32000000000005,139.12000000000006,139.38000000000005,139.90000000000006,140.38000000000005,141.56000000000006,142.50000000000006,142.86000000000007,143.42000000000007,144.24000000000007,145.14000000000007,145.70000000000007,146.32000000000008
run44,0.5,1.06,1.36,1.62,1.9400000000000002,2.3200000000000003,2.8000000000000003,2.92,3.52,3.9,4.3,5.38,5.56,5.739999999999999,6.079999999999999,6.479999999999999,6.839999999999998,9.739999999999998,10.019999999999998,10.319999999999999,10.619999999999997,11.019999999999998,11.639999999999997,11.879999999999997,12.459999999999997,12.719999999999997,12.759999999999998,12.959999999999997,13.319999999999997,13.859999999999996,14.159999999999997,14.259999999999996,14.839999999999996,14.999999999999996,15.499999999999996,19.199999999999996,20.179999999999996,20.239999999999995,20.559999999999995,20.799999999999994,22.439999999999994,22.979999999999993,23.259999999999994,23.619999999999994,23.659999999999993,23.839999999999993,24.319999999999993,24.879999999999992,28.39999999999999,28.839999999999993,29.299999999999994,29.719999999999995,29.739999999999995,30.019999999999996,30.899999999999995,31.319999999999997,32.13999999999999,32.199999999999996,32.459999999999994,32.839999999999996,33.239999999999995,34.81999999999999,34.919999999999995,35.379999999999995,35.58,36.12,36.68,39.42,39.42,39.480000000000004,40.32000000000001,41.040000000000006,41.06000000000001,41.32000000000001,41.400000000000006,41.400000000000006,41.64000000000001,41.760000000000005,41.800000000000004,41.88,42.2,42.580000000000005,42.900000000000006,43.36000000000001,43.400000000000006,43.400000000000006,43.46000000000001,43.66000000000001,44.70000000000001,44.74000000000001,44.78000000000001,44.86000000000001,45.120000000000005,45.540000000000006,45.92000000000001,46.46000000000001,46.900000000000006,47.50000000000001,47.70000000000001,48.24000000000001,48.60000000000001,48.720000000000006,48.92000000000001,49.16000000000001,49.30000000000001,49.42000000000001,49.74000000000001,49.900000000000006,50.38,51.120000000000005,51.64000000000001,51.86000000000001,53.28000000000001,53.62000000000001,53.98000000000001,54.16000000000001,54.32000000000001,54.38000000000001,55.20000000000001,55.72000000000001,56.30000000000001,56.44000000000001,56.90000000000001,56.94000000000001,57.74000000000001,58.900000000000006,58.900000000000006,60.32000000000001,61.00000000000001,61.20000000000001,62.04000000000001,62.640000000000015,63.240000000000016,63.640000000000015,63.820000000000014,64.22000000000001,64.54,64.58000000000001,64.60000000000001,65.32000000000001,66.14,66.48,67.06,69.3,69.84,69.94,70.42,70.96000000000001,71.56,72.2,72.36,72.38,72.42,72.62,73.26,73.34,73.68,74.02000000000001,75.66000000000001,76.14000000000001,76.76000000000002,77.10000000000002,77.54000000000002,77.96000000000002,78.48000000000002,78.68000000000002,79.48000000000002,79.84000000000002,80.30000000000001,80.68,84.2,84.58,84.88,85.22,85.26,87.02000000000001,87.42000000000002,87.80000000000001,88.10000000000001,88.88000000000001,89.44000000000001,89.58000000000001,90.06000000000002,90.58000000000001,90.68,90.96000000000001,91.10000000000001,91.28000000000002,91.34000000000002,91.68000000000002,94.52000000000002,95.04000000000002,95.82000000000002,96.20000000000002,96.56000000000002,97.72000000000001,99.10000000000001,99.46000000000001,100.18,101.12,101.66000000000001,105.36000000000001,106.04000000000002,107.06000000000002,108.14000000000001,108.54000000000002,109.34000000000002,109.88000000000002,110.82000000000002,111.40000000000002,112.56000000000002,113.12000000000002,113.54000000000002,117.22000000000003,119.30000000000003,120.48000000000003,121.00000000000003,121.48000000000003,121.90000000000003,122.46000000000004,122.96000000000004,123.68000000000004,123.96000000000004,124.38000000000004,124.82000000000004,125.30000000000004,125.60000000000004,126.22000000000004,127.14000000000004,127.94000000000004,129.08000000000004,129.36000000000004,129.48000000000005,130.38000000000005,130.66000000000005,132.78000000000006,133.50000000000006,134.64000000000004,137.92000000000004,138.20000000000005,138.72000000000006,138.98000000000005,139.70000000000005,141.82000000000005,142.74000000000004,143.16000000000003,143.98000000000002,144.92000000000002,147.22000000000003,147.96000000000004,148.58000000000004
run45,0.020000000000000018,0.41999999999999993,0.47999999999999987,1.3199999999999998,1.7799999999999998,1.94,1.94,2.0,2.4,2.78,3.38,3.66,4.140000000000001,4.260000000000001,4.44,4.78,5.18,5.58,6.2,6.5,6.84,7.14,7.42,8.02,8.44,8.639999999999999,12.319999999999999,12.559999999999999,12.919999999999998,13.499999999999998,13.699999999999998,13.739999999999998,14.779999999999998,15.939999999999998,15.979999999999997,16.519999999999996,16.779999999999998,16.799999999999997,17.06,17.779999999999998,17.819999999999997,17.959999999999997,18.54,19.0,19.1,20.080000000000002,20.28,20.64,21.560000000000002,22.400000000000002,23.480000000000004,23.780000000000005,24.260000000000005,24.760000000000005,25.780000000000005,26.100000000000005,26.160000000000004,26.440000000000005,26.820000000000004,27.060000000000002,27.500000000000004,28.100000000000005,28.460000000000004,28.860000000000003,29.580000000000002,29.6,29.92,30.32,30.32,31.740000000000002,31.78,31.82,32.160000000000004,32.52,33.06,33.36,33.56,34.04,34.199999999999996,34.379999999999995,34.44,35.0,35.08,35.08,35.32,35.36,35.4,35.72,35.8,35.839999999999996,35.959999999999994,36.339999999999996,36.72,36.98,37.4,37.68,37.9,37.96,38.22,38.6,38.78,39.24,39.660000000000004,40.06,40.660000000000004,41.1,41.64,42.22,42.379999999999995,42.85999999999999,42.99999999999999,43.11999999999999,43.47999999999999,43.59999999999999,43.79999999999999,44.03999999999999,44.35999999999999,45.099999999999994,45.62,47.04,47.26,47.86,48.32,48.52,49.0,49.32,49.58,51.22,54.739999999999995,54.76,54.839999999999996,55.66,56.48,58.059999999999995,58.94,59.36,60.44,61.019999999999996,63.26,63.6,65.36,65.52,66.33999999999999,66.75999999999999,67.35999999999999,67.45999999999998,67.73999999999998,68.27999999999999,68.61999999999999,68.74,71.47999999999999,71.85999999999999,73.49999999999999,74.05999999999999,74.39999999999999,74.83999999999999,75.47999999999999,76.1,76.55999999999999,76.74,77.1,77.88,81.58,82.12,82.62,82.82000000000001,83.50000000000001,84.34000000000002,84.48000000000002,85.02000000000002,85.12000000000002,85.66000000000003,85.86000000000003,86.14000000000003,86.28000000000003,86.46000000000004,86.52000000000004,86.62000000000003,86.96000000000004,87.60000000000004,91.12000000000003,91.64000000000003,92.16000000000003,92.48000000000002,92.52000000000002,93.06000000000003,93.54000000000003,96.38000000000004,97.18000000000004,97.70000000000003,98.26000000000003,99.64000000000003,100.20000000000003,100.56000000000003,101.12000000000003,101.42000000000003,101.86000000000003,102.22000000000003,104.30000000000003,104.88000000000002,105.28000000000003,106.06000000000003,106.44000000000003,106.80000000000003,107.96000000000002,108.76000000000002,109.30000000000003,113.00000000000003,113.56000000000003,116.46000000000004,117.40000000000003,118.12000000000003,118.50000000000003,118.80000000000003,119.18000000000002,119.52000000000002,120.66000000000003,121.38000000000002,122.54000000000002,123.10000000000002,123.58000000000003,124.10000000000002,125.28000000000003,125.96000000000004,126.46000000000004,127.26000000000003,128.20000000000005,128.92000000000004,129.22000000000006,129.84000000000006,130.76000000000005,131.04000000000005,131.46000000000004,132.18000000000004,134.30000000000004,134.58000000000004,135.72000000000003,136.14000000000001,139.42000000000002,139.84,140.66,141.46,141.72,142.24,144.36,144.84,145.78,148.08,148.98000000000002,149.72000000000003,150.34000000000003
run46,0.48,0.84,1.44,1.8199999999999998,2.54,3.62,3.8200000000000003,4.220000000000001,4.4,4.74,5.140000000000001,5.32,5.68,6.06,6.6,6.8999999999999995,6.9399999999999995,7.76,7.84,8.14,8.540000000000001,9.16,9.44,9.74,9.98,10.56,10.82,11.42,11.96,13.72,14.120000000000001,14.4,14.58,15.0,15.48,15.84,16.38,16.58,16.74,16.759999999999998,16.799999999999997,17.139999999999997,17.199999999999996,17.199999999999996,18.039999999999996,18.459999999999997,19.54,19.8,20.18,20.24,20.24,20.439999999999998,20.839999999999996,21.139999999999997,21.339999999999996,21.359999999999996,21.679999999999996,21.719999999999995,21.759999999999994,21.839999999999996,21.839999999999996,22.099999999999998,22.56,23.599999999999998,26.499999999999996,26.939999999999998,27.179999999999996,27.639999999999997,28.06,28.439999999999998,28.799999999999997,28.919999999999998,29.119999999999997,29.359999999999996,29.479999999999997,29.619999999999997,30.099999999999998,31.479999999999997,32.199999999999996,32.35999999999999,32.53999999999999,32.599999999999994,32.959999999999994,33.43999999999999,33.65999999999999,33.71999999999999,33.97999999999999,34.57999999999999,35.13999999999999,35.53999999999999,35.53999999999999,35.57999999999999,35.71999999999999,36.29999999999999,36.39999999999999,37.37999999999999,38.19999999999999,38.65999999999999,39.45999999999999,39.639999999999986,39.91999999999999,39.97999999999999,40.29999999999999,40.53999999999999,40.919999999999995,42.339999999999996,42.839999999999996,43.44,43.76,43.919999999999995,44.66,45.18,45.28,45.32,45.64,45.9,47.54,48.08,51.599999999999994,52.03999999999999,52.53999999999999,56.239999999999995,56.63999999999999,56.67999999999999,56.879999999999995,57.099999999999994,57.94,58.82,59.14,59.72,59.74,59.82,60.64,61.24,61.78,62.300000000000004,63.080000000000005,63.120000000000005,63.580000000000005,63.78000000000001,66.02000000000001,66.36000000000001,67.94000000000001,68.54,69.18,69.82000000000001,69.98,70.5,70.7,71.38000000000001,72.06000000000002,72.90000000000002,74.06000000000002,74.48000000000002,75.02000000000002,75.38000000000002,75.72000000000003,76.10000000000002,77.52000000000002,78.08000000000003,78.64000000000003,78.94000000000003,79.30000000000003,82.04000000000002,82.52000000000002,83.10000000000002,83.62000000000002,84.14000000000001,84.64000000000001,85.20000000000002,85.52000000000001,87.60000000000001,87.96000000000001,89.12,89.74000000000001,90.52000000000001,91.54,92.08000000000001,92.66000000000001,96.36000000000001,96.72000000000001,97.66000000000001,97.76,98.10000000000001,99.74000000000001,100.08000000000001,100.52000000000001,104.04,104.12,104.46000000000001,105.26,105.30000000000001,105.58000000000001,105.72000000000001,105.90000000000002,105.96000000000002,106.10000000000002,106.50000000000003,106.88000000000002,107.18000000000002,107.56000000000002,107.90000000000002,108.62000000000002,109.56000000000002,112.40000000000002,113.20000000000002,113.24000000000002,113.72000000000003,114.88000000000002,115.26000000000002,115.82000000000002,116.38000000000002,116.48000000000002,116.76000000000002,117.30000000000003,117.76000000000002,118.32000000000002,122.00000000000003,122.28000000000003,122.76000000000003,123.18000000000004,123.70000000000003,124.88000000000004,125.32000000000004,126.04000000000003,126.46000000000004,127.60000000000004,128.40000000000003,129.12000000000003,130.04000000000002,130.32000000000002,130.62000000000003,131.24000000000004,132.16000000000003,132.44000000000003,134.56000000000003,134.68000000000004,135.40000000000003,136.54000000000002,139.82000000000002,140.24,141.06,141.32,141.84,143.96,144.44,145.38,147.68,148.58,149.32000000000002,149.94000000000003
run47,0.32000000000000006,0.9200000000000002,1.3000000000000003,1.3800000000000003,1.4200000000000004,1.5400000000000005,1.8600000000000005,2.1200000000000006,2.1600000000000006,2.2000000000000006,2.2000000000000006,2.2800000000000007,2.4800000000000004,2.8200000000000003,2.8400000000000003,2.8800000000000003,2.9400000000000004,2.9400000000000004,2.9600000000000004,3.2200000000000006,3.6800000000000006,4.720000000000001,5.5600000000000005,5.760000000000001,5.880000000000001,6.0200000000000005,6.380000000000001,6.500000000000001,6.700000000000001,6.940000000000001,8.080000000000002,8.320000000000002,9.040000000000003,9.600000000000003,9.600000000000003,10.000000000000004,10.360000000000003,10.360000000000003,10.540000000000003,11.020000000000003,11.180000000000003,11.240000000000004,11.640000000000004,11.940000000000005,12.760000000000005,13.360000000000005,13.520000000000005,13.700000000000005,13.760000000000005,13.960000000000004,14.260000000000005,14.480000000000006,15.020000000000007,15.840000000000007,17.260000000000005,17.280000000000005,17.680000000000003,18.200000000000003,18.720000000000002,19.320000000000004,19.740000000000006,20.000000000000007,20.78000000000001,21.56000000000001,23.320000000000007,23.640000000000008,24.040000000000006,24.100000000000005,24.360000000000007,24.920000000000005,25.340000000000007,25.44000000000001,25.72000000000001,26.70000000000001,27.08000000000001,27.620000000000008,27.640000000000008,28.020000000000007,30.920000000000005,31.500000000000007,33.14000000000001,36.66000000000001,37.54000000000001,38.08000000000001,38.16000000000001,38.88000000000001,39.34000000000001,39.90000000000001,40.240000000000016,41.66000000000002,41.84000000000002,42.30000000000002,42.72000000000002,43.08000000000002,43.62000000000002,43.920000000000016,44.12000000000002,44.600000000000016,44.960000000000015,45.02000000000002,45.30000000000002,45.54000000000002,45.58000000000002,45.94000000000002,46.68000000000002,47.200000000000024,47.68000000000002,48.00000000000002,48.16000000000002,48.740000000000016,49.04000000000001,49.44000000000001,50.06000000000001,50.18000000000001,50.46000000000001,50.900000000000006,51.28000000000001,51.78000000000001,52.02000000000001,52.38000000000001,52.70000000000001,53.16000000000001,53.30000000000001,53.34000000000001,53.94000000000001,54.140000000000015,54.62000000000001,54.84000000000001,55.680000000000014,56.04000000000001,56.98000000000001,57.38000000000001,58.00000000000001,58.82000000000001,59.080000000000005,59.120000000000005,59.56,59.6,60.2,60.580000000000005,60.760000000000005,61.160000000000004,61.50000000000001,61.68000000000001,65.38000000000001,66.28000000000002,66.86000000000001,69.10000000000001,69.42,70.02,71.17999999999999,71.38,71.8,72.88,73.03999999999999,73.58,73.96,74.32,75.47999999999999,75.67999999999999,76.36,77.2,77.76,78.06,78.42,81.16,81.64,82.22,82.7,83.22,84.6,84.94,85.48,85.52000000000001,85.86000000000001,85.94000000000001,86.28000000000002,87.08000000000001,87.42000000000002,87.86000000000001,88.24000000000001,88.62,90.26,93.78,94.08,94.42,94.46000000000001,95.18,95.32000000000001,95.82000000000001,95.96000000000001,96.24000000000001,96.42000000000002,96.48000000000002,97.00000000000001,97.54000000000002,98.08000000000003,101.78000000000003,101.88000000000002,102.56000000000003,104.64000000000003,105.72000000000003,106.74000000000002,107.54000000000002,108.10000000000002,110.94000000000003,111.34000000000003,111.62000000000003,112.80000000000004,113.18000000000004,113.66000000000004,113.76000000000003,114.56000000000003,115.12000000000003,117.24000000000004,120.92000000000004,121.44000000000004,121.54000000000003,122.08000000000004,122.64000000000004,123.10000000000004,124.04000000000003,124.46000000000004,124.96000000000004,125.38000000000004,126.52000000000004,127.24000000000004,127.72000000000004,128.88000000000005,129.18000000000006,129.80000000000007,130.72000000000006,130.84000000000006,131.12000000000006,131.70000000000007,134.98000000000008,135.70000000000007,135.98000000000008,136.26000000000008,136.7800000000001,137.04000000000008,137.76000000000008,139.88000000000008,140.80000000000007,141.22000000000006,142.04000000000005,142.98000000000005,145.28000000000006,146.08000000000007,146.82000000000008,147.44000000000008
run48,0.06000000000000005,0.28000000000000014,0.66,1.6,2.02,2.42,3.0,3.5599999999999996,3.7399999999999993,4.199999999999999,4.68,4.96,5.32,5.58,5.64,5.66,5.76,5.8,6.34,6.9,7.180000000000001,7.9,7.98,7.98,8.22,8.48,8.9,9.280000000000001,9.760000000000002,9.780000000000001,10.040000000000001,10.760000000000002,10.760000000000002,10.820000000000002,11.660000000000002,11.740000000000002,11.780000000000003,11.820000000000004,11.860000000000003,12.320000000000004,12.380000000000004,12.380000000000004,12.580000000000004,12.720000000000004,12.840000000000003,13.200000000000003,13.320000000000002,13.520000000000001,13.940000000000001,14.06,14.100000000000001,14.180000000000001,14.720000000000002,15.320000000000002,15.660000000000002,15.860000000000001,16.1,16.48,16.64,16.82,16.88,17.36,17.72,18.119999999999997,18.939999999999998,19.54,19.7,19.72,20.04,20.04,20.08,20.479999999999997,20.879999999999995,21.059999999999995,22.099999999999994,22.619999999999994,23.059999999999995,24.479999999999997,25.9,26.099999999999998,26.4,27.38,27.74,27.939999999999998,28.24,28.779999999999998,29.38,29.419999999999998,29.72,30.119999999999997,30.74,30.979999999999997,31.099999999999998,31.4,34.3,34.339999999999996,34.48,34.94,35.26,35.64,35.84,35.88,36.52,37.120000000000005,37.50000000000001,37.980000000000004,38.220000000000006,38.50000000000001,39.080000000000005,39.400000000000006,40.00000000000001,40.18000000000001,40.980000000000004,42.14,42.54,42.86,43.019999999999996,43.239999999999995,43.81999999999999,44.31999999999999,44.75999999999999,45.49999999999999,47.13999999999999,50.66,51.48,51.5,52.32,52.86,56.56,57.080000000000005,57.540000000000006,58.080000000000005,58.64000000000001,59.120000000000005,59.46000000000001,59.78000000000001,60.040000000000006,60.24000000000001,60.82000000000001,63.06000000000001,63.94000000000001,64.28000000000002,64.72000000000001,66.30000000000001,66.94000000000001,67.10000000000001,67.18,67.52000000000001,68.32000000000001,69.10000000000001,69.7,69.9,70.58000000000001,71.42000000000002,71.78000000000002,72.86000000000001,73.22000000000001,73.84000000000002,75.60000000000002,75.96000000000002,76.36000000000003,76.54000000000003,76.86000000000003,77.40000000000003,77.44000000000004,77.86000000000004,78.70000000000005,80.34000000000005,80.84000000000005,80.98000000000005,81.32000000000005,84.84000000000005,85.62000000000005,86.00000000000004,86.36000000000004,87.52000000000004,88.90000000000003,89.32000000000004,89.60000000000004,89.74000000000004,89.92000000000004,89.98000000000005,90.50000000000004,90.60000000000004,91.14000000000004,92.22000000000004,92.76000000000005,96.46000000000005,97.02000000000005,97.32000000000005,97.68000000000005,98.16000000000005,98.74000000000005,100.82000000000005,101.34000000000005,101.74000000000005,102.76000000000005,103.66000000000005,104.34000000000006,104.72000000000006,105.02000000000005,105.40000000000005,105.74000000000005,106.46000000000005,109.30000000000005,109.72000000000006,110.52000000000005,110.90000000000005,111.46000000000005,111.94000000000005,113.10000000000005,114.04000000000005,114.60000000000005,118.28000000000006,118.80000000000005,118.90000000000005,119.44000000000005,119.90000000000005,120.46000000000005,121.64000000000006,122.16000000000005,122.66000000000005,123.38000000000005,123.80000000000005,124.28000000000006,124.72000000000006,125.86000000000006,126.16000000000005,126.78000000000006,127.70000000000006,127.98000000000006,128.10000000000005,128.38000000000005,128.48000000000005,130.60000000000005,133.88000000000005,135.02000000000004,135.74000000000004,136.02000000000004,136.30000000000004,136.82000000000005,137.08000000000004,137.80000000000004,138.72000000000003,140.84000000000003,141.66000000000003,142.60000000000002,144.90000000000003,145.70000000000005,146.44000000000005,147.06000000000006
run49,0.19999999999999996,0.3999999999999999,0.5599999999999999,0.58,0.62,1.04,2.12,2.42,2.82,3.6599999999999997,3.7199999999999998,3.7199999999999998,3.7199999999999998,3.92,3.98,4.0,4.26,4.72,4.8,4.8,5.04,5.12,5.16,5.28,5.32,5.36,5.680000000000001,6.0600000000000005,6.32,6.74,7.18,7.3,7.4399999999999995,7.8,7.92,8.12,8.36,9.74,10.3,10.68,12.26,12.58,12.66,12.82,12.88,13.280000000000001,13.760000000000002,14.120000000000001,14.520000000000001,14.520000000000001,14.700000000000001,15.240000000000002,15.420000000000002,16.240000000000002,17.660000000000004,17.980000000000004,18.500000000000004,18.800000000000004,19.840000000000003,20.560000000000002,20.580000000000002,20.98,21.66,21.86,22.54,23.46,23.52,23.78,24.34,24.62,27.52,28.06,28.16,28.580000000000002,29.040000000000003,29.380000000000003,31.62,32.160000000000004,32.480000000000004,33.300000000000004,33.32000000000001,33.88000000000001,34.18000000000001,34.440000000000005,35.160000000000004,35.760000000000005,36.300000000000004,37.040000000000006,37.2,37.68,38.2,38.24,38.300000000000004,38.56,38.84,39.080000000000005,39.440000000000005,39.64000000000001,39.82000000000001,40.28000000000001,40.70000000000001,41.06000000000001,41.60000000000001,41.80000000000001,42.10000000000001,42.48000000000001,42.60000000000001,43.00000000000001,43.300000000000004,43.92,44.2,44.64,45.22,46.199999999999996,46.699999999999996,47.72,47.86,47.9,48.14,48.6,48.92,49.4,49.76,50.58,50.98,51.58,52.18,52.58,52.76,53.14,54.78,58.3,58.739999999999995,59.62,59.98,60.019999999999996,60.22,60.699999999999996,61.239999999999995,61.419999999999995,62.49999999999999,62.53999999999999,63.17999999999999,66.88,67.72,68.1,69.0,69.52,70.3,72.06,72.7,73.06,73.66,73.82,74.33999999999999,74.82,75.24,75.75999999999999,76.1,78.83999999999999,79.32,80.74,81.1,81.67999999999999,81.99999999999999,83.15999999999998,83.73999999999998,84.35999999999999,84.85999999999999,86.93999999999998,87.35999999999999,87.73999999999998,88.51999999999998,88.87999999999998,90.03999999999998,90.57999999999998,91.15999999999998,94.85999999999999,94.89999999999999,95.24,95.58,96.02,96.39999999999999,99.91999999999999,100.21999999999998,100.59999999999998,100.93999999999998,100.97999999999999,101.05999999999999,101.39999999999999,102.19999999999999,102.91999999999999,103.05999999999999,103.19999999999999,103.47999999999999,103.66,103.72,104.12,106.96000000000001,107.44000000000001,108.00000000000001,108.38000000000001,108.94000000000001,110.58000000000001,112.70000000000002,112.80000000000001,113.60000000000001,117.28,118.22,119.16,119.67999999999999,120.86,120.96,121.24,121.69999999999999,123.99999999999999,124.53999999999999,125.13999999999999,125.69999999999999,125.91999999999999,126.53999999999999,127.02,127.52,128.24,128.66,129.79999999999998,130.07999999999998,130.92,131.5,131.78,131.9,133.04,133.76,137.04,138.2,138.48,138.57999999999998,140.7,141.5,142.22,142.74,143.0,143.92,144.33999999999997,145.15999999999997,146.09999999999997,146.89999999999998,147.2,147.94,148.5,149.12
run50,0.42000000000000015,0.6800000000000002,1.0000000000000002,1.36,1.6600000000000001,2.08,4.16,4.58,5.0,5.4,5.7,5.7,5.9,6.98,7.760000000000001,8.920000000000002,8.96,9.420000000000002,10.46,10.46,10.520000000000001,11.360000000000001,11.38,11.420000000000002,11.580000000000002,11.920000000000002,12.120000000000001,12.32,12.4,12.440000000000001,12.480000000000002,12.800000000000002,13.180000000000003,13.220000000000004,13.340000000000003,13.420000000000003,13.960000000000004,14.400000000000004,15.000000000000004,15.020000000000003,15.100000000000003,15.100000000000003,15.360000000000003,15.620000000000003,16.040000000000003,16.42,17.0,19.24,19.38,19.5,19.86,20.06,20.18,20.419999999999998,20.659999999999997,22.239999999999995,22.959999999999994,23.419999999999995,23.959999999999994,25.379999999999995,25.719999999999995,26.319999999999997,26.959999999999997,27.519999999999996,28.019999999999996,29.779999999999994,30.299999999999994,30.319999999999993,30.479999999999993,33.379999999999995,33.85999999999999,34.13999999999999,34.63999999999999,35.199999999999996,35.35999999999999,35.879999999999995,36.62,36.94,36.98,37.019999999999996,39.76,39.82,40.4,40.68,40.92,41.22,41.48,41.86,42.22,42.62,43.239999999999995,43.35999999999999,43.49999999999999,43.53999999999999,43.93999999999999,47.63999999999999,47.99999999999999,48.53999999999999,48.99999999999999,49.17999999999999,49.599999999999994,49.8,50.099999999999994,50.25999999999999,50.43999999999999,51.25999999999999,51.31999999999999,51.67999999999999,52.07999999999999,52.07999999999999,53.49999999999999,53.81999999999999,54.21999999999999,54.69999999999999,54.91999999999999,54.97999999999999,55.23999999999999,55.33999999999999,55.73999999999999,56.27999999999999,56.819999999999986,57.41999999999999,57.93999999999999,58.13999999999999,58.43999999999999,58.959999999999994,59.339999999999996,59.94,60.12,60.519999999999996,60.959999999999994,61.379999999999995,61.85999999999999,62.13999999999999,62.959999999999994,63.31999999999999,64.96,68.47999999999999,69.02,69.89999999999999,69.91999999999999,70.51999999999998,70.95999999999998,72.03999999999998,72.21999999999998,72.81999999999998,73.35999999999999,73.53999999999999,73.88,74.24,74.61999999999999,75.07999999999998,75.31999999999998,75.63999999999997,76.11999999999998,76.75999999999998,76.97999999999998,77.69999999999997,77.79999999999997,78.59999999999997,79.61999999999996,80.19999999999996,80.77999999999996,81.39999999999996,81.77999999999996,82.13999999999996,83.29999999999995,84.67999999999995,85.45999999999995,85.99999999999996,89.69999999999996,90.67999999999996,91.01999999999997,91.33999999999996,91.89999999999996,92.41999999999996,93.13999999999996,93.47999999999996,93.55999999999996,93.89999999999996,94.23999999999997,94.67999999999996,95.15999999999997,95.53999999999996,95.91999999999996,97.55999999999996,101.07999999999996,101.37999999999995,101.71999999999996,101.75999999999996,102.23999999999997,102.37999999999997,102.65999999999997,102.83999999999997,102.89999999999998,103.03999999999998,103.43999999999998,106.27999999999999,106.96,107.16,107.84,108.68,108.78,109.58,109.62,110.56,111.38,111.89999999999999,112.27999999999999,115.95999999999998,118.07999999999998,118.17999999999998,118.71999999999998,119.17999999999998,119.73999999999998,120.21999999999998,120.49999999999999,120.99999999999999,121.71999999999998,122.65999999999998,123.79999999999998,124.27999999999999,124.83999999999999,125.99999999999999,126.61999999999999,127.53999999999999,127.66,127.86,128.7,131.98,133.11999999999998,133.39999999999998,133.7,134.61999999999998,134.89999999999998,137.01999999999998,137.73999999999998,138.54,138.79999999999998,139.07999999999998,139.66,140.6,141.32,143.62,144.8,145.16000000000003,145.72000000000003,146.14000000000001,146.96,147.86,148.48000000000002
