,iter1,iter2,iter3,iter4,iter5,iter6,iter7,iter8,iter9,iter10,iter11,iter12,iter13,iter14,iter15,iter16,iter17,iter18,iter19,iter20,iter21,iter22,iter23,iter24,iter25,iter26,iter27,iter28,iter29,iter30,iter31,iter32,iter33,iter34,iter35,iter36,iter37,iter38,iter39,iter40,iter41,iter42,iter43,iter44,iter45,iter46,iter47,iter48,iter49,iter50,iter51,iter52,iter53,iter54,iter55,iter56,iter57,iter58,iter59,iter60,iter61,iter62,iter63,iter64,iter65,iter66,iter67,iter68,iter69,iter70,iter71,iter72,iter73,iter74,iter75,iter76,iter77,iter78,iter79,iter80,iter81,iter82,iter83,iter84,iter85,iter86,iter87,iter88,iter89,iter90,iter91,iter92,iter93,iter94,iter95,iter96,iter97,iter98,iter99,iter100,iter101,iter102,iter103,iter104,iter105,iter106,iter107,iter108,iter109,iter110,iter111,iter112,iter113,iter114,iter115,iter116,iter117,iter118,iter119,iter120,iter121,iter122,iter123,iter124,iter125,iter126,iter127,iter128,iter129,iter130,iter131,iter132,iter133,iter134,iter135,iter136,iter137,iter138,iter139,iter140,iter141,iter142,iter143,iter144,iter145,iter146,iter147,iter148,iter149,iter150,iter151,iter152,iter153,iter154,iter155,iter156,iter157,iter158,iter159,iter160,iter161,iter162,iter163,iter164,iter165,iter166,iter167,iter168,iter169,iter170,iter171,iter172,iter173,iter174,iter175,iter176,iter177,iter178,iter179,iter180,iter181,iter182,iter183,iter184,iter185,iter186,iter187,iter188,iter189,iter190,iter191,iter192,iter193,iter194,iter195,iter196,iter197,iter198,iter199,iter200,iter201,iter202,iter203,iter204,iter205,iter206,iter207,iter208,iter209,iter210,iter211,iter212,iter213,iter214,iter215,iter216,iter217,iter218,iter219,iter220,iter221,iter222,iter223,iter224,iter225,iter226,iter227,iter228,iter229,iter230,iter231,iter232,iter233,iter234,iter235,iter236,iter237,iter238,iter239,iter240,iter241,iter242,iter243,iter244,iter245,iter246,iter247,iter248,iter249,iter250,iter251
run1,530.617962,543.6710941,533.7244641,567.095975,512.7763473,531.3911924,562.3120913,491.2989103,527.5923107,562.2610903,501.3108241,482.5789857,503.8164615,517.161062,486.4605211,573.4168579,549.6727833,548.7483093,532.4866561,532.1438388,531.9840085,494.3745485,536.6119585,549.2588181,531.8927199,534.7373114,526.248697,502.5910779,520.8325688,543.4089806,528.8525551,534.8757248,524.6453665,542.1496043,546.715729,535.6382815,501.3716406,530.3455942,523.9801919,540.3774103,507.3418161,548.0206551,533.013168,539.4839136,537.2397652,516.2566331,533.0819203,520.0024872,529.8922686,550.6982012,542.3156024,599.1890248,524.6897715,514.4785801,515.6554359,532.9902545,552.8098494,543.9573247,521.2266911,516.3641373,546.1618123,557.7838448,518.9794601,515.9773316,519.5884377,508.2360853,517.2905249,517.7441559,537.4726591,492.1960818,512.5219834,496.4133288,553.3279467,576.9927076,567.9532433,491.3573218,533.4718515,542.4342346,525.0675179,541.4866271,494.2760047,529.3492999,541.9837079,520.7013272,576.0811867,548.7968883,558.6886852,543.4327987,594.4488326,521.1828703,537.0768595,552.4649898,513.2433374,549.0399124,514.8203837,534.3455286,509.572944,552.2189249,542.8379729,474.4535168,537.3096122,569.4662549,534.0233149,503.0601031,548.1660315,513.4558869,591.5276384,515.4196342,517.6360764,549.088543,640.8776647,526.1816959,526.2710345,544.0289294,604.712447,564.1799828,538.827436,565.337618,539.6717725,534.3685588,520.1770212,497.409103,550.3804014,531.4139686,552.8344986,534.7142494,550.0629681,531.4139686,535.5226029,530.617962,544.7938879,597.456597,539.6013101,539.225821,527.0092366,531.0270388,576.0008967,558.5125141,579.6633457,556.2074066,545.6810572,509.6567313,609.49854,574.2401603,599.1890248,510.8537001,508.569642,565.0799554,590.9355751,571.6982202,537.8923775,531.2773408,518.393582,553.3526422,556.2323599,515.5267901,558.2610339,516.5147184,552.8344986,561.9298088,529.0556561,561.166801,524.1352484,532.8070177,560.8621777,567.095975,543.7187783,544.8417693,533.1277649,560.4311938,511.2961071,574.2401603,543.0995357,521.7531162,532.0981632,534.4376612,552.6373658,548.0933337,572.913419,573.4964291,511.4015551,544.3633343,577.2613512,574.0540467,501.4527523,496.2742385,579.8531148,542.1258986,543.7426235,547.1983097,572.1467144,579.6633457,551.0408578,496.0756732,589.5867279,556.5819403,547.7059372,547.7059372,487.1103328,543.1709148,567.7451828,490.2304892,532.2580622,530.6633839,551.5311077,515.2268659,577.1807319,634.5148056,562.0571785,512.6067433,562.3120913,654.9268027,585.7705424,488.1267441,635.1974641,687.6168433,548.0448792,572.6223583,625.6771953,590.9637417,551.7029013,573.7352754,630.5777287,585.4939224,563.231695,568.2656202,532.6467887,726.0728099,586.9352065,568.2135335,568.2656202,556.7568953,571.1188586,543.1233267,589.5306596,584.39005,594.9908485,572.5694699,567.4853214,650.7331812,726.0728099,584.39005,537.5891819,565.9828039,522.4346579,585.7705424,788.5530307,696.2665975,553.3526422,573.4964291,600.9606564
run2,599.1890248,549.6727833,496.0756732,523.9801919,487.1103328,520.8325688,573.4168579,549.2588181,486.4605211,548.7483093,516.2566331,532.1438388,532.4866561,482.5789857,519.5884377,520.0024872,518.393582,536.6119585,531.9840085,561.166801,496.2742385,534.7373114,528.8525551,552.4649898,529.8922686,517.161062,526.248697,524.6453665,542.1496043,534.8757248,539.4839136,543.4089806,546.715729,543.0995357,515.9773316,535.5226029,516.3641373,537.2397652,491.2989103,521.2266911,533.0819203,512.7763473,531.3911924,542.3156024,562.2610903,528.6045321,507.3418161,533.013168,552.8098494,562.3120913,524.6897715,558.5125141,494.3745485,531.8927199,514.4785801,532.9902545,537.4726591,515.6554359,531.2773408,530.617962,546.1618123,553.3279467,527.5923107,543.9573247,503.0601031,511.2961071,517.7441559,517.2905249,550.0629681,515.4196342,567.9532433,539.225821,576.9927076,529.3492999,517.6360764,541.9837079,560.4311938,585.4939224,542.8379729,541.4866271,525.0675179,549.088543,494.2760047,520.7013272,509.572944,513.2433374,549.0399124,558.6886852,540.3774103,550.6982012,539.6717725,534.3455286,533.7244641,547.7059372,572.913419,542.3156024,537.0768595,597.456597,533.4718515,552.2189249,515.2268659,492.1960818,491.3573218,542.4342346,496.4133288,512.5219834,518.9794601,630.5777287,542.1258986,521.1828703,594.4488326,543.6710941,508.569642,574.2401603,543.4327987,534.7142494,535.6382815,530.617962,543.7426235,534.0233149,474.4535168,548.1660315,537.3096122,590.9355751,544.8417693,509.6567313,558.2610339,502.5910779,576.0811867,497.409103,544.7938879,526.1816959,526.2710345,574.2401603,577.1807319,511.4015551,574.0540467,565.337618,579.8531148,531.0270388,537.8923775,567.095975,531.4139686,529.0556561,576.0008967,552.8344986,561.9298088,560.8621777,521.7531162,532.0981632,552.6373658,534.4376612,609.49854,530.3455942,513.4558869,591.5276384,490.2304892,566.422372,562.0571785,539.6013101,545.6810572,571.6982202,547.1983097,556.2074066,510.8537001,599.1890248,556.2323599,567.7451828,573.4964291,687.6168433,550.3804014,515.5267901,543.7187783,577.2613512,533.1277649,562.3120913,552.8344986,508.2360853,553.3526422,501.4527523,604.712447,503.8164615,527.0092366,572.1467144,547.7059372,556.5819403,530.6633839,501.3716406,551.0408578,576.9927076,501.3108241,553.3526422,534.3685588,600.9606564,565.0799554,512.6067433,654.9268027,567.095975,516.5147184,524.1352484,532.8070177,544.0289294,589.5867279,532.2580622,551.5311077,548.7968883,634.5148056,544.3633343,548.0448792,572.6223583,557.7838448,585.7705424,584.39005,635.1974641,579.6633457,564.1799828,538.827436,551.7029013,556.7568953,590.9637417,531.4139686,573.7352754,563.231695,532.6467887,586.9352065,568.2135335,571.1188586,640.8776647,568.2656202,543.1709148,726.0728099,568.2656202,572.5694699,567.4853214,543.1233267,589.5306596,625.6771953,594.9908485,537.5891819,488.1267441,650.7331812,522.4346579,584.39005,726.0728099,565.9828039,585.7705424,788.5530307,696.2665975,520.1770212,573.4964291,579.6633457
run3,568.2656202,539.225821,548.1660315,543.9573247,527.5923107,524.6897715,549.0399124,542.8379729,474.4535168,534.3455286,550.0629681,533.7244641,537.3096122,534.0233149,539.6717725,529.3492999,548.7968883,531.3911924,541.9837079,550.3804014,531.4139686,574.2401603,526.248697,534.8757248,523.9801919,532.4866561,520.0024872,508.569642,510.8537001,515.9773316,536.6119585,501.3108241,518.9794601,599.1890248,501.4527523,540.3774103,502.5910779,517.161062,524.6453665,542.1496043,532.1438388,549.2588181,496.2742385,512.7763473,529.8922686,542.3156024,562.2610903,531.8927199,546.715729,516.2566331,530.3455942,573.4168579,521.1828703,534.7373114,542.3156024,537.0768595,542.4342346,528.8525551,531.0270388,528.6045321,520.8325688,537.2397652,533.0819203,513.4558869,543.1709148,591.5276384,546.1618123,561.166801,543.4089806,531.9840085,519.5884377,599.1890248,487.1103328,507.3418161,533.013168,534.7142494,552.8344986,509.572944,513.2433374,525.0675179,558.6886852,494.2760047,517.7441559,541.4866271,520.7013272,514.4785801,537.4726591,548.7483093,552.4649898,497.409103,552.2189249,556.2074066,569.4662549,543.6710941,539.4839136,550.6982012,566.422372,576.9927076,567.9532433,549.088543,549.6727833,532.9902545,494.3745485,562.3120913,517.2905249,535.5226029,539.6013101,514.8203837,516.3641373,491.2989103,558.5125141,515.2268659,503.0601031,552.8098494,527.0092366,565.337618,544.7938879,545.6810572,517.6360764,585.4939224,492.1960818,491.3573218,533.4718515,576.0811867,563.231695,543.4327987,567.095975,530.617962,537.8923775,594.4488326,509.6567313,535.6382815,590.9355751,571.6982202,533.1277649,526.2710345,526.1816959,561.9298088,534.3685588,538.827436,520.1770212,511.4015551,574.0540467,579.6633457,531.4139686,579.8531148,532.0981632,521.7531162,534.4376612,597.456597,576.0008967,548.0933337,552.6373658,486.4605211,553.3526422,512.5219834,496.4133288,572.1467144,515.6554359,531.2773408,553.3279467,530.617962,548.0206551,556.2323599,560.4311938,687.6168433,516.5147184,524.1352484,552.8344986,544.0289294,529.0556561,532.8070177,560.8621777,604.712447,542.1258986,567.7451828,543.7426235,543.0995357,609.49854,518.393582,508.2360853,511.2961071,515.5267901,558.2610339,567.095975,543.7187783,577.1807319,547.7059372,547.1983097,547.7059372,572.913419,562.0571785,512.6067433,503.8164615,551.0408578,577.2613512,562.3120913,496.0756732,579.6633457,556.5819403,544.3633343,589.5867279,551.5311077,482.5789857,634.5148056,576.9927076,490.2304892,574.2401603,548.0448792,573.4964291,654.9268027,572.6223583,634.5148056,557.7838448,630.5777287,635.1974641,585.7705424,625.6771953,564.1799828,573.4964291,551.7029013,532.6467887,586.9352065,726.0728099,568.2656202,568.2135335,571.1188586,543.1233267,556.7568953,640.8776647,501.3716406,589.5306596,584.39005,594.9908485,532.2580622,530.6633839,572.5694699,567.4853214,488.1267441,650.7331812,726.0728099,584.39005,537.5891819,565.9828039,522.4346579,585.7705424,788.5530307,696.2665975,553.3526422,573.7352754,600.9606564
run4,533.1277649,551.7029013,726.0728099,520.8325688,524.6897715,515.4196342,487.1103328,548.0206551,543.6710941,501.4527523,540.3774103,520.0024872,536.6119585,514.4785801,542.4342346,491.2989103,531.3911924,515.5267901,597.456597,496.2742385,542.3156024,518.9794601,532.1438388,533.0819203,528.8525551,517.161062,543.4327987,512.7763473,494.3745485,531.8927199,534.7373114,539.4839136,548.1660315,521.2266911,533.013168,542.1496043,517.7441559,492.1960818,491.3573218,640.8776647,546.1618123,516.2566331,537.4726591,576.9927076,558.6886852,549.0399124,526.248697,534.8757248,524.6453665,546.715729,550.6982012,541.4866271,542.8379729,537.2397652,528.6045321,511.4015551,574.0540467,572.6223583,532.4866561,523.9801919,549.6727833,567.9532433,531.9840085,515.6554359,530.617962,531.2773408,507.3418161,532.9902545,543.4089806,552.8098494,549.088543,565.9828039,516.5147184,567.095975,542.3156024,537.0768595,556.2323599,519.5884377,558.2610339,553.3279467,533.7244641,539.225821,521.1828703,524.1352484,533.4718515,552.2189249,529.8922686,569.4662549,599.1890248,634.5148056,508.569642,515.9773316,526.2710345,512.5219834,496.4133288,531.0270388,510.8537001,532.8070177,535.6382815,534.0233149,531.4139686,552.8344986,576.0008967,544.8417693,561.166801,529.0556561,486.4605211,509.572944,513.2433374,534.3455286,539.6717725,497.409103,474.4535168,529.3492999,531.4139686,552.8344986,567.095975,572.1467144,534.7142494,526.1816959,537.3096122,556.2074066,558.5125141,535.5226029,516.3641373,552.4649898,520.7013272,494.2760047,525.0675179,539.6013101,502.5910779,543.9573247,527.5923107,530.3455942,560.4311938,541.9837079,515.2268659,517.2905249,503.0601031,574.2401603,514.8203837,527.0092366,544.0289294,577.2613512,573.4168579,560.8621777,565.337618,545.6810572,509.6567313,562.3120913,544.7938879,550.3804014,537.8923775,511.2961071,574.2401603,572.913419,561.9298088,553.3526422,547.7059372,547.1983097,551.0408578,548.0933337,609.49854,562.2610903,543.0995357,573.4964291,521.7531162,532.0981632,534.4376612,552.6373658,604.712447,518.393582,579.6633457,530.617962,548.7483093,508.2360853,579.8531148,654.9268027,590.9355751,542.1258986,543.7426235,585.7705424,562.0571785,503.8164615,512.6067433,556.5819403,547.7059372,501.3108241,562.3120913,496.0756732,532.2580622,530.6633839,551.5311077,490.2304892,517.6360764,566.422372,553.3526422,534.3685588,565.0799554,544.3633343,589.5867279,576.0811867,579.6633457,482.5789857,576.9927076,635.1974641,548.7968883,543.7187783,625.6771953,538.827436,548.0448792,594.4488326,599.1890248,557.7838448,564.1799828,594.9908485,630.5777287,586.9352065,568.2656202,585.4939224,556.7568953,590.9637417,571.1188586,563.231695,568.2135335,568.2656202,501.3716406,589.5306596,573.7352754,591.5276384,543.1233267,726.0728099,584.39005,571.6982202,543.1709148,572.5694699,488.1267441,650.7331812,567.4853214,634.5148056,584.39005,537.5891819,522.4346579,532.6467887,687.6168433,585.7705424,788.5530307,696.2665975,520.1770212,573.4964291,600.9606564
run5,512.6067433,550.6982012,487.1103328,521.2266911,543.9573247,542.3156024,533.0819203,527.5923107,520.8325688,528.8525551,549.2588181,514.8203837,533.1277649,532.1438388,517.161062,524.6453665,543.4089806,542.1496043,526.248697,534.8757248,560.4311938,520.0024872,518.9794601,543.4327987,512.7763473,531.3911924,532.9902545,542.4342346,507.3418161,552.8098494,530.617962,548.0206551,534.7373114,536.6119585,530.3455942,549.6727833,532.4866561,516.2566331,537.2397652,501.3716406,533.013168,599.1890248,514.4785801,551.7029013,546.715729,563.231695,523.9801919,562.3120913,528.6045321,542.3156024,537.0768595,531.9840085,494.3745485,537.4726591,521.1828703,546.1618123,517.2905249,562.2610903,599.1890248,531.8927199,539.4839136,519.5884377,510.8537001,541.9837079,508.569642,515.9773316,535.5226029,529.8922686,515.6554359,531.2773408,552.4649898,529.3492999,541.4866271,511.2961071,525.0675179,503.0601031,517.7441559,550.0629681,520.7013272,494.2760047,509.572944,513.2433374,549.0399124,558.6886852,533.4718515,539.6717725,552.2189249,572.913419,540.3774103,492.1960818,553.3279467,491.3573218,496.4133288,512.5219834,576.9927076,549.088543,511.4015551,577.2613512,548.0933337,526.1816959,526.2710345,604.712447,474.4535168,537.3096122,569.4662549,534.3455286,543.6710941,542.8379729,630.5777287,534.0233149,573.4168579,513.4558869,567.9532433,497.409103,550.3804014,556.2074066,565.337618,503.8164615,590.9355751,491.2989103,561.166801,531.0270388,534.3685588,553.3526422,531.4139686,538.827436,548.1660315,542.1258986,591.5276384,532.0981632,521.7531162,534.4376612,576.0008967,597.456597,552.6373658,544.7938879,517.6360764,515.4196342,524.6897715,547.7059372,502.5910779,564.1799828,533.7244641,585.4939224,594.4488326,543.7426235,509.6567313,539.225821,576.0811867,574.2401603,486.4605211,568.2656202,552.8344986,567.095975,544.8417693,561.9298088,579.6633457,567.7451828,515.5267901,545.6810572,490.2304892,574.2401603,566.422372,539.6013101,535.6382815,543.0995357,534.7142494,529.0556561,553.3526422,609.49854,556.2323599,518.393582,530.617962,496.2742385,565.9828039,508.2360853,574.0540467,579.8531148,560.8621777,501.3108241,562.0571785,548.7483093,562.3120913,687.6168433,543.1709148,531.4139686,552.8344986,547.1983097,547.7059372,515.2268659,532.2580622,530.6633839,537.8923775,551.0408578,496.0756732,516.3641373,577.1807319,556.5819403,527.0092366,551.5311077,482.5789857,634.5148056,567.095975,516.5147184,524.1352484,532.8070177,544.0289294,544.3633343,589.5867279,634.5148056,565.0799554,576.9927076,548.0448792,654.9268027,543.7187783,573.4964291,572.6223583,585.7705424,557.7838448,635.1974641,548.7968883,579.6633457,625.6771953,590.9637417,556.7568953,573.7352754,532.6467887,586.9352065,726.0728099,568.2135335,568.2656202,571.1188586,589.5306596,640.8776647,543.1233267,584.39005,594.9908485,572.5694699,567.4853214,488.1267441,650.7331812,584.39005,537.5891819,726.0728099,522.4346579,585.7705424,788.5530307,696.2665975,520.1770212,573.4964291,600.9606564
run6,579.8531148,553.3279467,567.9532433,492.1960818,788.5530307,537.4726591,514.4785801,517.7441559,494.2760047,539.6013101,509.6567313,526.248697,534.7373114,599.1890248,519.5884377,516.2566331,534.8757248,487.1103328,520.8325688,496.0756732,537.2397652,518.393582,528.8525551,517.161062,549.2588181,503.8164615,532.1438388,543.9573247,543.0995357,524.6453665,542.1496043,546.715729,561.166801,540.3774103,539.4839136,531.9840085,552.4649898,531.3911924,549.0399124,542.3156024,510.8537001,537.0768595,561.9298088,543.4089806,507.3418161,533.013168,515.6554359,532.9902545,530.617962,543.6710941,521.2266911,527.5923107,542.4342346,525.0675179,520.7013272,508.2360853,494.3745485,541.4866271,503.0601031,542.8379729,513.2433374,509.572944,552.2189249,533.4718515,474.4535168,569.4662549,515.4196342,534.3455286,517.2905249,512.7763473,599.1890248,548.7968883,542.3156024,550.6982012,539.225821,497.409103,565.337618,491.3573218,576.9927076,534.0233149,552.8098494,532.4866561,549.6727833,523.9801919,531.2773408,534.3685588,553.3526422,556.2074066,536.6119585,520.0024872,526.1816959,526.2710345,560.4311938,604.712447,538.827436,496.2742385,533.0819203,502.5910779,533.7244641,521.1828703,537.3096122,573.4964291,532.0981632,531.4139686,548.1660315,521.7531162,534.4376612,552.8344986,524.6897715,511.2961071,550.0629681,529.8922686,535.6382815,531.8927199,562.2610903,550.3804014,516.3641373,491.2989103,531.0270388,486.4605211,548.0933337,597.456597,576.0008967,539.6717725,541.9837079,529.3492999,543.1233267,517.6360764,531.4139686,552.8344986,534.7142494,549.088543,572.1467144,544.8417693,544.7938879,558.5125141,514.8203837,552.6373658,530.617962,518.9794601,528.6045321,547.7059372,548.7483093,594.4488326,515.5267901,558.2610339,573.4168579,558.6886852,547.7059372,515.2268659,532.2580622,530.6633839,533.1277649,537.8923775,572.913419,508.569642,515.9773316,501.4527523,553.3526422,567.095975,576.0811867,634.5148056,567.7451828,562.3120913,529.0556561,565.0799554,513.4558869,530.3455942,551.7029013,590.9355751,543.1709148,591.5276384,585.4939224,535.5226029,545.6810572,543.7426235,574.2401603,547.1983097,556.2323599,566.422372,546.1618123,490.2304892,574.2401603,556.5819403,551.5311077,501.3108241,562.3120913,564.1799828,482.5789857,562.0571785,527.0092366,543.7187783,577.1807319,560.8621777,600.9606564,576.9927076,516.5147184,524.1352484,544.0289294,532.8070177,567.095975,574.0540467,634.5148056,512.6067433,548.0448792,548.0206551,572.6223583,585.7705424,584.39005,557.7838448,579.6633457,556.7568953,594.9908485,635.1974641,568.2135335,589.5867279,501.3716406,573.4964291,563.231695,571.1188586,544.3633343,586.9352065,726.0728099,609.49854,568.2656202,572.5694699,625.6771953,589.5306596,532.6467887,726.0728099,565.9828039,584.39005,511.4015551,496.4133288,568.2656202,567.4853214,640.8776647,537.5891819,522.4346579,571.6982202,654.9268027,630.5777287,590.9637417,488.1267441,650.7331812,585.7705424,687.6168433,696.2665975,520.1770212,573.7352754,579.6633457
run7,585.7705424,521.7531162,533.7244641,507.3418161,552.2189249,488.1267441,546.715729,584.39005,537.2397652,543.0995357,532.4866561,486.4605211,531.9840085,518.393582,515.6554359,563.231695,569.4662549,539.225821,539.4839136,549.6727833,515.4196342,531.2773408,537.4726591,512.7763473,531.3911924,542.3156024,535.6382815,590.9355751,533.0819203,502.5910779,576.9927076,532.1438388,552.8098494,536.6119585,515.9773316,529.8922686,544.8417693,533.013168,535.5226029,515.5267901,527.0092366,560.4311938,542.3156024,514.4785801,514.8203837,552.4649898,599.1890248,503.8164615,573.4168579,635.1974641,561.166801,516.2566331,531.8927199,501.3108241,542.4342346,634.5148056,540.3774103,531.0270388,510.8537001,519.5884377,521.1828703,520.0024872,543.4089806,549.2588181,550.6982012,491.2989103,562.2610903,501.4527523,532.9902545,548.0206551,530.617962,508.569642,523.9801919,549.0399124,534.7373114,546.1618123,558.2610339,528.8525551,524.6453665,542.1496043,541.9837079,553.3279467,534.8757248,526.248697,516.3641373,542.8379729,537.0768595,543.6710941,576.0811867,518.9794601,599.1890248,528.6045321,529.3492999,562.3120913,520.8325688,534.7142494,556.2323599,494.3745485,597.456597,561.9298088,572.1467144,527.5923107,543.9573247,503.0601031,525.0675179,517.2905249,558.6886852,517.7441559,517.6360764,549.088543,567.9532433,492.1960818,640.8776647,509.572944,474.4535168,537.3096122,548.1660315,539.6717725,531.4139686,552.8344986,550.0629681,513.2433374,520.7013272,494.2760047,524.6897715,539.6013101,567.095975,533.4718515,534.0233149,545.6810572,534.3455286,532.0981632,552.6373658,497.409103,565.337618,556.2074066,491.3573218,496.4133288,512.5219834,579.8531148,548.0933337,530.3455942,550.3804014,513.4558869,591.5276384,571.6982202,526.1816959,511.4015551,574.0540467,577.1807319,496.0756732,534.4376612,594.4488326,558.5125141,526.2710345,529.0556561,574.2401603,560.8621777,544.7938879,541.4866271,609.49854,579.6633457,567.7451828,548.7483093,547.7059372,516.5147184,567.095975,487.1103328,562.0571785,543.7426235,542.1258986,508.2360853,532.8070177,524.1352484,544.0289294,572.6223583,585.7705424,576.0008967,543.7187783,604.712447,515.2268659,537.8923775,548.7968883,552.8344986,511.2961071,574.2401603,562.3120913,547.1983097,490.2304892,572.913419,512.6067433,577.2613512,553.3526422,533.1277649,543.1709148,496.2742385,573.4964291,556.5819403,482.5789857,576.9927076,566.422372,687.6168433,551.7029013,544.3633343,589.5867279,634.5148056,654.9268027,548.0448792,565.0799554,534.3685588,553.3526422,579.6633457,530.617962,538.827436,557.7838448,590.9637417,564.1799828,630.5777287,551.0408578,571.1188586,547.7059372,532.6467887,585.4939224,586.9352065,568.2135335,572.5694699,726.0728099,568.2656202,568.2656202,573.7352754,567.4853214,543.1233267,556.7568953,625.6771953,589.5306596,501.3716406,594.9908485,532.2580622,530.6633839,531.4139686,650.7331812,726.0728099,584.39005,537.5891819,522.4346579,565.9828039,788.5530307,696.2665975,520.1770212,600.9606564,573.4964291
run8,521.1828703,508.569642,523.9801919,535.5226029,549.6727833,520.0024872,534.7373114,496.2742385,510.8537001,487.1103328,520.8325688,549.2588181,561.166801,531.0270388,486.4605211,528.8525551,548.7483093,516.2566331,532.1438388,532.4866561,501.4527523,536.6119585,515.9773316,531.9840085,529.8922686,517.161062,524.6453665,546.715729,515.5267901,526.248697,534.8757248,491.2989103,542.3156024,535.6382815,531.3911924,521.2266911,533.0819203,530.3455942,507.3418161,532.9902545,548.0206551,512.7763473,562.2610903,514.8203837,515.6554359,542.3156024,542.1496043,599.1890248,539.4839136,533.013168,537.2397652,579.8531148,552.8098494,552.4649898,543.6710941,543.4089806,524.6897715,514.4785801,494.3745485,531.8927199,563.231695,518.9794601,546.1618123,528.6045321,562.3120913,540.3774103,550.6982012,516.3641373,560.4311938,519.5884377,543.4327987,527.5923107,543.9573247,503.0601031,517.2905249,511.2961071,517.7441559,515.4196342,567.9532433,529.3492999,542.8379729,539.225821,517.6360764,548.1660315,541.4866271,550.0629681,537.4726591,492.1960818,496.4133288,558.6886852,512.5219834,533.4718515,543.7426235,640.8776647,576.9927076,525.0675179,553.3279467,531.2773408,491.3573218,542.4342346,574.0540467,541.9837079,513.4558869,591.5276384,534.0233149,474.4535168,537.3096122,569.4662549,549.0399124,509.572944,534.3455286,539.6717725,549.088543,531.4139686,513.2433374,552.8344986,537.0768595,520.7013272,494.2760047,497.409103,550.3804014,594.4488326,552.2189249,534.7142494,556.7568953,502.5910779,544.7938879,527.0092366,515.2268659,597.456597,558.5125141,556.2323599,590.9355751,572.1467144,571.6982202,537.8923775,573.4168579,558.2610339,556.2074066,533.7244641,509.6567313,544.8417693,599.1890248,542.1258986,553.3526422,547.7059372,574.2401603,490.2304892,562.3120913,526.2710345,526.1816959,574.2401603,565.337618,516.5147184,524.1352484,532.8070177,544.0289294,560.8621777,531.4139686,552.8344986,576.0008967,530.617962,533.1277649,543.7187783,577.1807319,529.0556561,548.0933337,548.7968883,562.0571785,508.2360853,609.49854,518.393582,585.7705424,521.7531162,532.0981632,534.4376612,552.6373658,567.7451828,567.095975,543.0995357,547.7059372,512.6067433,547.1983097,576.0811867,539.6013101,503.8164615,551.0408578,572.6223583,501.3108241,579.6633457,551.5311077,556.5819403,496.0756732,543.1709148,520.1770212,534.3685588,600.9606564,565.0799554,635.1974641,482.5789857,548.0448792,573.4964291,604.712447,551.7029013,634.5148056,654.9268027,576.9927076,589.5867279,594.9908485,584.39005,557.7838448,577.2613512,572.913419,630.5777287,538.827436,564.1799828,573.4964291,590.9637417,532.6467887,566.422372,501.3716406,565.9828039,586.9352065,585.4939224,568.2135335,726.0728099,568.2656202,571.1188586,687.6168433,568.2656202,544.3633343,572.5694699,589.5306596,567.4853214,543.1233267,625.6771953,532.2580622,530.6633839,511.4015551,488.1267441,650.7331812,726.0728099,584.39005,537.5891819,522.4346579,585.7705424,788.5530307,696.2665975,553.3526422,573.7352754,579.6633457
run9,566.422372,542.1496043,572.6223583,497.409103,543.4089806,546.715729,542.3156024,550.3804014,526.2710345,520.1770212,534.3685588,565.337618,600.9606564,609.49854,556.2074066,574.2401603,528.8525551,517.161062,496.2742385,503.8164615,520.8325688,526.248697,509.6567313,516.2566331,486.4605211,518.393582,521.2266911,534.8757248,491.2989103,543.6710941,543.4327987,542.3156024,512.7763473,534.0233149,507.3418161,561.166801,542.8379729,599.1890248,528.6045321,549.2588181,532.1438388,533.0819203,503.0601031,552.8098494,531.9840085,519.5884377,538.827436,514.8203837,534.7373114,573.4168579,515.4196342,548.1660315,520.0024872,536.6119585,531.3911924,515.2268659,474.4535168,537.3096122,541.9837079,539.4839136,569.4662549,517.6360764,549.088543,531.4139686,599.1890248,532.4866561,549.6727833,523.9801919,508.569642,515.9773316,531.8927199,562.2610903,510.8537001,547.7059372,531.4139686,549.0399124,537.2397652,533.013168,552.4649898,540.3774103,501.4527523,565.0799554,556.2323599,524.6897715,530.617962,543.9573247,501.3108241,517.7441559,532.9902545,514.4785801,537.4726591,585.4939224,534.7142494,515.6554359,552.8344986,567.9532433,548.0206551,494.3745485,533.1277649,535.5226029,537.8923775,576.9927076,597.456597,516.3641373,558.5125141,525.0675179,520.7013272,494.2760047,541.4866271,529.3492999,509.572944,513.2433374,539.6717725,544.7938879,562.3120913,531.0270388,550.6982012,517.2905249,502.5910779,492.1960818,543.7426235,542.1258986,576.0811867,531.2773408,553.3279467,511.4015551,574.0540467,535.6382815,590.9355751,558.6886852,537.0768595,491.3573218,542.4342346,533.4718515,512.5219834,518.9794601,496.4133288,529.0556561,576.0008967,561.9298088,530.617962,546.1618123,513.4558869,530.3455942,591.5276384,594.4488326,571.6982202,527.5923107,548.7483093,687.6168433,552.2189249,539.225821,579.8531148,532.0981632,521.7531162,534.4376612,548.0933337,544.8417693,543.0995357,552.8344986,527.0092366,530.6633839,552.6373658,508.2360853,560.4311938,567.7451828,487.1103328,521.1828703,562.0571785,529.8922686,547.7059372,577.1807319,533.7244641,534.3455286,553.3526422,548.7968883,590.9637417,572.1467144,550.0629681,547.1983097,560.8621777,543.1709148,551.0408578,511.2961071,490.2304892,574.2401603,543.1233267,539.6013101,512.6067433,551.5311077,545.6810572,496.0756732,604.712447,515.5267901,558.2610339,573.4964291,543.7187783,577.2613512,562.3120913,556.5819403,482.5789857,634.5148056,567.095975,516.5147184,524.1352484,532.8070177,544.0289294,579.6633457,634.5148056,544.3633343,589.5867279,572.913419,576.9927076,548.0448792,630.5777287,654.9268027,557.7838448,584.39005,635.1974641,564.1799828,585.7705424,573.7352754,551.7029013,501.3716406,563.231695,532.6467887,586.9352065,726.0728099,568.2135335,571.1188586,568.2656202,568.2656202,572.5694699,640.8776647,567.4853214,589.5306596,625.6771953,594.9908485,488.1267441,650.7331812,537.5891819,522.4346579,726.0728099,584.39005,565.9828039,585.7705424,788.5530307,696.2665975,553.3526422,573.4964291,579.6633457
run10,545.6810572,576.0811867,518.393582,487.1103328,534.8757248,537.2397652,526.248697,496.2742385,543.0995357,546.715729,547.7059372,515.6554359,530.3455942,528.8525551,534.7373114,549.2588181,532.1438388,634.5148056,516.2566331,502.5910779,532.4866561,533.1277649,507.3418161,543.9573247,503.0601031,531.9840085,552.4649898,508.2360853,517.7441559,558.6886852,527.5923107,561.166801,537.5891819,512.7763473,542.3156024,599.1890248,548.0206551,542.3156024,511.2961071,514.4785801,517.6360764,494.2760047,529.3492999,531.3911924,549.0399124,552.8098494,517.161062,541.4866271,532.9902545,520.8325688,530.617962,531.0270388,515.4196342,531.4139686,548.1660315,567.9532433,562.2610903,543.6710941,529.8922686,524.6897715,573.4168579,542.1496043,542.8379729,516.3641373,533.013168,524.6453665,550.0629681,539.225821,539.4839136,519.5884377,540.3774103,552.8344986,537.4726591,531.2773408,543.4089806,523.9801919,537.0768595,494.3745485,492.1960818,553.3279467,550.6982012,536.6119585,576.9927076,515.9773316,509.572944,513.2433374,525.0675179,474.4535168,569.4662549,534.0233149,513.4558869,549.088543,533.4718515,521.1828703,591.5276384,497.409103,550.3804014,544.7938879,597.456597,552.2189249,556.2074066,515.2268659,535.5226029,527.0092366,486.4605211,520.0024872,508.569642,546.1618123,574.2401603,539.6717725,566.422372,528.6045321,562.3120913,518.9794601,491.3573218,542.4342346,496.4133288,512.5219834,534.7142494,640.8776647,594.4488326,509.6567313,572.1467144,543.4327987,567.095975,526.1816959,526.2710345,574.2401603,577.1807319,511.4015551,574.0540467,579.8531148,544.8417693,565.337618,514.8203837,556.2323599,537.8923775,537.3096122,548.0933337,491.2989103,521.2266911,533.0819203,535.6382815,558.5125141,590.9355751,599.1890248,533.7244641,534.3455286,531.4139686,529.0556561,576.0008967,560.8621777,541.9837079,571.6982202,556.7568953,517.2905249,562.0571785,553.3526422,532.0981632,521.7531162,534.4376612,552.6373658,516.5147184,552.8344986,524.1352484,544.0289294,532.8070177,561.9298088,530.617962,604.712447,567.7451828,609.49854,548.7968883,573.4964291,548.7483093,501.4527523,515.5267901,558.2610339,567.095975,543.7187783,542.1258986,543.7426235,547.1983097,579.6633457,503.8164615,551.0408578,556.5819403,577.2613512,562.3120913,501.3108241,490.2304892,496.0756732,551.5311077,543.1709148,547.7059372,544.3633343,589.5867279,635.1974641,520.1770212,534.3685588,600.9606564,565.0799554,576.9927076,634.5148056,654.9268027,585.7705424,482.5789857,548.0448792,572.6223583,594.9908485,557.7838448,584.39005,538.827436,564.1799828,539.6013101,630.5777287,512.6067433,590.9637417,573.4964291,551.7029013,532.6467887,565.9828039,586.9352065,726.0728099,585.4939224,563.231695,568.2135335,568.2656202,543.1233267,687.6168433,568.2656202,571.1188586,572.5694699,589.5306596,501.3716406,572.913419,567.4853214,625.6771953,532.2580622,530.6633839,488.1267441,650.7331812,726.0728099,584.39005,522.4346579,585.7705424,788.5530307,696.2665975,553.3526422,573.7352754,579.6633457
run11,572.6223583,537.3096122,509.6567313,543.9573247,520.8325688,524.6897715,543.6710941,518.9794601,576.9927076,514.4785801,599.1890248,528.8525551,599.1890248,549.2588181,517.161062,534.8757248,542.1496043,496.0756732,508.569642,494.3745485,517.7441559,510.8537001,539.4839136,542.3156024,531.3911924,537.2397652,609.49854,516.2566331,540.3774103,550.6982012,524.6453665,537.4726591,491.2989103,512.7763473,543.4089806,563.231695,521.1828703,529.3492999,562.2610903,534.7373114,546.715729,550.0629681,541.9837079,576.0811867,533.0819203,535.5226029,515.9773316,507.3418161,533.013168,531.8927199,539.6013101,549.6727833,532.4866561,531.0270388,526.248697,521.2266911,528.6045321,529.8922686,523.9801919,532.9902545,562.3120913,514.8203837,573.4168579,542.4342346,527.5923107,517.2905249,503.0601031,552.8098494,474.4535168,569.4662549,549.0399124,534.0233149,542.8379729,515.4196342,548.1660315,517.6360764,531.4139686,515.6554359,534.7142494,552.8344986,525.0675179,549.088543,531.9840085,552.4649898,519.5884377,516.3641373,530.617962,541.4866271,531.2773408,567.9532433,536.6119585,520.7013272,548.7483093,527.0092366,530.617962,548.0206551,537.0768595,509.572944,513.2433374,486.4605211,542.3156024,497.409103,556.2074066,565.337618,511.2961071,574.2401603,558.5125141,539.6717725,545.6810572,512.6067433,520.0024872,547.7059372,550.3804014,556.2323599,553.3279467,561.166801,534.3455286,551.5311077,585.4939224,535.6382815,590.9355751,503.8164615,567.095975,533.7244641,538.827436,534.3685588,553.3526422,597.456597,526.2710345,544.0289294,531.4139686,526.1816959,574.2401603,511.4015551,574.0540467,492.1960818,491.3573218,533.4718515,512.5219834,543.7426235,560.8621777,594.4488326,552.2189249,577.1807319,543.4327987,529.0556561,576.0008967,516.5147184,552.8344986,524.1352484,532.8070177,687.6168433,539.225821,604.712447,544.8417693,561.9298088,579.8531148,502.5910779,496.4133288,558.6886852,546.1618123,518.393582,543.0995357,553.3526422,521.7531162,532.0981632,534.4376612,552.6373658,548.0933337,530.3455942,513.4558869,551.7029013,591.5276384,579.6633457,567.7451828,494.2760047,482.5789857,515.5267901,558.2610339,567.095975,543.7187783,571.6982202,548.7968883,562.0571785,508.2360853,585.7705424,572.1467144,547.1983097,543.1709148,577.2613512,490.2304892,543.1233267,572.913419,515.2268659,551.0408578,533.1277649,537.8923775,562.3120913,487.1103328,566.422372,556.5819403,501.4527523,634.5148056,579.6633457,544.3633343,589.5867279,634.5148056,576.9927076,501.3108241,571.1188586,548.0448792,654.9268027,630.5777287,565.0799554,496.2742385,557.7838448,573.4964291,635.1974641,625.6771953,564.1799828,590.9637417,532.6467887,726.0728099,586.9352065,568.2135335,568.2656202,573.7352754,568.2656202,547.7059372,556.7568953,640.8776647,589.5306596,584.39005,594.9908485,532.2580622,530.6633839,572.5694699,567.4853214,488.1267441,650.7331812,726.0728099,584.39005,537.5891819,522.4346579,565.9828039,585.7705424,788.5530307,696.2665975,520.1770212,573.4964291,600.9606564
run12,494.2760047,539.6013101,520.0024872,536.6119585,513.2433374,549.0399124,509.572944,567.9532433,534.7373114,537.0768595,534.3455286,526.1816959,511.4015551,604.712447,573.4168579,540.3774103,526.2710345,474.4535168,534.0233149,520.1770212,534.3685588,538.827436,565.337618,542.8379729,539.6717725,497.409103,550.3804014,542.3156024,546.715729,569.4662549,508.2360853,520.7013272,517.7441559,558.6886852,543.9573247,527.5923107,556.2074066,528.8525551,548.7968883,501.3108241,518.393582,519.5884377,531.9840085,509.6567313,516.2566331,520.8325688,526.248697,487.1103328,496.0756732,531.0270388,537.2397652,503.8164615,514.4785801,507.3418161,533.013168,515.4196342,537.4726591,534.8757248,517.161062,494.3745485,532.1438388,549.2588181,531.8927199,542.1496043,552.4649898,531.3911924,517.2905249,512.7763473,539.225821,548.1660315,524.6453665,543.4089806,539.4839136,549.6727833,532.4866561,514.8203837,523.9801919,550.6982012,562.2610903,525.0675179,541.4866271,599.1890248,552.2189249,496.2742385,561.166801,542.3156024,531.4139686,524.6897715,552.8098494,503.0601031,548.0206551,533.7244641,532.0981632,548.0933337,521.7531162,534.4376612,564.1799828,597.456597,486.4605211,550.0629681,579.8531148,552.6373658,517.6360764,531.4139686,552.8344986,546.1618123,544.7938879,528.6045321,529.0556561,576.0008967,561.9298088,521.1828703,529.8922686,599.1890248,510.8537001,516.3641373,532.9902545,530.617962,548.7483093,585.4939224,579.6633457,567.095975,492.1960818,533.4718515,576.9927076,537.3096122,513.4558869,530.3455942,591.5276384,502.5910779,594.4488326,553.3526422,535.6382815,558.5125141,571.6982202,544.8417693,515.5267901,558.2610339,567.095975,544.3633343,552.8344986,543.0995357,562.0571785,543.7187783,527.0092366,545.6810572,537.8923775,534.7142494,515.6554359,531.2773408,553.3279467,547.7059372,511.2961071,574.2401603,512.5219834,572.1467144,496.4133288,572.913419,491.2989103,521.2266911,533.0819203,508.569642,515.9773316,501.4527523,535.5226029,590.9355751,542.1258986,543.7426235,576.0811867,609.49854,574.2401603,562.3120913,567.7451828,530.617962,533.1277649,560.8621777,518.9794601,542.4342346,491.3573218,556.2323599,574.0540467,577.2613512,560.4311938,512.6067433,562.3120913,547.1983097,585.7705424,573.4964291,551.0408578,516.5147184,524.1352484,532.8070177,544.0289294,490.2304892,543.1709148,547.7059372,565.0799554,577.1807319,556.5819403,589.5867279,566.422372,551.5311077,579.6633457,482.5789857,634.5148056,576.9927076,548.0448792,590.9637417,515.2268659,630.5777287,572.6223583,557.7838448,635.1974641,543.1233267,634.5148056,654.9268027,625.6771953,551.7029013,532.6467887,586.9352065,726.0728099,568.2656202,568.2135335,563.231695,568.2656202,571.1188586,640.8776647,556.7568953,501.3716406,549.088543,589.5306596,584.39005,594.9908485,543.4327987,532.2580622,530.6633839,572.5694699,567.4853214,488.1267441,650.7331812,726.0728099,584.39005,537.5891819,565.9828039,522.4346579,585.7705424,788.5530307,696.2665975,553.3526422,573.7352754,600.9606564
run13,520.7013272,537.5891819,543.9573247,548.7968883,494.2760047,525.0675179,517.7441559,541.4866271,549.088543,513.2433374,509.572944,549.0399124,531.8927199,520.0024872,531.3911924,539.6717725,501.3108241,536.6119585,518.393582,534.7373114,519.5884377,552.4649898,512.7763473,509.6567313,491.2989103,543.6710941,542.3156024,599.1890248,516.2566331,523.9801919,496.0756732,530.617962,507.3418161,552.8098494,526.248697,503.0601031,532.4866561,532.1438388,520.8325688,549.2588181,503.8164615,533.0819203,515.6554359,599.1890248,531.9840085,521.2266911,548.0933337,541.9837079,542.8379729,567.9532433,528.8525551,517.161062,542.1496043,549.6727833,561.166801,532.9902545,550.6982012,533.013168,537.2397652,526.1816959,574.2401603,534.8757248,497.409103,546.715729,556.2074066,543.4089806,496.2742385,542.3156024,515.4196342,548.1660315,474.4535168,537.3096122,569.4662549,534.0233149,565.337618,562.2610903,511.2961071,511.4015551,544.0289294,574.0540467,534.3455286,529.3492999,539.4839136,524.6453665,533.4718515,531.2773408,553.3279467,548.0206551,486.4605211,540.3774103,514.4785801,537.4726591,524.6897715,576.9927076,538.827436,534.3685588,520.1770212,600.9606564,521.1828703,510.8537001,529.8922686,537.0768595,565.0799554,514.8203837,550.3804014,550.0629681,533.7244641,517.6360764,531.4139686,552.8344986,528.6045321,516.3641373,547.7059372,515.9773316,508.569642,567.095975,531.0270388,544.7938879,597.456597,494.3745485,492.1960818,491.3573218,542.4342346,576.0811867,640.8776647,572.6223583,535.5226029,531.4139686,535.6382815,558.5125141,518.9794601,590.9355751,542.1258986,527.5923107,574.2401603,534.7142494,552.2189249,545.6810572,527.0092366,556.7568953,515.2268659,512.5219834,529.0556561,576.0008967,516.5147184,552.8344986,561.9298088,524.1352484,556.2323599,537.8923775,502.5910779,539.225821,532.8070177,560.8621777,562.3120913,517.2905249,548.7483093,553.3526422,594.4488326,530.617962,579.8531148,533.1277649,532.0981632,521.7531162,534.4376612,544.8417693,552.6373658,565.9828039,530.3455942,513.4558869,551.7029013,591.5276384,560.4311938,543.0995357,558.6886852,567.7451828,604.712447,515.5267901,558.2610339,567.095975,573.4964291,482.5789857,571.6982202,543.7187783,543.7426235,572.1467144,546.1618123,496.4133288,585.7705424,547.1983097,547.7059372,577.2613512,551.0408578,562.3120913,634.5148056,490.2304892,543.1709148,487.1103328,562.0571785,501.3716406,532.2580622,530.6633839,551.5311077,501.4527523,556.5819403,577.1807319,579.6633457,634.5148056,589.5867279,654.9268027,576.9927076,566.422372,488.1267441,635.1974641,630.5777287,548.0448792,544.3633343,557.7838448,687.6168433,584.39005,564.1799828,573.7352754,568.2656202,539.6013101,512.6067433,590.9637417,585.4939224,563.231695,532.6467887,726.0728099,586.9352065,568.2135335,568.2656202,572.5694699,571.1188586,543.1233267,589.5306596,567.4853214,572.913419,625.6771953,594.9908485,650.7331812,726.0728099,584.39005,522.4346579,585.7705424,788.5530307,696.2665975,553.3526422,573.4964291,579.6633457
run14,509.572944,526.248697,534.8757248,539.4839136,569.4662549,550.0629681,548.1660315,534.3455286,548.7968883,567.4853214,542.1496043,521.1828703,562.2610903,520.0024872,590.9637417,496.0756732,543.0995357,518.9794601,558.6886852,531.8927199,515.6554359,599.1890248,509.6567313,573.4168579,503.8164615,549.2588181,516.2566331,532.1438388,546.715729,511.2961071,503.0601031,517.7441559,552.8098494,537.4726591,514.4785801,533.013168,531.2773408,572.1467144,540.3774103,482.5789857,539.6717725,550.6982012,491.2989103,530.3455942,531.3911924,512.7763473,513.4558869,543.1709148,550.3804014,541.4866271,591.5276384,548.0933337,530.617962,532.9902545,533.0819203,560.4311938,534.7373114,542.8379729,534.0233149,515.4196342,539.225821,544.7938879,542.3156024,528.8525551,517.161062,521.2266911,517.6360764,520.8325688,531.4139686,567.9532433,543.4327987,525.0675179,549.088543,542.3156024,514.8203837,537.2397652,533.7244641,552.8344986,524.6897715,531.9840085,536.6119585,532.4866561,531.0270388,494.3745485,501.3716406,524.6453665,494.2760047,566.422372,492.1960818,491.3573218,542.4342346,576.9927076,543.4089806,533.4718515,543.9573247,527.5923107,520.7013272,548.7483093,541.9837079,529.3492999,599.1890248,561.166801,523.9801919,576.0811867,528.6045321,529.8922686,549.6727833,534.7142494,562.3120913,552.4649898,519.5884377,543.6710941,553.3279467,497.409103,556.2074066,552.2189249,585.4939224,508.569642,515.9773316,516.3641373,539.6013101,548.0206551,546.1618123,517.2905249,597.456597,486.4605211,558.5125141,474.4535168,537.3096122,496.4133288,594.4488326,510.8537001,567.095975,542.1258986,572.6223583,553.3526422,556.2323599,590.9355751,571.6982202,544.8417693,502.5910779,526.2710345,526.1816959,574.2401603,511.4015551,544.0289294,574.0540467,579.8531148,565.337618,577.1807319,527.0092366,545.6810572,530.617962,609.49854,531.4139686,535.5226029,543.7426235,687.6168433,516.5147184,524.1352484,552.8344986,576.0008967,529.0556561,532.8070177,560.8621777,562.0571785,535.6382815,604.712447,518.393582,561.9298088,521.7531162,532.0981632,534.4376612,552.6373658,567.7451828,515.5267901,558.2610339,543.7187783,573.4964291,496.2742385,508.2360853,547.7059372,543.1233267,572.913419,512.6067433,547.1983097,537.8923775,567.095975,533.1277649,577.2613512,487.1103328,551.0408578,579.6633457,574.2401603,490.2304892,562.3120913,634.5148056,501.4527523,547.7059372,556.5819403,530.6633839,553.3526422,534.3685588,579.6633457,544.3633343,589.5867279,576.9927076,565.0799554,634.5148056,501.3108241,532.2580622,551.5311077,515.2268659,630.5777287,538.827436,548.0448792,654.9268027,557.7838448,585.7705424,635.1974641,625.6771953,564.1799828,556.7568953,551.7029013,571.1188586,563.231695,568.2135335,532.6467887,586.9352065,726.0728099,568.2656202,573.4964291,568.2656202,640.8776647,589.5306596,584.39005,594.9908485,572.5694699,488.1267441,650.7331812,537.5891819,726.0728099,584.39005,522.4346579,565.9828039,585.7705424,788.5530307,696.2665975,520.1770212,573.7352754,600.9606564
run15,550.6982012,516.2566331,534.8757248,537.2397652,486.4605211,526.248697,528.8525551,546.715729,502.5910779,520.8325688,534.7373114,556.5819403,561.9298088,503.8164615,573.4168579,549.2588181,532.1438388,523.9801919,532.4866561,517.161062,524.6453665,542.1496043,520.0024872,521.1828703,491.2989103,535.6382815,547.1983097,542.3156024,507.3418161,533.013168,543.6710941,514.4785801,562.2610903,532.9902545,543.4327987,512.7763473,542.3156024,542.4342346,599.1890248,537.4726591,508.569642,531.3911924,510.8537001,551.0408578,561.166801,599.1890248,543.4089806,543.9573247,496.2742385,536.6119585,515.9773316,541.9837079,527.5923107,533.0819203,548.7483093,529.8922686,528.6045321,540.3774103,531.9840085,519.5884377,557.7838448,548.0206551,546.1618123,539.4839136,549.6727833,535.5226029,531.8927199,516.3641373,635.1974641,521.2266911,521.7531162,530.617962,537.0768595,530.3455942,572.6223583,533.7244641,517.2905249,518.9794601,556.2323599,542.8379729,549.0399124,543.0995357,551.7029013,590.9355751,514.8203837,534.7142494,515.6554359,531.2773408,542.1258986,552.2189249,547.7059372,509.6567313,532.0981632,529.3492999,565.337618,525.0675179,491.3573218,517.7441559,509.572944,558.6886852,513.2433374,567.9532433,534.3455286,497.409103,511.2961071,503.0601031,550.0629681,543.1233267,549.088543,552.8098494,556.2074066,490.2304892,574.2401603,517.6360764,539.6717725,513.4558869,550.3804014,539.6013101,543.7426235,545.6810572,474.4535168,569.4662549,534.0233149,597.456597,591.5276384,552.4649898,527.0092366,531.0270388,492.1960818,533.4718515,553.3279467,576.0811867,585.4939224,526.2710345,531.4139686,526.1816959,574.2401603,576.0008967,515.4196342,524.6897715,548.0933337,501.4527523,515.5267901,558.2610339,516.5147184,552.8344986,544.0289294,574.0540467,529.0556561,520.7013272,541.4866271,544.7938879,567.095975,560.4311938,552.6373658,524.1352484,532.8070177,560.8621777,726.0728099,496.4133288,512.5219834,594.4488326,577.1807319,539.225821,609.49854,537.3096122,543.7187783,544.8417693,563.231695,515.2268659,567.7451828,553.3526422,571.6982202,562.3120913,537.8923775,572.913419,487.1103328,577.2613512,518.393582,548.1660315,562.0571785,562.3120913,512.6067433,531.4139686,552.8344986,494.2760047,566.422372,530.617962,533.1277649,508.2360853,543.1709148,501.3108241,567.095975,496.0756732,558.5125141,547.7059372,548.0448792,572.1467144,576.9927076,654.9268027,634.5148056,579.6633457,482.5789857,530.6633839,573.4964291,589.5867279,565.0799554,604.712447,501.3716406,579.8531148,532.2580622,551.5311077,548.7968883,640.8776647,564.1799828,584.39005,568.2656202,565.9828039,573.4964291,568.2135335,556.7568953,532.6467887,586.9352065,726.0728099,572.5694699,568.2656202,571.1188586,589.5306596,585.7705424,520.1770212,534.3685588,538.827436,544.3633343,594.9908485,567.4853214,625.6771953,590.9637417,488.1267441,650.7331812,511.4015551,634.5148056,584.39005,537.5891819,522.4346579,687.6168433,585.7705424,788.5530307,696.2665975,553.3526422,573.7352754,579.6633457
run16,539.6013101,549.2588181,488.1267441,635.1974641,577.1807319,532.1438388,576.9927076,590.9355751,509.6567313,516.2566331,501.3108241,494.3745485,517.161062,542.1496043,496.2742385,543.4089806,524.6453665,526.248697,539.4839136,528.8525551,573.4168579,530.3455942,491.2989103,521.2266911,533.0819203,543.6710941,562.2610903,543.4327987,512.7763473,518.9794601,687.6168433,542.3156024,514.4785801,546.715729,507.3418161,537.0768595,542.3156024,599.1890248,552.8098494,502.5910779,534.8757248,537.4726591,533.013168,560.4311938,534.7373114,519.5884377,531.0270388,548.0206551,537.3096122,515.5267901,558.2610339,516.5147184,524.1352484,538.827436,548.0933337,572.6223583,533.7244641,569.4662549,552.6373658,542.4342346,599.1890248,487.1103328,532.9902545,565.337618,532.8070177,544.0289294,544.3633343,567.095975,492.1960818,496.4133288,512.5219834,609.49854,630.5777287,491.3573218,577.2613512,571.1188586,531.9840085,540.3774103,486.4605211,531.3911924,520.0024872,536.6119585,518.393582,528.6045321,541.9837079,576.0811867,531.8927199,562.3120913,533.4718515,520.8325688,552.4649898,534.7142494,530.617962,600.9606564,560.8621777,532.4866561,523.9801919,549.6727833,514.8203837,515.6554359,510.8537001,531.2773408,537.2397652,634.5148056,516.3641373,501.4527523,550.6982012,597.456597,591.5276384,556.2323599,553.3279467,589.5867279,563.231695,515.4196342,526.2710345,526.1816959,532.0981632,548.1660315,558.6886852,567.9532433,574.2401603,531.4139686,552.8344986,529.0556561,521.7531162,524.6897715,549.0399124,527.5923107,543.9573247,503.0601031,525.0675179,517.7441559,517.2905249,515.2268659,509.572944,474.4535168,497.409103,556.2074066,534.0233149,576.0008967,517.6360764,539.6717725,513.4558869,550.3804014,544.8417693,604.712447,503.8164615,546.1618123,552.2189249,535.6382815,543.0995357,558.5125141,726.0728099,585.4939224,567.095975,534.4376612,542.1258986,508.569642,515.9773316,521.1828703,535.5226029,527.0092366,543.7426235,529.8922686,547.7059372,567.7451828,496.0756732,561.9298088,571.6982202,529.3492999,534.3455286,537.8923775,562.3120913,520.7013272,513.2433374,544.7938879,541.4866271,548.7968883,548.7483093,539.225821,553.3526422,552.8344986,508.2360853,562.0571785,547.1983097,590.9637417,530.617962,572.1467144,543.7187783,482.5789857,494.2760047,576.9927076,533.1277649,545.6810572,579.8531148,654.9268027,585.7705424,548.0448792,594.4488326,573.4964291,556.5819403,520.1770212,534.3685588,565.0799554,547.7059372,511.2961071,574.2401603,490.2304892,550.0629681,551.7029013,512.6067433,530.6633839,501.3716406,574.0540467,584.39005,551.0408578,557.7838448,572.913419,564.1799828,579.6633457,532.2580622,551.5311077,573.7352754,640.8776647,568.2135335,566.422372,531.4139686,549.088543,568.2656202,568.2656202,572.5694699,589.5306596,567.4853214,543.1233267,625.6771953,511.4015551,594.9908485,543.1709148,537.5891819,634.5148056,650.7331812,726.0728099,584.39005,522.4346579,565.9828039,585.7705424,788.5530307,696.2665975,553.3526422,573.4964291,579.6633457
run17,537.5891819,494.3745485,549.2588181,532.1438388,531.8927199,531.0270388,542.1496043,550.6982012,509.6567313,516.2566331,517.161062,496.2742385,528.8525551,526.248697,520.8325688,543.0995357,524.6897715,558.5125141,534.7373114,502.5910779,507.3418161,533.013168,552.8098494,546.1618123,514.4785801,562.2610903,537.2397652,524.6453665,543.4089806,534.8757248,491.2989103,543.6710941,530.3455942,543.4327987,518.9794601,533.0819203,548.0206551,531.3911924,542.3156024,512.7763473,542.3156024,537.4726591,547.1983097,539.4839136,549.6727833,523.9801919,532.4866561,546.715729,535.6382815,514.8203837,521.2266911,491.3573218,687.6168433,537.0768595,599.1890248,560.4311938,539.225821,492.1960818,496.4133288,512.5219834,533.4718515,576.9927076,609.49854,515.6554359,553.3279467,530.617962,532.9902545,520.0024872,542.4342346,515.5267901,516.5147184,548.0933337,524.1352484,532.8070177,552.6373658,538.827436,565.337618,544.0289294,542.8379729,574.0540467,567.095975,590.9355751,543.7187783,486.4605211,558.2610339,536.6119585,599.1890248,508.569642,521.1828703,515.9773316,540.3774103,529.8922686,541.9837079,531.2773408,597.456597,528.6045321,533.7244641,515.4196342,571.1188586,535.5226029,569.4662549,526.2710345,526.1816959,574.2401603,521.7531162,534.4376612,532.0981632,561.166801,531.4139686,552.8344986,576.0008967,529.0556561,567.9532433,549.0399124,560.8621777,531.9840085,519.5884377,515.2268659,573.4168579,552.4649898,543.7426235,544.8417693,547.7059372,542.1258986,503.0601031,474.4535168,534.0233149,548.1660315,534.3455286,509.572944,539.6717725,558.6886852,513.4558869,591.5276384,529.3492999,517.6360764,531.4139686,552.8344986,513.2433374,534.7142494,550.3804014,497.409103,556.2074066,567.095975,537.3096122,585.4939224,534.3685588,520.1770212,579.6633457,537.8923775,541.4866271,594.4488326,550.0629681,561.9298088,525.0675179,517.7441559,543.9573247,527.5923107,494.2760047,544.7938879,552.2189249,576.0811867,562.0571785,518.393582,553.3526422,545.6810572,571.6982202,567.7451828,590.9637417,533.1277649,510.8537001,562.3120913,517.2905249,556.2323599,487.1103328,572.6223583,516.3641373,585.7705424,543.1709148,551.0408578,501.3108241,496.0756732,562.3120913,511.2961071,574.2401603,490.2304892,566.422372,530.617962,547.7059372,503.8164615,539.6013101,527.0092366,556.5819403,501.4527523,565.0799554,520.7013272,511.4015551,604.712447,544.3633343,577.2613512,589.5867279,548.7483093,579.6633457,508.2360853,501.3716406,532.2580622,530.6633839,551.5311077,548.7968883,634.5148056,573.4964291,576.9927076,548.0448792,482.5789857,654.9268027,630.5777287,557.7838448,584.39005,635.1974641,634.5148056,564.1799828,551.7029013,556.7568953,532.6467887,586.9352065,573.7352754,726.0728099,568.2135335,563.231695,549.088543,568.2656202,572.5694699,568.2656202,567.4853214,625.6771953,640.8776647,589.5306596,594.9908485,543.1233267,488.1267441,650.7331812,726.0728099,584.39005,522.4346579,565.9828039,585.7705424,788.5530307,696.2665975,553.3526422,600.9606564,573.4964291
run18,576.0008967,507.3418161,515.4196342,548.1660315,542.8379729,533.1277649,487.1103328,496.2742385,543.4327987,501.4527523,533.0819203,512.7763473,531.3911924,530.617962,535.6382815,561.166801,530.3455942,534.7373114,526.248697,528.8525551,542.3156024,539.4839136,553.3279467,521.2266911,576.9927076,532.1438388,520.8325688,514.4785801,517.7441559,517.6360764,536.6119585,599.1890248,573.4168579,542.3156024,552.8098494,532.4866561,518.9794601,542.4342346,549.6727833,517.161062,534.7142494,558.6886852,548.0206551,552.4649898,520.0024872,537.2397652,528.6045321,529.3492999,549.088543,516.2566331,542.1258986,494.3745485,542.1496043,531.8927199,492.1960818,640.8776647,531.9840085,549.0399124,523.9801919,515.6554359,537.4726591,533.013168,532.9902545,524.6453665,543.4089806,546.715729,549.2588181,519.5884377,567.9532433,491.2989103,543.6710941,491.3573218,531.2773408,534.0233149,474.4535168,537.3096122,569.4662549,597.456597,513.4558869,540.3774103,550.6982012,565.9828039,556.2323599,599.1890248,496.4133288,512.5219834,509.6567313,726.0728099,634.5148056,537.0768595,533.7244641,509.572944,533.4718515,534.3455286,521.1828703,531.4139686,552.8344986,546.1618123,513.2433374,562.2610903,529.8922686,541.4866271,524.6897715,497.409103,534.8757248,510.8537001,572.1467144,508.569642,515.9773316,531.0270388,539.6717725,520.7013272,539.6013101,516.3641373,486.4605211,544.7938879,526.2710345,511.4015551,604.712447,562.3120913,558.5125141,502.5910779,525.0675179,543.9573247,539.225821,541.9837079,527.5923107,517.2905249,556.2074066,571.6982202,579.8531148,565.337618,515.2268659,548.0933337,514.8203837,550.0629681,531.4139686,567.095975,527.0092366,550.3804014,537.8923775,552.2189249,560.8621777,609.49854,515.5267901,558.2610339,567.095975,516.5147184,552.8344986,524.1352484,532.8070177,544.0289294,544.3633343,543.7187783,544.8417693,573.4964291,547.7059372,511.2961071,574.2401603,572.913419,561.9298088,545.6810572,535.5226029,560.4311938,543.7426235,551.0408578,518.393582,590.9355751,567.7451828,494.2760047,553.3526422,526.1816959,532.0981632,521.7531162,534.4376612,552.6373658,543.0995357,574.2401603,579.6633457,585.7705424,547.1983097,508.2360853,574.0540467,562.0571785,530.617962,548.7483093,577.2613512,512.6067433,503.8164615,551.7029013,562.3120913,501.3108241,589.5867279,547.7059372,496.0756732,490.2304892,532.2580622,530.6633839,551.5311077,566.422372,576.9927076,576.0811867,482.5789857,520.1770212,534.3685588,565.0799554,579.6633457,654.9268027,635.1974641,538.827436,548.0448792,625.6771953,572.6223583,557.7838448,548.7968883,594.4488326,564.1799828,594.9908485,590.9637417,585.4939224,630.5777287,573.4964291,556.7568953,586.9352065,568.2656202,563.231695,568.2135335,571.1188586,501.3716406,568.2656202,591.5276384,584.39005,543.1233267,726.0728099,488.1267441,650.7331812,543.1709148,572.5694699,567.4853214,634.5148056,584.39005,537.5891819,522.4346579,532.6467887,687.6168433,585.7705424,788.5530307,696.2665975,553.3526422,573.7352754,600.9606564
run19,530.6633839,503.8164615,510.8537001,509.6567313,486.4605211,528.8525551,518.393582,532.1438388,567.7451828,579.8531148,515.9773316,532.4866561,536.6119585,543.9573247,523.9801919,529.8922686,532.9902545,507.3418161,503.0601031,548.0206551,550.0629681,533.013168,537.2397652,491.2989103,518.9794601,514.4785801,512.7763473,543.4327987,542.3156024,517.7441559,537.4726591,515.4196342,539.225821,542.8379729,599.1890248,546.1618123,517.161062,533.0819203,548.1660315,514.8203837,549.2588181,535.5226029,552.8098494,531.3911924,517.6360764,521.1828703,516.2566331,552.4649898,560.4311938,525.0675179,494.2760047,529.3492999,567.9532433,562.2610903,494.3745485,531.8927199,521.2266911,531.9840085,520.7013272,542.1496043,534.7373114,548.7968883,549.0399124,526.248697,534.8757248,543.6710941,597.456597,539.4839136,549.6727833,546.715729,558.6886852,539.6013101,520.8325688,528.6045321,496.2742385,524.6453665,543.4089806,516.3641373,519.5884377,542.4342346,541.4866271,524.6897715,541.9837079,562.3120913,517.2905249,549.088543,542.3156024,492.1960818,576.9927076,535.6382815,534.0233149,474.4535168,569.4662549,513.2433374,540.3774103,550.6982012,534.3455286,497.409103,544.7938879,526.1816959,574.2401603,544.8417693,491.3573218,509.572944,502.5910779,520.0024872,511.4015551,574.0540467,573.4168579,565.337618,537.0768595,533.7244641,531.0270388,515.6554359,531.2773408,585.4939224,553.3279467,530.617962,496.4133288,512.5219834,533.4718515,552.2189249,577.1807319,531.4139686,552.8344986,534.7142494,558.5125141,543.7426235,527.0092366,545.6810572,572.1467144,542.1258986,537.3096122,590.9355751,512.6067433,556.2074066,561.166801,527.5923107,548.7483093,515.2268659,529.0556561,576.0008967,511.2961071,574.2401603,537.8923775,516.5147184,544.0289294,552.8344986,561.9298088,604.712447,560.8621777,530.3455942,547.1983097,533.1277649,513.4558869,591.5276384,501.4527523,524.1352484,532.8070177,547.7059372,594.4488326,556.2323599,508.2360853,550.3804014,572.913419,548.0933337,609.49854,521.7531162,532.0981632,534.4376612,552.6373658,543.0995357,562.0571785,515.5267901,558.2610339,567.095975,543.7187783,573.4964291,599.1890248,576.0811867,487.1103328,530.617962,539.6717725,571.6982202,553.3526422,501.3108241,556.5819403,726.0728099,567.095975,562.3120913,577.2613512,566.422372,496.0756732,490.2304892,544.3633343,589.5867279,576.9927076,551.0408578,482.5789857,501.3716406,654.9268027,553.3526422,534.3685588,600.9606564,565.0799554,547.7059372,532.2580622,551.5311077,531.4139686,630.5777287,548.0448792,635.1974641,572.6223583,557.7838448,584.39005,564.1799828,538.827436,551.7029013,568.2656202,573.4964291,556.7568953,640.8776647,563.231695,565.9828039,579.6633457,571.1188586,568.2135335,532.6467887,586.9352065,543.1709148,726.0728099,568.2656202,572.5694699,567.4853214,594.9908485,625.6771953,590.9637417,585.7705424,589.5306596,488.1267441,522.4346579,584.39005,537.5891819,543.1233267,634.5148056,687.6168433,788.5530307,696.2665975,520.1770212,573.7352754,579.6633457
run20,529.0556561,491.2989103,590.9355751,474.4535168,534.0233149,591.5276384,576.0811867,562.2610903,543.4327987,542.3156024,497.409103,546.1618123,547.7059372,517.2905249,510.8537001,502.5910779,565.9828039,537.0768595,550.6982012,726.0728099,558.6886852,509.572944,539.6717725,567.9532433,525.0675179,494.2760047,542.3156024,539.6013101,548.1660315,532.1438388,552.2189249,539.4839136,549.2588181,537.2397652,520.8325688,542.8379729,517.161062,524.6453665,543.4089806,494.3745485,542.1496043,517.7441559,534.8757248,514.4785801,496.2742385,550.3804014,546.715729,528.8525551,540.3774103,534.7373114,526.248697,531.3911924,507.3418161,503.0601031,533.7244641,521.2266911,534.3455286,513.2433374,515.4196342,531.9840085,536.6119585,599.1890248,533.013168,537.3096122,569.4662549,543.6710941,516.2566331,537.4726591,539.225821,531.8927199,541.4866271,549.0399124,556.2074066,517.6360764,576.9927076,532.4866561,549.6727833,523.9801919,542.4342346,531.4139686,519.5884377,549.088543,512.7763473,521.1828703,486.4605211,529.8922686,530.617962,515.6554359,532.9902545,548.0206551,552.8344986,558.5125141,520.7013272,552.4649898,516.3641373,550.0629681,531.0270388,567.095975,514.8203837,543.9573247,534.7142494,541.9837079,528.6045321,556.2323599,529.3492999,520.0024872,585.4939224,567.7451828,561.166801,557.7838448,544.8417693,561.9298088,573.4168579,565.337618,526.1816959,511.4015551,520.1770212,534.3685588,597.456597,604.712447,579.8531148,515.2268659,526.2710345,576.0008967,509.6567313,518.9794601,492.1960818,533.4718515,552.8098494,496.4133288,512.5219834,572.1467144,594.4488326,531.2773408,571.6982202,579.6633457,527.5923107,548.7483093,553.3526422,537.8923775,511.2961071,553.3279467,544.7938879,530.617962,562.3120913,565.0799554,501.4527523,535.6382815,533.1277649,609.49854,574.2401603,560.8621777,572.913419,508.569642,515.9773316,574.2401603,547.7059372,543.0995357,579.6633457,521.7531162,532.0981632,534.4376612,552.6373658,548.0933337,515.5267901,558.2610339,573.4964291,535.5226029,545.6810572,574.0540467,508.2360853,518.393582,542.1258986,577.1807319,512.6067433,560.4311938,487.1103328,547.1983097,556.5819403,543.7187783,577.2613512,562.3120913,503.8164615,527.0092366,501.3108241,488.1267441,635.1974641,788.5530307,496.0756732,576.9927076,543.1709148,513.4558869,530.3455942,634.5148056,599.1890248,482.5789857,538.827436,562.0571785,572.6223583,543.7426235,566.422372,548.0448792,567.095975,516.5147184,524.1352484,532.8070177,544.0289294,589.5867279,544.3633343,551.5311077,584.39005,490.2304892,564.1799828,573.7352754,594.9908485,548.7968883,568.2135335,551.7029013,568.2656202,572.5694699,563.231695,532.6467887,586.9352065,726.0728099,585.7705424,567.4853214,568.2656202,571.1188586,589.5306596,625.6771953,640.8776647,556.7568953,501.3716406,584.39005,654.9268027,532.2580622,530.6633839,543.1233267,634.5148056,531.4139686,630.5777287,537.5891819,590.9637417,522.4346579,650.7331812,585.7705424,687.6168433,696.2665975,553.3526422,600.9606564,573.4964291
run21,556.7568953,540.3774103,534.7373114,528.8525551,546.715729,526.248697,534.8757248,520.8325688,537.2397652,524.6897715,534.7142494,537.0768595,515.4196342,542.8379729,539.225821,567.9532433,543.6710941,549.0399124,542.3156024,546.1618123,509.6567313,532.1438388,516.2566331,501.3108241,494.3745485,514.4785801,537.4726591,517.161062,496.0756732,573.4168579,549.2588181,562.2610903,518.9794601,496.2742385,507.3418161,533.013168,491.2989103,543.4327987,512.7763473,533.0819203,552.8098494,524.6453665,542.1496043,550.6982012,535.6382815,542.4342346,521.2266911,548.1660315,533.7244641,531.3911924,542.3156024,536.6119585,520.0024872,528.6045321,562.3120913,561.166801,531.8927199,548.0206551,539.4839136,514.8203837,531.0270388,531.9840085,519.5884377,486.4605211,534.0233149,599.1890248,569.4662549,491.3573218,492.1960818,496.4133288,512.5219834,533.4718515,576.9927076,558.6886852,687.6168433,552.2189249,560.4311938,541.9837079,509.572944,474.4535168,534.3455286,537.3096122,565.337618,539.6717725,497.409103,556.2074066,558.2610339,531.4139686,552.8344986,572.1467144,541.4866271,529.3492999,567.095975,543.9573247,527.5923107,525.0675179,517.7441559,517.2905249,503.0601031,517.6360764,585.4939224,594.4488326,552.4649898,532.4866561,549.6727833,523.9801919,558.5125141,550.3804014,599.1890248,532.9902545,508.569642,515.9773316,530.617962,515.2268659,535.5226029,543.7426235,482.5789857,543.0995357,571.6982202,544.7938879,548.7483093,502.5910779,553.3526422,597.456597,572.6223583,537.8923775,494.2760047,590.9355751,542.1258986,609.49854,518.393582,511.4015551,544.3633343,526.2710345,574.2401603,526.1816959,544.0289294,604.712447,531.4139686,577.2613512,561.9298088,560.8621777,529.0556561,576.0008967,516.5147184,567.095975,552.8344986,544.8417693,524.1352484,532.8070177,515.5267901,547.7059372,520.7013272,521.7531162,532.0981632,534.4376612,552.6373658,548.0933337,567.7451828,576.0811867,556.2323599,508.2360853,562.0571785,574.0540467,521.1828703,529.8922686,530.617962,533.1277649,562.3120913,515.6554359,531.2773408,553.3279467,510.8537001,516.3641373,590.9637417,579.8531148,573.4964291,501.4527523,503.8164615,547.7059372,550.0629681,551.0408578,547.1983097,577.1807319,556.5819403,487.1103328,501.3716406,589.5867279,579.6633457,548.7968883,545.6810572,527.0092366,585.7705424,512.6067433,532.2580622,530.6633839,551.5311077,490.2304892,511.2961071,574.2401603,566.422372,530.3455942,513.4558869,543.1709148,551.7029013,634.5148056,576.9927076,630.5777287,534.3685588,553.3526422,565.0799554,543.7187783,539.6013101,548.0448792,654.9268027,557.7838448,584.39005,543.1233267,634.5148056,538.827436,564.1799828,635.1974641,549.088543,571.1188586,568.2135335,532.6467887,586.9352065,726.0728099,563.231695,573.4964291,572.5694699,567.4853214,568.2656202,625.6771953,568.2656202,640.8776647,589.5306596,594.9908485,488.1267441,650.7331812,726.0728099,584.39005,537.5891819,522.4346579,565.9828039,585.7705424,788.5530307,696.2665975,573.7352754,520.1770212,600.9606564
run22,579.8531148,526.2710345,532.0981632,518.393582,540.3774103,524.6453665,486.4605211,573.4964291,520.0024872,503.8164615,521.7531162,548.0448792,534.7373114,565.337618,546.715729,537.2397652,529.8922686,556.2074066,509.572944,513.2433374,517.161062,528.8525551,560.8621777,541.4866271,513.4558869,545.6810572,549.6727833,514.8203837,532.4866561,523.9801919,531.8927199,569.4662549,539.225821,552.2189249,533.013168,550.0629681,548.1660315,531.4139686,576.9927076,532.1438388,537.0768595,535.6382815,546.1618123,558.6886852,547.1983097,551.7029013,521.2266911,533.0819203,599.1890248,514.4785801,537.4726591,548.0206551,534.7142494,543.9573247,527.5923107,562.2610903,512.7763473,542.1496043,531.3911924,516.2566331,529.3492999,532.9902545,530.617962,533.4718515,507.3418161,543.4089806,521.1828703,542.3156024,543.4327987,549.088543,599.1890248,519.5884377,508.569642,510.8537001,541.9837079,515.9773316,542.4342346,576.0811867,535.5226029,549.0399124,526.248697,534.8757248,549.2588181,531.4139686,526.1816959,561.9298088,550.6982012,525.0675179,494.2760047,515.6554359,531.2773408,553.3279467,530.617962,604.712447,572.1467144,531.9840085,567.9532433,520.7013272,517.7441559,552.4649898,567.095975,501.3716406,561.166801,534.0233149,548.7483093,576.0008967,542.8379729,597.456597,492.1960818,496.4133288,512.5219834,552.8098494,788.5530307,542.3156024,509.6567313,539.4839136,550.3804014,474.4535168,533.7244641,515.4196342,497.409103,552.8344986,543.6710941,520.8325688,528.6045321,534.3455286,524.6897715,552.6373658,508.2360853,482.5789857,594.4488326,516.3641373,515.5267901,573.4168579,556.2323599,562.3120913,517.2905249,491.2989103,527.0092366,531.0270388,503.0601031,548.0933337,539.6717725,547.7059372,539.6013101,494.3745485,502.5910779,543.7187783,537.3096122,530.3455942,544.7938879,544.8417693,518.9794601,558.5125141,590.9355751,577.1807319,553.3526422,516.5147184,567.095975,552.8344986,524.1352484,532.8070177,544.0289294,560.4311938,542.1258986,543.7426235,567.7451828,511.2961071,517.6360764,543.1233267,726.0728099,543.0995357,572.913419,585.4939224,562.0571785,512.6067433,496.2742385,574.2401603,543.1709148,533.1277649,574.2401603,551.0408578,591.5276384,609.49854,537.8923775,487.1103328,562.3120913,511.4015551,544.3633343,577.2613512,574.0540467,520.1770212,534.3685588,600.9606564,565.0799554,589.5867279,634.5148056,496.0756732,576.9927076,490.2304892,566.422372,501.4527523,501.3108241,556.5819403,547.7059372,572.6223583,530.6633839,538.827436,557.7838448,579.6633457,584.39005,564.1799828,532.2580622,551.5311077,515.2268659,548.7968883,573.7352754,635.1974641,563.231695,568.2135335,556.7568953,594.9908485,571.1188586,568.2656202,565.9828039,532.6467887,586.9352065,726.0728099,572.5694699,585.7705424,568.2656202,567.4853214,589.5306596,625.6771953,584.39005,640.8776647,634.5148056,571.6982202,654.9268027,537.5891819,522.4346579,630.5777287,590.9637417,488.1267441,650.7331812,585.7705424,687.6168433,696.2665975,553.3526422,573.4964291,579.6633457
run23,526.2710345,543.0995357,576.0008967,501.3108241,501.4527523,503.8164615,534.7373114,573.4168579,509.6567313,523.9801919,517.161062,518.9794601,542.3156024,542.1496043,514.4785801,531.8927199,515.6554359,531.2773408,543.4327987,537.4726591,526.248697,520.8325688,512.7763473,531.3911924,532.1438388,531.0270388,543.9573247,542.3156024,562.2610903,537.2397652,530.617962,548.0206551,532.9902545,532.4866561,502.5910779,534.8757248,528.8525551,537.0768595,524.6453665,546.715729,542.4342346,599.1890248,539.4839136,511.2961071,567.9532433,533.1277649,543.4089806,549.6727833,516.2566331,567.7451828,525.0675179,517.7441559,520.7013272,552.4649898,531.9840085,529.3492999,541.4866271,572.913419,519.5884377,507.3418161,533.013168,491.2989103,543.6710941,533.0819203,494.3745485,492.1960818,553.3279467,491.3573218,496.4133288,512.5219834,576.9927076,533.4718515,521.2266911,546.1618123,687.6168433,538.827436,526.1816959,521.7531162,540.3774103,550.6982012,565.337618,532.0981632,558.6886852,549.2588181,527.5923107,503.0601031,552.8098494,599.1890248,577.1807319,549.0399124,496.2742385,511.4015551,604.712447,509.572944,552.2189249,542.8379729,513.2433374,474.4535168,569.4662549,520.1770212,600.9606564,497.409103,536.6119585,520.0024872,533.7244641,534.3455286,539.6717725,534.4376612,541.9837079,556.2074066,486.4605211,548.1660315,597.456597,528.6045321,517.6360764,585.4939224,515.4196342,531.4139686,552.8344986,524.6897715,534.7142494,494.2760047,539.225821,521.1828703,508.569642,515.9773316,529.8922686,565.0799554,517.2905249,534.0233149,550.3804014,558.5125141,572.1467144,550.0629681,535.5226029,542.1258986,544.7938879,567.095975,547.7059372,561.166801,579.8531148,514.8203837,537.3096122,543.7426235,553.3526422,576.0811867,594.4488326,552.8344986,544.8417693,561.9298088,490.2304892,574.2401603,539.6013101,535.6382815,515.2268659,545.6810572,537.8923775,609.49854,530.3455942,513.4558869,551.7029013,591.5276384,548.0933337,574.2401603,515.5267901,558.2610339,562.0571785,510.8537001,552.6373658,543.7187783,556.2323599,529.0556561,548.7483093,487.1103328,508.2360853,573.4964291,547.1983097,562.3120913,560.4311938,567.095975,544.3633343,530.617962,547.7059372,566.422372,560.8621777,516.5147184,524.1352484,532.8070177,544.0289294,574.0540467,551.0408578,589.5867279,577.2613512,516.3641373,512.6067433,527.0092366,562.3120913,543.1709148,496.0756732,532.2580622,530.6633839,551.5311077,579.6633457,556.5819403,548.7968883,634.5148056,482.5789857,590.9637417,576.9927076,548.0448792,654.9268027,543.1233267,634.5148056,630.5777287,572.6223583,557.7838448,584.39005,635.1974641,564.1799828,585.7705424,549.088543,556.7568953,573.7352754,563.231695,532.6467887,586.9352065,726.0728099,568.2135335,571.1188586,568.2656202,572.5694699,501.3716406,568.2656202,567.4853214,640.8776647,589.5306596,625.6771953,594.9908485,488.1267441,650.7331812,537.5891819,726.0728099,584.39005,522.4346579,565.9828039,585.7705424,788.5530307,696.2665975,553.3526422,573.4964291,579.6633457
run24,574.0540467,534.7373114,520.0024872,519.5884377,501.3108241,509.6567313,526.248697,520.8325688,528.8525551,537.2397652,516.2566331,518.393582,534.8757248,523.9801919,496.0756732,532.4866561,503.8164615,536.6119585,531.9840085,486.4605211,531.0270388,532.1438388,517.161062,546.715729,540.3774103,529.8922686,524.6453665,494.3745485,542.1496043,549.2588181,543.4089806,549.6727833,531.8927199,539.4839136,508.569642,515.9773316,496.2742385,491.2989103,521.2266911,512.7763473,533.0819203,543.6710941,531.3911924,518.9794601,527.5923107,543.9573247,548.7483093,542.4342346,528.6045321,516.3641373,599.1890248,535.5226029,510.8537001,552.4649898,557.7838448,543.0995357,544.8417693,561.166801,561.9298088,514.8203837,573.4964291,550.6982012,541.9837079,517.2905249,556.2323599,542.3156024,529.3492999,474.4535168,569.4662549,534.0233149,542.8379729,549.0399124,533.7244641,534.3455286,537.0768595,509.572944,525.0675179,513.2433374,552.2189249,497.409103,550.3804014,556.2074066,597.456597,539.6717725,494.2760047,520.7013272,517.7441559,514.4785801,567.9532433,537.4726591,515.4196342,524.6897715,539.225821,507.3418161,533.013168,532.9902545,530.617962,548.1660315,517.6360764,562.2610903,515.6554359,511.2961071,531.2773408,543.1233267,503.0601031,541.4866271,547.7059372,490.2304892,542.1258986,574.2401603,550.0629681,531.4139686,552.8344986,556.7568953,535.6382815,534.7142494,573.4168579,544.7938879,527.0092366,512.6067433,551.0408578,548.7968883,558.5125141,556.5819403,502.5910779,552.8098494,537.8923775,549.088543,553.3526422,508.2360853,567.095975,537.3096122,585.4939224,558.6886852,567.7451828,565.0799554,501.4527523,491.3573218,533.4718515,492.1960818,543.7426235,576.9927076,553.3279467,576.0811867,562.3120913,572.1467144,634.5148056,594.4488326,513.4558869,530.3455942,551.7029013,590.9355751,487.1103328,547.1983097,515.5267901,558.2610339,560.4311938,543.7187783,562.3120913,591.5276384,585.7705424,579.8531148,546.1618123,565.337618,530.617962,533.1277649,529.0556561,576.0008967,526.2710345,516.5147184,552.8344986,524.1352484,532.8070177,560.8621777,544.0289294,521.7531162,532.0981632,534.4376612,552.6373658,548.0933337,572.913419,545.6810572,543.1709148,634.5148056,577.1807319,543.4327987,567.095975,526.1816959,574.2401603,512.5219834,576.9927076,482.5789857,562.0571785,572.6223583,547.7059372,551.5311077,548.0448792,548.0206551,577.2613512,515.2268659,566.422372,553.3526422,534.3685588,579.6633457,531.4139686,584.39005,538.827436,564.1799828,539.6013101,594.9908485,635.1974641,568.2135335,589.5867279,571.1188586,579.6633457,501.3716406,544.3633343,563.231695,573.7352754,726.0728099,625.6771953,609.49854,568.2656202,586.9352065,532.6467887,726.0728099,589.5306596,565.9828039,511.4015551,584.39005,496.4133288,568.2656202,572.5694699,567.4853214,532.2580622,530.6633839,640.8776647,571.6982202,654.9268027,537.5891819,630.5777287,522.4346579,590.9637417,488.1267441,650.7331812,585.7705424,687.6168433,696.2665975,520.1770212,573.4964291,600.9606564
run25,512.7763473,562.3120913,543.4327987,517.2905249,534.3455286,529.3492999,543.9573247,599.1890248,539.6013101,541.9837079,542.3156024,549.088543,501.3108241,494.3745485,532.1438388,487.1103328,532.4866561,503.8164615,540.3774103,517.161062,543.4089806,514.4785801,537.4726591,507.3418161,552.8098494,549.6727833,514.8203837,560.4311938,515.6554359,530.617962,516.2566331,549.2588181,531.2773408,518.9794601,542.1496043,533.013168,528.8525551,550.6982012,534.7373114,521.2266911,548.0206551,546.715729,537.0768595,599.1890248,585.4939224,474.4535168,515.4196342,542.8379729,534.0233149,539.4839136,548.1660315,531.4139686,552.8344986,539.225821,521.1828703,537.3096122,520.8325688,549.0399124,526.248697,524.6897715,546.1618123,534.8757248,531.9840085,501.3716406,524.6453665,537.2397652,561.166801,510.8537001,542.4342346,536.6119585,529.8922686,533.0819203,503.0601031,532.9902545,552.4649898,519.5884377,569.4662549,543.6710941,558.6886852,509.572944,541.4866271,513.2433374,511.4015551,544.3633343,573.4168579,526.1816959,526.2710345,604.712447,544.7938879,531.8927199,533.4718515,552.2189249,491.2989103,523.9801919,520.0024872,576.9927076,497.409103,542.3156024,565.337618,556.2074066,562.2610903,531.0270388,502.5910779,539.6717725,550.3804014,516.3641373,558.5125141,525.0675179,517.7441559,492.1960818,491.3573218,496.4133288,576.0811867,513.4558869,591.5276384,553.3279467,609.49854,594.4488326,534.3685588,538.827436,520.1770212,531.4139686,579.6633457,567.095975,509.6567313,550.0629681,533.7244641,556.2323599,512.5219834,534.7142494,567.9532433,520.7013272,527.5923107,486.4605211,532.0981632,548.0933337,687.6168433,579.8531148,517.6360764,515.5267901,516.5147184,552.8344986,521.7531162,561.9298088,597.456597,576.0008967,535.6382815,518.393582,543.0995357,534.4376612,552.6373658,544.8417693,524.1352484,532.8070177,553.3526422,634.5148056,529.0556561,560.8621777,544.0289294,530.617962,501.4527523,527.0092366,543.7426235,548.7483093,545.6810572,547.7059372,590.9355751,571.6982202,511.2961071,574.2401603,567.7451828,572.913419,508.569642,515.9773316,535.5226029,542.1258986,496.2742385,567.095975,533.1277649,572.1467144,562.0571785,494.2760047,577.1807319,574.2401603,574.0540467,530.3455942,537.8923775,508.2360853,585.7705424,512.6067433,547.1983097,543.1709148,577.2613512,551.0408578,556.5819403,496.0756732,579.6633457,562.3120913,547.7059372,565.0799554,490.2304892,589.5867279,573.4964291,566.422372,532.2580622,530.6633839,551.5311077,515.2268659,634.5148056,482.5789857,576.9927076,548.7968883,654.9268027,630.5777287,548.0448792,572.6223583,557.7838448,584.39005,635.1974641,564.1799828,590.9637417,551.7029013,556.7568953,532.6467887,586.9352065,726.0728099,568.2135335,563.231695,571.1188586,568.2656202,572.5694699,568.2656202,567.4853214,625.6771953,640.8776647,543.1233267,589.5306596,594.9908485,488.1267441,650.7331812,726.0728099,584.39005,537.5891819,522.4346579,565.9828039,585.7705424,788.5530307,696.2665975,553.3526422,600.9606564,573.4964291
run26,594.4488326,546.715729,542.8379729,565.337618,528.8525551,556.2074066,537.2397652,558.6886852,542.3156024,550.3804014,549.0399124,526.248697,534.8757248,524.6897715,515.4196342,539.225821,543.9573247,534.7373114,540.3774103,567.9532433,520.8325688,548.7483093,509.6567313,496.0756732,503.8164615,520.0024872,573.4168579,501.3108241,518.393582,518.9794601,532.1438388,536.6119585,516.2566331,542.4342346,531.9840085,491.2989103,512.7763473,542.3156024,543.6710941,514.4785801,532.9902545,548.0206551,517.161062,494.3745485,549.2588181,543.4327987,521.2266911,533.0819203,599.1890248,507.3418161,533.013168,531.3911924,508.569642,521.1828703,515.9773316,535.5226029,531.8927199,529.8922686,528.6045321,543.4089806,537.4726591,524.6453665,542.1496043,535.6382815,576.9927076,519.5884377,510.8537001,515.6554359,532.4866561,549.6727833,523.9801919,501.3716406,531.2773408,567.7451828,527.5923107,517.2905249,585.4939224,511.2961071,525.0675179,517.7441559,503.0601031,539.6013101,534.0233149,599.1890248,552.8098494,552.4649898,514.8203837,530.617962,474.4535168,569.4662549,509.572944,552.2189249,534.3455286,538.827436,520.1770212,534.3685588,526.1816959,572.6223583,544.0289294,574.0540467,516.3641373,526.2710345,574.2401603,550.6982012,531.0270388,486.4605211,532.0981632,521.7531162,534.4376612,597.456597,531.4139686,548.1660315,533.7244641,517.6360764,549.088543,531.4139686,552.8344986,562.2610903,553.3526422,546.1618123,513.2433374,534.7142494,550.0629681,543.0995357,539.4839136,558.5125141,545.6810572,527.0092366,520.7013272,541.9837079,556.2323599,541.4866271,492.1960818,491.3573218,553.3279467,572.1467144,496.4133288,512.5219834,634.5148056,501.4527523,577.1807319,513.4558869,530.3455942,591.5276384,543.7426235,562.3120913,548.0933337,561.166801,609.49854,600.9606564,544.7938879,537.3096122,574.2401603,552.8344986,544.8417693,562.0571785,576.0008967,530.617962,529.3492999,502.5910779,590.9355751,561.9298088,572.913419,496.2742385,542.1258986,576.0811867,494.2760047,539.6717725,571.6982202,508.2360853,547.7059372,532.2580622,515.2268659,530.6633839,537.8923775,533.1277649,529.0556561,553.3526422,560.4311938,516.5147184,524.1352484,532.8070177,560.8621777,515.5267901,558.2610339,487.1103328,567.095975,547.7059372,543.1709148,547.1983097,543.7187783,573.4964291,512.6067433,566.422372,579.8531148,640.8776647,551.0408578,556.5819403,567.095975,565.0799554,490.2304892,562.3120913,548.0448792,604.712447,634.5148056,482.5789857,551.5311077,576.9927076,654.9268027,557.7838448,577.2613512,594.9908485,548.7968883,584.39005,635.1974641,590.9637417,564.1799828,579.6633457,551.7029013,563.231695,573.7352754,589.5867279,543.1233267,556.7568953,630.5777287,568.2135335,585.7705424,571.1188586,532.6467887,586.9352065,726.0728099,568.2656202,726.0728099,568.2656202,544.3633343,572.5694699,565.9828039,567.4853214,625.6771953,511.4015551,589.5306596,488.1267441,584.39005,537.5891819,522.4346579,687.6168433,585.7705424,788.5530307,696.2665975,573.4964291,579.6633457
run27,512.6067433,579.8531148,491.2989103,533.7244641,514.4785801,533.1277649,539.4839136,549.2588181,532.1438388,599.1890248,533.0819203,515.6554359,542.1258986,545.6810572,549.6727833,530.617962,516.2566331,531.9840085,494.3745485,536.6119585,517.161062,531.8927199,531.3911924,542.4342346,521.2266911,548.0206551,534.7373114,543.4327987,526.248697,507.3418161,533.013168,552.8098494,527.5923107,543.9573247,528.8525551,520.8325688,532.4866561,599.1890248,532.9902545,537.4726591,542.1496043,496.2742385,561.166801,512.7763473,516.3641373,528.6045321,524.6453665,543.4089806,531.2773408,556.2323599,542.3156024,529.8922686,537.2397652,531.0270388,543.6710941,585.4939224,546.715729,523.9801919,534.8757248,546.1618123,540.3774103,550.6982012,515.9773316,548.7483093,535.5226029,535.6382815,560.4311938,521.1828703,539.225821,519.5884377,552.4649898,527.0092366,520.0024872,517.2905249,511.2961071,503.0601031,517.7441559,529.3492999,525.0675179,494.2760047,541.4866271,520.7013272,566.422372,492.1960818,553.3279467,496.4133288,512.5219834,533.4718515,491.3573218,576.9927076,558.6886852,541.9837079,788.5530307,513.2433374,549.0399124,552.2189249,542.8379729,509.572944,497.409103,556.2074066,542.3156024,474.4535168,534.3455286,569.4662549,534.0233149,509.6567313,508.569642,565.337618,537.0768595,515.4196342,543.1233267,550.3804014,537.3096122,511.4015551,574.0540467,526.1816959,526.2710345,574.2401603,573.4168579,532.0981632,548.0933337,521.7531162,534.4376612,552.6373658,597.456597,594.4488326,572.1467144,577.1807319,516.5147184,524.1352484,544.0289294,567.095975,518.9794601,524.6897715,510.8537001,543.7426235,726.0728099,548.1660315,531.4139686,552.8344986,576.0008967,604.712447,529.0556561,548.7968883,486.4605211,544.8417693,515.2268659,561.9298088,544.7938879,517.6360764,562.2610903,543.0995357,531.4139686,552.8344986,534.7142494,558.5125141,556.7568953,537.8923775,502.5910779,539.6717725,551.0408578,549.088543,562.0571785,567.095975,560.8621777,515.5267901,558.2610339,553.3526422,530.3455942,513.4558869,551.7029013,590.9355751,567.7451828,532.8070177,543.7187783,518.393582,543.1709148,547.1983097,490.2304892,574.2401603,508.2360853,577.2613512,562.3120913,591.5276384,530.617962,573.4964291,609.49854,547.7059372,487.1103328,550.0629681,576.0811867,551.5311077,503.8164615,547.7059372,496.0756732,553.3526422,534.3685588,556.5819403,501.4527523,576.9927076,589.5867279,501.3108241,634.5148056,572.6223583,539.6013101,544.3633343,565.0799554,548.0448792,538.827436,557.7838448,564.1799828,579.6633457,584.39005,572.913419,635.1974641,571.1188586,568.2135335,563.231695,594.9908485,532.6467887,586.9352065,573.4964291,572.5694699,726.0728099,568.2656202,565.9828039,585.7705424,567.4853214,625.6771953,568.2656202,589.5306596,501.3716406,584.39005,532.2580622,530.6633839,640.8776647,634.5148056,571.6982202,654.9268027,537.5891819,630.5777287,522.4346579,590.9637417,488.1267441,650.7331812,585.7705424,687.6168433,696.2665975,520.1770212,573.7352754,600.9606564
run28,558.6886852,490.2304892,542.1258986,543.1233267,539.6013101,503.0601031,507.3418161,514.4785801,640.8776647,533.013168,496.0756732,520.8325688,509.6567313,501.3108241,515.6554359,597.456597,532.1438388,537.2397652,496.2742385,528.8525551,542.3156024,599.1890248,549.2588181,574.2401603,534.8757248,526.248697,534.7373114,519.5884377,516.2566331,561.166801,494.3745485,552.8098494,537.4726591,511.2961071,531.2773408,567.9532433,539.4839136,517.161062,542.1496043,524.6453665,546.715729,579.8531148,543.4089806,549.6727833,531.0270388,510.8537001,532.9902545,543.9573247,532.4866561,523.9801919,543.6710941,525.0675179,527.5923107,550.0629681,599.1890248,540.3774103,550.6982012,531.9840085,486.4605211,520.7013272,552.4649898,541.4866271,517.2905249,521.2266911,542.4342346,514.8203837,542.8379729,515.4196342,539.225821,474.4535168,569.4662549,549.0399124,549.088543,534.0233149,497.409103,509.572944,552.2189249,530.617962,537.0768595,531.4139686,565.337618,550.3804014,513.2433374,556.2074066,542.3156024,524.6897715,516.3641373,537.3096122,491.2989103,533.0819203,572.913419,552.8344986,521.1828703,529.8922686,536.6119585,520.0024872,515.2268659,558.5125141,531.8927199,544.7938879,530.617962,533.1277649,539.6717725,518.9794601,576.9927076,534.7142494,546.1618123,535.6382815,551.0408578,512.7763473,537.8923775,547.7059372,531.3911924,508.569642,515.9773316,528.6045321,541.9837079,529.3492999,567.095975,534.3455286,533.7244641,548.0206551,566.422372,553.3526422,543.4327987,590.9355751,517.6360764,562.2610903,501.4527523,544.8417693,515.5267901,558.2610339,573.4168579,532.0981632,521.7531162,574.0540467,552.6373658,535.5226029,545.6810572,561.9298088,494.2760047,526.2710345,531.4139686,529.0556561,576.0008967,516.5147184,552.8344986,524.1352484,544.0289294,526.1816959,574.2401603,532.8070177,548.7483093,560.8621777,548.0933337,502.5910779,562.0571785,553.3279467,567.7451828,513.4558869,530.3455942,551.7029013,562.3120913,543.7187783,547.7059372,508.2360853,591.5276384,567.095975,512.6067433,571.6982202,527.0092366,573.4964291,547.1983097,565.9828039,551.5311077,572.1467144,518.393582,594.4488326,572.6223583,503.8164615,491.3573218,533.4718515,492.1960818,543.7426235,512.5219834,496.4133288,609.49854,577.1807319,579.6633457,726.0728099,543.0995357,487.1103328,562.3120913,543.1709148,556.5819403,520.1770212,534.3685588,600.9606564,565.0799554,634.5148056,576.0811867,548.0448792,589.5867279,654.9268027,576.9927076,482.5789857,604.712447,488.1267441,635.1974641,577.2613512,650.7331812,584.39005,557.7838448,568.2656202,538.827436,573.7352754,564.1799828,585.4939224,548.7968883,630.5777287,532.6467887,726.0728099,586.9352065,563.231695,568.2135335,568.2656202,571.1188586,572.5694699,590.9637417,544.3633343,567.4853214,594.9908485,556.7568953,501.3716406,625.6771953,585.7705424,589.5306596,511.4015551,532.2580622,530.6633839,634.5148056,584.39005,537.5891819,522.4346579,687.6168433,585.7705424,788.5530307,696.2665975,553.3526422,573.4964291,579.6633457
run29,594.4488326,511.4015551,574.0540467,573.4168579,526.1816959,526.2710345,574.2401603,532.0981632,565.337618,604.712447,521.7531162,529.0556561,597.456597,560.8621777,534.4376612,552.6373658,576.0008967,561.9298088,531.4139686,552.8344986,548.0933337,577.2613512,561.166801,542.3156024,549.0399124,513.2433374,534.7373114,494.2760047,520.0024872,520.7013272,508.2360853,501.3108241,519.5884377,494.3745485,536.6119585,509.6567313,543.9573247,532.1438388,552.4649898,525.0675179,518.9794601,518.393582,487.1103328,486.4605211,516.2566331,523.9801919,491.2989103,521.2266911,533.0819203,529.3492999,496.0756732,532.4866561,526.248697,520.8325688,531.9840085,502.5910779,503.8164615,548.7968883,531.8927199,528.8525551,517.161062,549.2588181,550.0629681,527.5923107,517.2905249,514.4785801,517.7441559,491.3573218,542.4342346,492.1960818,537.4726591,507.3418161,503.0601031,552.8098494,532.9902545,562.2610903,542.8379729,531.3911924,508.569642,515.9773316,521.1828703,599.1890248,510.8537001,509.572944,537.0768595,567.9532433,543.6710941,529.8922686,540.3774103,542.1496043,550.6982012,535.6382815,599.1890248,533.013168,496.2742385,524.6453665,543.4089806,546.715729,534.8757248,537.2397652,516.3641373,539.4839136,549.6727833,541.4866271,533.4718515,524.6897715,515.4196342,576.9927076,542.3156024,474.4535168,534.0233149,537.3096122,569.4662549,497.409103,534.3455286,558.6886852,512.7763473,539.6013101,590.9355751,533.7244641,541.9837079,576.0811867,514.8203837,528.6045321,562.3120913,552.2189249,544.8417693,501.4527523,517.6360764,549.088543,556.2074066,531.0270388,550.3804014,513.4558869,530.3455942,591.5276384,539.6717725,515.6554359,530.617962,511.2961071,531.2773408,553.3279467,512.5219834,531.4139686,534.7142494,552.8344986,530.617962,548.7483093,496.4133288,548.0206551,546.1618123,515.2268659,547.7059372,532.2580622,530.6633839,537.8923775,533.1277649,542.1258986,640.8776647,574.2401603,567.7451828,543.0995357,527.0092366,572.913419,535.5226029,545.6810572,543.4327987,567.095975,562.0571785,579.8531148,563.231695,556.2323599,551.5311077,548.1660315,562.3120913,577.1807319,512.6067433,543.7426235,490.2304892,539.225821,547.7059372,543.1709148,566.422372,572.1467144,579.6633457,547.1983097,482.5789857,556.5819403,520.1770212,534.3685588,579.6633457,565.0799554,634.5148056,558.5125141,515.5267901,558.2610339,560.4311938,567.095975,516.5147184,524.1352484,544.0289294,532.8070177,544.3633343,589.5867279,576.9927076,573.4964291,543.7187783,553.3526422,726.0728099,538.827436,548.0448792,551.0408578,557.7838448,564.1799828,625.6771953,551.7029013,594.9908485,573.4964291,609.49854,556.7568953,630.5777287,586.9352065,568.2135335,590.9637417,568.2656202,571.1188586,501.3716406,543.1233267,726.0728099,585.4939224,571.6982202,584.39005,568.2656202,654.9268027,565.9828039,589.5306596,572.5694699,567.4853214,488.1267441,650.7331812,634.5148056,537.5891819,522.4346579,532.6467887,584.39005,687.6168433,585.7705424,788.5530307,553.3526422,573.7352754,600.9606564
run30,573.7352754,527.5923107,517.2905249,548.7968883,529.3492999,537.5891819,543.9573247,548.7483093,474.4535168,534.0233149,549.0399124,537.3096122,569.4662549,543.6710941,534.3455286,539.6717725,543.1709148,531.4139686,513.4558869,726.0728099,542.8379729,531.4139686,597.456597,515.4196342,523.9801919,532.4866561,549.6727833,496.0756732,509.6567313,520.0024872,526.248697,520.8325688,531.3911924,503.8164615,528.8525551,517.161062,534.7373114,536.6119585,516.2566331,514.8203837,532.1438388,534.8757248,539.4839136,546.715729,519.5884377,543.4327987,512.7763473,507.3418161,542.3156024,533.013168,537.2397652,530.617962,514.4785801,548.0206551,534.7142494,552.8344986,562.2610903,531.9840085,524.6897715,518.393582,494.3745485,531.8927199,542.1496043,561.166801,549.2588181,552.8098494,552.4649898,509.572944,513.2433374,540.3774103,550.6982012,517.7441559,542.3156024,537.0768595,525.0675179,599.1890248,549.088543,541.4866271,497.409103,550.3804014,501.3716406,524.6453665,543.4089806,558.6886852,537.4726591,567.095975,521.1828703,541.9837079,529.8922686,550.0629681,487.1103328,556.2074066,539.225821,567.9532433,494.2760047,520.7013272,510.8537001,526.1816959,572.6223583,526.2710345,574.2401603,492.1960818,533.4718515,576.9927076,532.9902545,508.569642,515.9773316,531.0270388,544.8417693,565.337618,503.0601031,535.5226029,511.4015551,574.0540467,533.7244641,486.4605211,528.6045321,516.3641373,553.3526422,547.7059372,558.5125141,517.6360764,585.4939224,571.6982202,491.3573218,542.4342346,576.0811867,512.5219834,543.7426235,552.2189249,545.6810572,527.0092366,579.8531148,518.9794601,529.0556561,576.0008967,561.9298088,496.4133288,530.3455942,548.0933337,560.8621777,546.1618123,687.6168433,532.0981632,521.7531162,534.4376612,552.6373658,544.7938879,535.6382815,543.0995357,560.4311938,502.5910779,556.2323599,590.9637417,599.1890248,516.5147184,524.1352484,532.8070177,552.8344986,544.0289294,515.6554359,531.2773408,553.3279467,542.1258986,604.712447,567.7451828,491.2989103,521.2266911,533.0819203,530.617962,511.2961071,556.7568953,551.0408578,515.5267901,558.2610339,543.7187783,567.095975,577.1807319,537.8923775,562.0571785,572.1467144,551.7029013,547.1983097,577.2613512,501.3108241,496.2742385,533.1277649,573.4964291,482.5789857,590.9355751,562.3120913,585.7705424,520.1770212,534.3685588,579.6633457,589.5867279,556.5819403,565.0799554,576.9927076,574.2401603,490.2304892,547.7059372,508.2360853,543.1233267,634.5148056,544.3633343,654.9268027,501.4527523,538.827436,548.0448792,566.422372,579.6633457,532.2580622,530.6633839,551.5311077,515.2268659,584.39005,635.1974641,557.7838448,564.1799828,539.6013101,630.5777287,594.4488326,586.9352065,512.6067433,568.2135335,572.913419,563.231695,571.1188586,568.2656202,572.5694699,591.5276384,625.6771953,568.2656202,589.5306596,640.8776647,594.9908485,567.4853214,634.5148056,488.1267441,650.7331812,584.39005,726.0728099,522.4346579,565.9828039,532.6467887,585.7705424,788.5530307,696.2665975,553.3526422,600.9606564
run31,568.2656202,561.9298088,509.6567313,520.8325688,528.8525551,534.7373114,537.2397652,516.2566331,486.4605211,534.8757248,549.2588181,520.0024872,536.6119585,531.9840085,518.393582,532.1438388,561.166801,515.9773316,529.8922686,546.715729,549.6727833,532.4866561,523.9801919,517.161062,524.6453665,542.1496043,535.5226029,491.2989103,558.5125141,543.6710941,562.2610903,531.3911924,542.3156024,512.7763473,543.4327987,599.1890248,521.1828703,519.5884377,541.9837079,533.0819203,510.8537001,535.6382815,528.6045321,547.1983097,552.4649898,530.3455942,599.1890248,543.4089806,539.4839136,540.3774103,514.8203837,558.2610339,590.9355751,521.2266911,508.569642,527.5923107,548.7483093,494.3745485,531.8927199,516.3641373,556.2323599,550.6982012,562.3120913,573.4168579,533.7244641,502.5910779,557.7838448,517.2905249,527.0092366,545.6810572,512.6067433,529.3492999,553.3526422,507.3418161,533.013168,524.6897715,539.225821,515.4196342,542.8379729,474.4535168,534.3455286,548.1660315,549.0399124,537.3096122,569.4662549,539.6717725,531.4139686,552.8344986,543.9573247,549.088543,534.0233149,576.9927076,567.095975,550.3804014,509.572944,513.2433374,497.409103,542.3156024,556.2074066,546.1618123,558.6886852,514.4785801,537.4726591,532.9902545,530.617962,537.0768595,552.2189249,565.337618,525.0675179,494.2760047,520.7013272,517.7441559,550.0629681,539.6013101,531.0270388,513.4558869,551.7029013,517.6360764,585.4939224,526.2710345,526.1816959,574.2401603,534.3685588,520.1770212,538.827436,600.9606564,531.4139686,597.456597,565.0799554,492.1960818,533.4718515,491.3573218,542.4342346,576.0811867,518.9794601,552.8098494,503.0601031,576.0008967,571.6982202,572.6223583,496.4133288,591.5276384,609.49854,548.0206551,547.7059372,687.6168433,532.0981632,521.7531162,534.4376612,516.5147184,524.1352484,552.8344986,544.0289294,511.4015551,574.0540467,529.0556561,532.8070177,560.8621777,552.6373658,548.0933337,567.9532433,512.5219834,534.7142494,515.6554359,531.2773408,553.3279467,542.1258986,577.2613512,544.7938879,544.8417693,501.4527523,560.4311938,543.7426235,503.8164615,567.7451828,543.0995357,511.2961071,604.712447,515.5267901,567.095975,573.4964291,487.1103328,541.4866271,594.4488326,579.8531148,548.7968883,508.2360853,572.1467144,515.2268659,551.0408578,501.3108241,496.0756732,543.1709148,572.913419,537.8923775,562.3120913,634.5148056,579.6633457,482.5789857,589.5867279,585.7705424,577.1807319,562.0571785,574.2401603,490.2304892,533.1277649,548.0448792,566.422372,576.9927076,654.9268027,544.3633343,634.5148056,630.5777287,635.1974641,543.7187783,584.39005,564.1799828,573.4964291,532.6467887,530.617962,563.231695,726.0728099,586.9352065,568.2135335,571.1188586,568.2656202,572.5694699,547.7059372,556.7568953,501.3716406,640.8776647,567.4853214,543.1233267,589.5306596,594.9908485,625.6771953,532.2580622,530.6633839,488.1267441,650.7331812,726.0728099,584.39005,537.5891819,522.4346579,565.9828039,585.7705424,788.5530307,696.2665975,553.3526422,573.7352754,579.6633457
run32,537.5891819,548.1660315,527.5923107,543.9573247,512.7763473,543.4327987,501.3108241,487.1103328,531.9840085,496.2742385,514.4785801,530.3455942,532.4866561,515.5267901,542.3156024,599.1890248,528.8525551,549.6727833,515.6554359,530.617962,514.8203837,549.2588181,503.0601031,531.2773408,537.4726591,516.2566331,532.1438388,542.3156024,572.6223583,553.3279467,552.8098494,533.013168,536.6119585,518.9794601,531.3911924,550.0629681,534.7373114,546.1618123,548.0206551,517.161062,524.6453665,542.1496043,552.4649898,585.4939224,526.248697,520.8325688,537.2397652,546.715729,532.9902545,515.4196342,539.225821,542.8379729,548.0933337,542.4342346,561.166801,523.9801919,521.1828703,534.8757248,507.3418161,599.1890248,519.5884377,531.0270388,567.9532433,573.4168579,520.0024872,539.4839136,529.8922686,494.3745485,531.8927199,543.4089806,537.0768595,576.9927076,540.3774103,549.0399124,550.6982012,510.8537001,474.4535168,534.0233149,537.3096122,569.4662549,543.6710941,539.6717725,513.4558869,549.088543,509.572944,558.6886852,534.3455286,531.4139686,552.8344986,524.6897715,541.4866271,529.3492999,574.0540467,517.7441559,513.2433374,502.5910779,525.0675179,494.2760047,520.7013272,497.409103,550.3804014,556.2074066,516.3641373,515.9773316,562.2610903,492.1960818,491.3573218,533.4718515,591.5276384,496.4133288,512.5219834,534.7142494,576.0811867,597.456597,594.4488326,508.569642,535.5226029,486.4605211,509.6567313,543.7426235,515.2268659,567.095975,527.0092366,545.6810572,558.2610339,687.6168433,517.6360764,572.1467144,533.7244641,544.8417693,560.4311938,542.1258986,537.8923775,544.7938879,491.2989103,521.2266911,533.0819203,558.5125141,528.6045321,556.2323599,526.2710345,526.1816959,574.2401603,565.337618,516.5147184,524.1352484,532.8070177,567.095975,531.4139686,552.8344986,576.0008967,535.6382815,561.9298088,544.0289294,560.8621777,511.2961071,574.2401603,556.7568953,590.9355751,529.0556561,543.7187783,518.393582,533.1277649,541.9837079,577.1807319,609.49854,521.7531162,532.0981632,534.4376612,552.6373658,543.0995357,567.7451828,548.7968883,562.3120913,562.0571785,571.6982202,585.7705424,547.1983097,553.3526422,530.617962,548.7483093,482.5789857,563.231695,551.0408578,577.2613512,562.3120913,503.8164615,547.7059372,490.2304892,543.1709148,556.5819403,496.0756732,520.1770212,534.3685588,600.9606564,565.0799554,501.3716406,543.1233267,532.2580622,530.6633839,508.2360853,566.422372,634.5148056,551.5311077,548.0448792,634.5148056,501.4527523,576.9927076,604.712447,654.9268027,589.5867279,584.39005,573.4964291,579.8531148,630.5777287,557.7838448,635.1974641,538.827436,539.6013101,564.1799828,512.6067433,590.9637417,551.7029013,572.913419,568.2135335,532.6467887,586.9352065,726.0728099,568.2656202,571.1188586,544.3633343,572.5694699,568.2656202,640.8776647,567.4853214,589.5306596,625.6771953,594.9908485,511.4015551,488.1267441,650.7331812,726.0728099,584.39005,522.4346579,565.9828039,585.7705424,788.5530307,696.2665975,553.3526422,573.4964291,579.6633457
run33,543.1233267,564.1799828,537.0768595,552.2189249,518.9794601,491.3573218,496.4133288,788.5530307,520.0024872,531.8927199,509.6567313,516.2566331,487.1103328,523.9801919,503.8164615,515.5267901,517.161062,532.4866561,514.8203837,549.2588181,542.3156024,546.715729,514.4785801,491.2989103,532.0981632,597.456597,537.4726591,507.3418161,533.013168,524.6453665,543.4089806,542.1496043,599.1890248,550.6982012,539.4839136,577.2613512,560.4311938,515.4196342,576.9927076,532.1438388,609.49854,508.569642,521.1828703,549.0399124,534.7373114,528.8525551,561.166801,558.2610339,542.4342346,521.2266911,533.0819203,515.9773316,482.5789857,532.9902545,512.7763473,531.3911924,536.6119585,530.617962,474.4535168,534.0233149,599.1890248,542.8379729,502.5910779,537.3096122,565.337618,569.4662549,543.6710941,526.248697,534.8757248,520.8325688,529.8922686,515.6554359,552.8098494,537.2397652,496.2742385,567.9532433,509.572944,503.0601031,529.3492999,548.0933337,552.6373658,534.3455286,526.1816959,526.2710345,544.0289294,574.0540467,574.2401603,558.6886852,528.6045321,541.9837079,497.409103,556.2074066,550.3804014,542.3156024,517.6360764,549.088543,548.1660315,492.1960818,512.5219834,531.2773408,553.3279467,513.4558869,530.3455942,560.8621777,542.1258986,726.0728099,539.6717725,547.7059372,567.095975,573.4168579,518.393582,531.4139686,513.2433374,552.8344986,521.7531162,516.5147184,562.2610903,524.1352484,576.0008967,524.6897715,535.6382815,529.0556561,561.9298088,533.7244641,531.0270388,486.4605211,534.4376612,532.8070177,535.5226029,543.0995357,573.4964291,543.7426235,539.225821,572.6223583,531.4139686,552.8344986,534.7142494,541.4866271,550.0629681,558.5125141,519.5884377,531.9840085,544.8417693,525.0675179,517.7441559,543.9573247,494.2760047,527.5923107,530.617962,517.2905249,544.7938879,533.1277649,552.4649898,515.2268659,567.7451828,545.6810572,494.3745485,634.5148056,567.095975,562.3120913,548.0206551,546.1618123,551.0408578,572.1467144,537.8923775,539.6013101,501.4527523,547.1983097,553.3526422,562.0571785,577.1807319,585.4939224,585.7705424,556.2323599,510.8537001,556.5819403,576.0811867,543.4327987,553.3526422,534.3685588,516.3641373,496.0756732,562.3120913,579.6633457,511.2961071,574.2401603,604.712447,490.2304892,548.7483093,551.7029013,520.7013272,508.2360853,547.7059372,576.9927076,590.9355751,566.422372,565.0799554,501.3108241,579.8531148,527.0092366,543.7187783,532.2580622,530.6633839,551.5311077,548.0448792,512.6067433,538.827436,548.7968883,589.5867279,584.39005,557.7838448,594.4488326,586.9352065,635.1974641,571.1188586,568.2135335,594.9908485,556.7568953,544.3633343,563.231695,726.0728099,568.2656202,573.4964291,572.5694699,625.6771953,589.5306596,591.5276384,511.4015551,501.3716406,568.2656202,543.1709148,584.39005,565.9828039,567.4853214,640.8776647,634.5148056,571.6982202,654.9268027,537.5891819,522.4346579,630.5777287,532.6467887,590.9637417,488.1267441,650.7331812,585.7705424,687.6168433,696.2665975,520.1770212,573.7352754,600.9606564
run34,520.7013272,517.7441559,491.3573218,532.6467887,519.5884377,591.5276384,543.4327987,726.0728099,494.2760047,529.3492999,513.2433374,567.9532433,509.572944,531.9840085,549.0399124,518.393582,541.9837079,531.8927199,550.6982012,534.7373114,540.3774103,542.4342346,501.3108241,509.6567313,516.2566331,526.248697,534.8757248,537.4726591,552.2189249,532.1438388,531.3911924,520.8325688,537.2397652,525.0675179,543.9573247,494.3745485,517.161062,543.4089806,549.2588181,558.6886852,542.3156024,512.7763473,491.2989103,521.2266911,487.1103328,496.0756732,503.8164615,573.4168579,543.6710941,542.3156024,528.8525551,533.0819203,562.2610903,528.6045321,496.2742385,524.6453665,542.1496043,546.715729,537.0768595,507.3418161,533.013168,561.166801,535.6382815,539.4839136,527.5923107,517.2905249,532.4866561,503.0601031,515.4196342,576.9927076,474.4535168,550.3804014,542.8379729,534.3455286,534.0233149,537.3096122,569.4662549,539.6717725,548.1660315,533.7244641,536.6119585,541.4866271,497.409103,556.2074066,517.6360764,549.088543,518.9794601,531.0270388,549.6727833,514.8203837,523.9801919,508.569642,515.9773316,521.1828703,532.9902545,599.1890248,530.617962,548.0206551,524.6897715,533.4718515,486.4605211,585.4939224,492.1960818,552.8098494,496.4133288,512.5219834,576.0811867,546.1618123,531.4139686,552.8344986,550.0629681,552.4649898,558.5125141,529.8922686,567.095975,539.225821,594.4488326,535.5226029,609.49854,590.9355751,520.0024872,526.2710345,526.1816959,574.2401603,577.1807319,511.4015551,544.3633343,565.337618,579.8531148,604.712447,562.3120913,531.4139686,529.0556561,576.0008967,501.4527523,571.6982202,560.8621777,544.7938879,579.6633457,502.5910779,548.0933337,548.7483093,537.8923775,532.0981632,521.7531162,534.4376612,552.6373658,544.8417693,561.9298088,515.5267901,558.2610339,567.095975,552.8344986,543.0995357,573.4964291,547.1983097,567.7451828,556.2323599,508.2360853,553.3526422,543.7187783,562.3120913,547.7059372,539.6013101,545.6810572,788.5530307,572.1467144,520.1770212,534.3685588,579.6633457,577.2613512,560.4311938,551.0408578,543.1709148,513.4558869,530.3455942,634.5148056,515.6554359,531.2773408,542.1258986,553.3279467,516.5147184,524.1352484,532.8070177,544.0289294,574.0540467,589.5867279,510.8537001,562.0571785,482.5789857,576.9927076,530.617962,533.1277649,556.5819403,599.1890248,516.3641373,538.827436,548.0448792,572.6223583,527.0092366,512.6067433,551.7029013,543.7426235,547.7059372,511.2961071,574.2401603,566.422372,551.5311077,490.2304892,557.7838448,584.39005,564.1799828,573.4964291,548.7968883,635.1974641,515.2268659,586.9352065,568.2135335,594.9908485,563.231695,568.2656202,572.5694699,571.1188586,585.7705424,726.0728099,565.9828039,567.4853214,568.2656202,589.5306596,625.6771953,556.7568953,501.3716406,584.39005,532.2580622,530.6633839,640.8776647,654.9268027,543.1233267,634.5148056,537.5891819,630.5777287,522.4346579,590.9637417,488.1267441,650.7331812,585.7705424,687.6168433,696.2665975,553.3526422,573.7352754,600.9606564
run35,591.5276384,509.6567313,486.4605211,531.0270388,548.7483093,482.5789857,496.2742385,561.9298088,546.715729,537.2397652,526.248697,515.5267901,528.8525551,534.7373114,531.9840085,536.6119585,532.1438388,549.6727833,532.4866561,529.8922686,518.393582,517.161062,520.0024872,547.1983097,514.8203837,543.0995357,523.9801919,530.617962,534.8757248,524.6453665,543.4089806,572.6223583,491.2989103,542.3156024,543.6710941,521.2266911,507.3418161,548.0206551,533.013168,533.0819203,549.2588181,518.9794601,543.4327987,512.7763473,542.3156024,542.4342346,531.3911924,528.6045321,634.5148056,515.9773316,535.5226029,524.6897715,539.4839136,537.0768595,516.3641373,515.6554359,532.9902545,514.4785801,546.1618123,552.4649898,561.166801,534.0233149,542.8379729,515.4196342,548.1660315,539.225821,549.0399124,599.1890248,540.3774103,542.1496043,520.8325688,573.4168579,511.2961071,494.2760047,517.7441559,529.3492999,509.572944,558.6886852,525.0675179,513.2433374,541.4866271,497.409103,534.3455286,474.4535168,565.337618,537.3096122,569.4662549,531.8927199,566.422372,539.6717725,550.6982012,556.2074066,567.9532433,520.7013272,548.7968883,519.5884377,550.3804014,533.7244641,574.0540467,576.9927076,538.827436,537.4726591,541.9837079,552.2189249,517.2905249,527.0092366,573.4964291,515.2268659,545.6810572,521.1828703,549.088543,531.2773408,531.4139686,552.8344986,556.7568953,494.3745485,567.095975,534.7142494,543.9573247,503.0601031,552.8098494,558.5125141,544.7938879,597.456597,558.2610339,502.5910779,537.8923775,508.569642,535.6382815,551.0408578,527.5923107,516.5147184,567.095975,560.4311938,590.9355751,550.0629681,599.1890248,553.3526422,530.617962,533.1277649,556.2323599,562.3120913,510.8537001,512.6067433,490.2304892,542.1258986,574.2401603,562.2610903,544.8417693,524.1352484,553.3279467,562.0571785,532.8070177,531.4139686,552.8344986,526.2710345,526.1816959,574.2401603,529.0556561,534.3685588,553.3526422,560.8621777,547.7059372,543.7187783,551.5311077,517.6360764,571.6982202,508.2360853,521.7531162,532.0981632,534.4376612,552.6373658,548.0933337,567.7451828,594.4488326,572.1467144,562.3120913,539.6013101,501.4527523,533.4718515,491.3573218,492.1960818,543.7426235,512.5219834,496.4133288,609.49854,577.1807319,579.6633457,579.6633457,503.8164615,576.0811867,556.5819403,511.4015551,577.2613512,604.712447,579.8531148,496.0756732,487.1103328,547.7059372,530.3455942,513.4558869,551.7029013,543.1709148,726.0728099,586.9352065,589.5867279,654.9268027,576.9927076,501.3108241,585.7705424,548.0448792,565.0799554,635.1974641,544.3633343,594.9908485,625.6771953,557.7838448,564.1799828,590.9637417,543.1233267,572.913419,565.9828039,585.4939224,630.5777287,573.7352754,568.2656202,568.2135335,563.231695,589.5306596,726.0728099,568.2656202,571.1188586,501.3716406,584.39005,572.5694699,567.4853214,488.1267441,650.7331812,532.2580622,530.6633839,634.5148056,584.39005,537.5891819,522.4346579,687.6168433,585.7705424,788.5530307,696.2665975,520.1770212,573.4964291,600.9606564
run36,548.7968883,599.1890248,529.8922686,550.6982012,515.5267901,517.161062,524.6453665,514.8203837,571.1188586,534.7373114,549.2588181,599.1890248,521.1828703,508.569642,486.4605211,532.1438388,534.8757248,512.6067433,543.4089806,542.1496043,546.715729,533.013168,519.5884377,579.8531148,507.3418161,539.4839136,552.8098494,549.6727833,532.4866561,496.2742385,503.0601031,550.0629681,523.9801919,516.2566331,536.6119585,515.4196342,539.225821,548.1660315,543.9573247,515.9773316,535.5226029,520.0024872,527.5923107,528.8525551,549.0399124,526.248697,490.2304892,517.7441559,517.6360764,537.4726591,543.7426235,514.4785801,515.6554359,531.2773408,531.4139686,534.7142494,552.8344986,539.6013101,562.2610903,548.0206551,531.9840085,494.3745485,532.9902545,524.6897715,520.8325688,537.2397652,542.1258986,516.3641373,561.166801,546.1618123,558.6886852,552.4649898,560.4311938,527.0092366,533.1277649,531.8927199,553.3279467,567.9532433,508.2360853,517.2905249,525.0675179,549.088543,541.4866271,574.2401603,511.2961071,512.7763473,543.6710941,521.2266911,531.3911924,542.8379729,520.7013272,530.617962,537.0768595,492.1960818,576.9927076,515.2268659,540.3774103,558.5125141,572.913419,528.6045321,541.9837079,585.4939224,491.2989103,533.0819203,542.3156024,545.6810572,509.572944,552.2189249,513.2433374,474.4535168,569.4662549,534.0233149,539.6717725,534.3455286,497.409103,556.2074066,565.337618,574.0540467,533.4718515,491.3573218,542.4342346,518.9794601,537.3096122,512.5219834,496.4133288,590.9355751,510.8537001,531.0270388,576.0811867,529.3492999,594.4488326,567.095975,509.6567313,542.3156024,550.3804014,537.8923775,502.5910779,543.0995357,573.4168579,558.2610339,597.456597,572.1467144,544.7938879,543.4327987,547.7059372,494.2760047,513.4558869,530.3455942,551.7029013,591.5276384,687.6168433,518.393582,544.8417693,526.2710345,526.1816959,574.2401603,561.9298088,516.5147184,524.1352484,532.8070177,544.0289294,560.8621777,531.4139686,552.8344986,576.0008967,548.0933337,543.7187783,535.6382815,529.0556561,553.3526422,521.7531162,532.0981632,534.4376612,552.6373658,567.7451828,501.4527523,609.49854,568.2135335,562.0571785,548.7483093,487.1103328,571.6982202,567.095975,585.7705424,562.3120913,547.1983097,547.7059372,577.1807319,551.0408578,503.8164615,604.712447,563.231695,543.1709148,556.5819403,496.0756732,579.6633457,551.5311077,482.5789857,634.5148056,576.9927076,548.0448792,566.422372,654.9268027,572.6223583,553.3526422,534.3685588,600.9606564,577.2613512,565.0799554,589.5867279,630.5777287,634.5148056,573.4964291,584.39005,557.7838448,635.1974641,564.1799828,538.827436,590.9637417,532.6467887,586.9352065,726.0728099,573.7352754,568.2656202,572.5694699,568.2656202,556.7568953,501.3716406,544.3633343,640.8776647,567.4853214,543.1233267,589.5306596,625.6771953,594.9908485,532.2580622,530.6633839,511.4015551,488.1267441,650.7331812,726.0728099,584.39005,537.5891819,522.4346579,565.9828039,585.7705424,788.5530307,696.2665975,520.1770212,573.4964291,579.6633457
run37,486.4605211,521.2266911,549.6727833,532.4866561,523.9801919,527.0092366,572.913419,546.715729,501.3716406,561.166801,517.161062,534.7373114,532.1438388,491.2989103,535.6382815,533.0819203,507.3418161,530.3455942,533.013168,562.2610903,520.0024872,494.3745485,543.4089806,542.1496043,543.4327987,518.9794601,512.7763473,537.2397652,531.3911924,514.8203837,573.4168579,548.0206551,542.3156024,551.7029013,531.8927199,549.2588181,528.8525551,526.248697,534.8757248,543.6710941,514.4785801,537.4726591,532.9902545,521.1828703,534.7142494,542.3156024,546.1618123,540.3774103,530.617962,515.6554359,599.1890248,552.8098494,550.6982012,599.1890248,508.569642,537.0768595,541.9837079,531.2773408,542.4342346,528.6045321,562.3120913,535.5226029,515.9773316,529.8922686,539.4839136,536.6119585,516.2566331,572.1467144,557.7838448,531.9840085,519.5884377,552.4649898,533.7244641,553.3279467,503.8164615,590.9355751,572.6223583,512.6067433,558.5125141,542.1258986,547.7059372,545.6810572,556.2323599,531.0270388,492.1960818,491.3573218,496.4133288,512.5219834,533.4718515,788.5530307,552.2189249,509.6567313,569.4662549,521.7531162,534.4376612,552.6373658,544.8417693,597.456597,558.2610339,502.5910779,543.7426235,609.49854,516.5147184,524.1352484,532.8070177,544.0289294,532.0981632,565.337618,542.8379729,548.0933337,549.0399124,526.1816959,604.712447,577.1807319,567.095975,515.5267901,560.4311938,543.7187783,726.0728099,515.4196342,526.2710345,567.9532433,577.2613512,560.8621777,539.225821,474.4535168,534.0233149,534.3455286,509.572944,529.3492999,513.4558869,550.3804014,558.6886852,537.3096122,574.2401603,497.409103,556.2074066,517.6360764,539.6717725,548.1660315,531.4139686,552.8344986,529.0556561,513.2433374,524.6897715,503.0601031,531.4139686,552.8344986,543.0995357,573.4964291,567.095975,525.0675179,541.4866271,594.4488326,543.9573247,527.5923107,517.2905249,550.0629681,517.7441559,494.2760047,544.7938879,567.7451828,530.617962,561.9298088,553.3526422,518.393582,510.8537001,533.1277649,585.4939224,501.4527523,496.2742385,543.1709148,576.0811867,549.088543,547.1983097,591.5276384,548.7483093,562.3120913,520.1770212,534.3685588,565.0799554,579.6633457,551.0408578,544.3633343,589.5867279,516.3641373,501.3108241,634.5148056,496.0756732,511.2961071,566.422372,490.2304892,539.6013101,574.2401603,515.2268659,537.8923775,556.5819403,576.9927076,547.7059372,508.2360853,520.7013272,562.0571785,579.8531148,574.0540467,482.5789857,538.827436,548.0448792,532.2580622,530.6633839,551.5311077,584.39005,564.1799828,579.6633457,548.7968883,573.7352754,635.1974641,568.2135335,594.9908485,563.231695,556.7568953,571.1188586,568.2656202,572.5694699,585.7705424,625.6771953,532.6467887,586.9352065,726.0728099,565.9828039,568.2656202,589.5306596,511.4015551,584.39005,567.4853214,640.8776647,543.1233267,634.5148056,571.6982202,654.9268027,537.5891819,630.5777287,522.4346579,590.9637417,488.1267441,650.7331812,585.7705424,687.6168433,696.2665975,553.3526422,573.4964291,600.9606564
run38,544.3633343,552.8344986,579.8531148,524.6453665,546.715729,543.4089806,542.1496043,501.3716406,517.161062,528.8525551,540.3774103,550.6982012,536.6119585,531.9840085,518.393582,534.7373114,534.8757248,537.2397652,549.2588181,520.8325688,532.1438388,529.8922686,532.4866561,526.248697,516.2566331,520.0024872,549.6727833,531.0270388,535.5226029,527.0092366,523.9801919,539.225821,524.6897715,533.013168,546.1618123,548.0206551,514.4785801,537.4726591,515.6554359,531.2773408,530.617962,552.8344986,542.4342346,518.9794601,634.5148056,532.9902545,516.3641373,501.4527523,561.166801,515.4196342,576.9927076,507.3418161,552.4649898,537.0768595,519.5884377,542.3156024,533.0819203,543.9573247,521.2266911,521.1828703,494.3745485,531.8927199,486.4605211,525.0675179,520.7013272,572.913419,517.7441559,558.6886852,534.7142494,567.9532433,494.2760047,549.0399124,541.4866271,492.1960818,491.3573218,533.4718515,512.5219834,496.4133288,552.8098494,553.3279467,488.1267441,594.4488326,563.231695,590.9355751,530.3455942,551.7029013,547.1983097,535.6382815,635.1974641,513.4558869,591.5276384,599.1890248,539.4839136,543.6710941,508.569642,509.572944,513.2433374,552.2189249,542.8379729,560.4311938,541.9837079,531.3911924,576.0811867,529.3492999,543.4327987,562.2610903,512.7763473,528.6045321,562.3120913,788.5530307,544.8417693,543.0995357,561.9298088,548.0933337,497.409103,550.3804014,565.337618,527.5923107,474.4535168,537.3096122,569.4662549,534.0233149,526.1816959,597.456597,517.2905249,556.2074066,503.0601031,511.4015551,604.712447,503.8164615,548.1660315,509.6567313,599.1890248,515.5267901,543.7187783,558.2610339,577.2613512,573.4168579,542.3156024,510.8537001,558.5125141,514.8203837,572.1467144,521.7531162,532.0981632,552.6373658,534.4376612,567.7451828,545.6810572,544.7938879,543.7426235,550.0629681,542.1258986,517.6360764,549.088543,547.7059372,562.0571785,502.5910779,562.3120913,539.6717725,534.3455286,533.7244641,567.095975,556.2323599,564.1799828,553.3526422,548.7483093,487.1103328,530.617962,496.2742385,585.4939224,526.2710345,576.0008967,529.0556561,560.8621777,577.1807319,574.2401603,585.7705424,508.2360853,516.5147184,524.1352484,532.8070177,544.0289294,574.0540467,501.3108241,511.2961071,490.2304892,574.2401603,539.6013101,515.2268659,547.7059372,532.2580622,537.8923775,530.6633839,512.6067433,543.1709148,551.5311077,556.5819403,553.3526422,534.3685588,579.6633457,482.5789857,576.9927076,589.5867279,566.422372,565.0799554,609.49854,531.4139686,573.4964291,634.5148056,572.6223583,548.0448792,579.6633457,538.827436,531.4139686,594.9908485,548.7968883,557.7838448,625.6771953,551.0408578,571.1188586,568.2135335,543.1233267,556.7568953,726.0728099,568.2656202,573.4964291,532.6467887,586.9352065,726.0728099,589.5306596,568.2656202,565.9828039,584.39005,572.5694699,630.5777287,567.4853214,640.8776647,571.6982202,654.9268027,584.39005,537.5891819,522.4346579,590.9637417,650.7331812,585.7705424,687.6168433,696.2665975,520.1770212,573.7352754,600.9606564
run39,535.5226029,508.569642,539.6013101,529.8922686,542.3156024,482.5789857,494.3745485,520.8325688,502.5910779,560.4311938,524.6453665,542.1496043,549.2588181,540.3774103,501.3716406,546.715729,517.161062,549.6727833,523.9801919,532.4866561,531.8927199,534.7373114,528.8525551,532.1438388,491.2989103,543.6710941,535.6382815,547.1983097,507.3418161,533.013168,542.3156024,562.2610903,543.4327987,542.4342346,599.1890248,521.1828703,533.0819203,512.7763473,534.0233149,543.9573247,543.4089806,530.3455942,551.7029013,531.3911924,541.9837079,528.6045321,562.3120913,552.4649898,531.9840085,531.0270388,537.2397652,516.2566331,561.166801,516.3641373,526.248697,534.8757248,517.2905249,599.1890248,519.5884377,556.2323599,514.8203837,542.8379729,521.2266911,514.4785801,537.4726591,524.6897715,515.4196342,539.225821,548.1660315,549.0399124,525.0675179,558.6886852,517.7441559,541.4866271,532.9902545,503.0601031,552.8098494,549.088543,579.8531148,515.6554359,531.2773408,567.9532433,530.617962,536.6119585,550.6982012,511.2961071,530.617962,550.0629681,537.0768595,527.0092366,548.0206551,520.0024872,576.9927076,551.0408578,509.572944,552.2189249,539.6717725,474.4535168,569.4662549,513.4558869,531.4139686,552.8344986,550.3804014,513.2433374,497.409103,556.2074066,558.5125141,565.337618,486.4605211,545.6810572,517.6360764,547.7059372,537.3096122,542.1258986,544.7938879,544.0289294,585.4939224,590.9355751,567.095975,574.2401603,572.913419,533.7244641,534.3455286,537.8923775,534.7142494,546.1618123,509.6567313,492.1960818,553.3279467,533.4718515,491.3573218,512.5219834,576.0811867,529.3492999,496.4133288,518.9794601,594.4488326,572.1467144,597.456597,543.7426235,533.1277649,510.8537001,591.5276384,526.2710345,526.1816959,574.2401603,511.4015551,574.0540467,577.1807319,573.4168579,548.0933337,531.4139686,529.0556561,576.0008967,516.5147184,567.095975,552.8344986,524.1352484,532.8070177,560.8621777,527.5923107,494.2760047,604.712447,553.3526422,687.6168433,561.9298088,544.8417693,496.2742385,609.49854,567.7451828,518.393582,521.7531162,532.0981632,534.4376612,552.6373658,543.0995357,515.5267901,558.2610339,573.4964291,543.7187783,548.7483093,571.6982202,508.2360853,512.6067433,496.0756732,577.2613512,562.3120913,579.6633457,487.1103328,543.1709148,585.7705424,490.2304892,547.7059372,503.8164615,556.5819403,557.7838448,553.3526422,534.3685588,579.6633457,544.3633343,589.5867279,566.422372,532.2580622,530.6633839,551.5311077,515.2268659,501.4527523,634.5148056,576.9927076,501.3108241,548.7968883,562.0571785,630.5777287,548.0448792,654.9268027,572.6223583,634.5148056,625.6771953,538.827436,635.1974641,564.1799828,556.7568953,571.1188586,563.231695,532.6467887,586.9352065,726.0728099,568.2135335,568.2656202,573.4964291,568.2656202,640.8776647,543.1233267,589.5306596,584.39005,594.9908485,572.5694699,567.4853214,488.1267441,650.7331812,537.5891819,726.0728099,584.39005,522.4346579,565.9828039,585.7705424,788.5530307,696.2665975,520.1770212,573.7352754,600.9606564
run40,548.0448792,536.6119585,508.569642,503.8164615,526.248697,539.6013101,543.0995357,520.8325688,561.166801,537.2397652,549.2588181,523.9801919,516.2566331,532.4866561,517.161062,546.715729,514.8203837,531.9840085,552.4649898,532.1438388,518.393582,519.5884377,515.5267901,558.2610339,560.4311938,524.6897715,535.6382815,562.2610903,507.3418161,491.2989103,515.6554359,552.8098494,543.4327987,542.3156024,543.6710941,532.9902545,512.7763473,530.617962,518.9794601,530.3455942,599.1890248,531.2773408,533.013168,548.0206551,514.4785801,537.4726591,549.6727833,533.0819203,531.0270388,534.7373114,524.6453665,542.1496043,534.8757248,539.225821,528.8525551,521.1828703,531.3911924,599.1890248,510.8537001,543.4089806,546.1618123,539.4839136,567.095975,553.3279467,496.2742385,542.4342346,521.2266911,531.8927199,486.4605211,529.8922686,540.3774103,515.4196342,548.1660315,542.8379729,576.9927076,572.1467144,528.6045321,541.9837079,562.3120913,573.4168579,534.0233149,542.3156024,474.4535168,537.3096122,569.4662549,538.827436,513.4558869,549.088543,565.337618,549.0399124,531.4139686,552.8344986,551.7029013,541.4866271,558.6886852,550.6982012,503.0601031,543.9573247,550.0629681,527.5923107,516.3641373,509.6567313,590.9355751,502.5910779,497.409103,550.3804014,556.2074066,585.4939224,494.3745485,525.0675179,517.7441559,520.7013272,517.2905249,509.572944,513.2433374,567.9532433,539.6717725,537.0768595,556.2323599,574.0540467,492.1960818,491.3573218,533.4718515,496.4133288,512.5219834,534.7142494,576.0811867,594.4488326,552.2189249,634.5148056,573.4964291,558.5125141,515.9773316,527.0092366,543.7426235,534.3685588,520.1770212,526.2710345,526.1816959,531.4139686,597.456597,564.1799828,788.5530307,516.5147184,524.1352484,532.8070177,552.8344986,576.0008967,579.6633457,529.0556561,561.9298088,544.0289294,574.2401603,529.3492999,548.7483093,535.5226029,547.7059372,544.8417693,537.8923775,560.8621777,544.7938879,521.7531162,532.0981632,534.4376612,548.0933337,552.6373658,501.4527523,565.0799554,543.7187783,511.2961071,542.1258986,517.6360764,567.7451828,568.2135335,533.7244641,534.3455286,553.3526422,530.617962,533.1277649,572.913419,547.1983097,487.1103328,543.1709148,591.5276384,494.2760047,577.2613512,508.2360853,604.712447,551.0408578,585.7705424,556.5819403,501.3108241,577.1807319,562.0571785,609.49854,496.0756732,562.3120913,634.5148056,572.6223583,482.5789857,576.9927076,574.2401603,490.2304892,547.7059372,566.422372,551.5311077,589.5867279,579.8531148,557.7838448,594.9908485,548.7968883,515.2268659,584.39005,573.4964291,579.6633457,635.1974641,563.231695,543.1233267,544.3633343,571.1188586,726.0728099,572.5694699,532.6467887,586.9352065,726.0728099,567.4853214,625.6771953,589.5306596,568.2656202,556.7568953,501.3716406,565.9828039,511.4015551,584.39005,640.8776647,532.2580622,530.6633839,571.6982202,654.9268027,630.5777287,537.5891819,522.4346579,590.9637417,488.1267441,650.7331812,585.7705424,687.6168433,696.2665975,553.3526422,573.7352754,600.9606564
run41,544.7938879,556.5819403,537.3096122,543.6710941,535.6382815,590.9355751,509.6567313,532.1438388,496.0756732,534.7373114,573.4168579,523.9801919,528.8525551,654.9268027,532.4866561,546.715729,516.2566331,549.0399124,526.248697,534.8757248,520.8325688,517.161062,496.2742385,524.6453665,542.1496043,539.4839136,533.0819203,520.0024872,536.6119585,543.4089806,549.2588181,561.166801,531.8927199,521.2266911,540.3774103,531.9840085,519.5884377,507.3418161,533.013168,552.8098494,518.9794601,514.4785801,537.4726591,531.3911924,542.3156024,515.6554359,530.617962,531.2773408,543.4327987,532.9902545,512.7763473,541.9837079,542.4342346,530.3455942,529.8922686,537.2397652,550.6982012,599.1890248,537.0768595,515.4196342,539.225821,542.8379729,521.1828703,486.4605211,569.4662549,576.9927076,599.1890248,585.4939224,510.8537001,514.8203837,553.3279467,572.6223583,508.569642,515.9773316,552.2189249,567.9532433,529.3492999,576.0811867,528.6045321,556.2323599,541.4866271,497.409103,556.2074066,565.337618,503.0601031,474.4535168,509.572944,513.4558869,550.3804014,534.3455286,549.088543,539.6717725,534.0233149,513.2433374,558.6886852,544.0289294,574.0540467,518.393582,552.4649898,535.5226029,531.0270388,533.4718515,548.0933337,516.3641373,551.7029013,547.7059372,597.456597,517.6360764,492.1960818,491.3573218,562.3120913,512.5219834,496.4133288,548.0206551,726.0728099,531.4139686,533.7244641,552.8344986,524.6897715,562.2610903,534.7142494,550.0629681,572.1467144,543.7426235,515.2268659,526.2710345,526.1816959,574.2401603,542.1258986,546.1618123,545.6810572,527.0092366,577.1807319,501.3108241,494.3745485,502.5910779,531.4139686,553.3526422,537.8923775,494.2760047,520.7013272,543.9573247,527.5923107,525.0675179,517.7441559,511.2961071,556.7568953,529.0556561,576.0008967,516.5147184,524.1352484,532.8070177,560.8621777,552.8344986,561.9298088,517.2905249,568.2656202,544.8417693,558.5125141,560.4311938,548.7483093,567.7451828,567.095975,687.6168433,562.0571785,487.1103328,515.5267901,558.2610339,543.7187783,573.4964291,567.095975,530.617962,574.2401603,533.1277649,521.7531162,532.0981632,534.4376612,552.6373658,543.0995357,609.49854,585.7705424,548.7968883,547.1983097,577.2613512,482.5789857,551.0408578,562.3120913,520.1770212,534.3685588,579.6633457,565.0799554,503.8164615,604.712447,490.2304892,576.9927076,547.7059372,589.5867279,508.2360853,543.1233267,634.5148056,551.5311077,501.4527523,584.39005,538.827436,579.6633457,548.0448792,564.1799828,579.8531148,635.1974641,566.422372,557.7838448,594.4488326,630.5777287,571.1188586,590.9637417,539.6013101,512.6067433,568.2135335,586.9352065,563.231695,573.7352754,544.3633343,568.2656202,572.5694699,591.5276384,572.913419,501.3716406,625.6771953,589.5306596,640.8776647,511.4015551,532.2580622,530.6633839,571.6982202,594.9908485,543.1709148,567.4853214,634.5148056,488.1267441,650.7331812,726.0728099,584.39005,522.4346579,565.9828039,532.6467887,585.7705424,788.5530307,696.2665975,553.3526422,600.9606564,573.4964291
run42,509.572944,537.0768595,513.2433374,540.3774103,549.0399124,526.248697,534.8757248,515.4196342,542.8379729,539.225821,474.4535168,550.0629681,548.1660315,523.9801919,532.4866561,494.2760047,539.6013101,534.3455286,567.9532433,536.6119585,487.1103328,496.0756732,503.8164615,573.4168579,519.5884377,527.5923107,543.9573247,507.3418161,531.0270388,528.8525551,539.6717725,508.2360853,525.0675179,520.7013272,599.1890248,503.0601031,520.8325688,497.409103,546.715729,565.337618,518.393582,531.9840085,516.2566331,517.7441559,558.6886852,533.013168,537.2397652,537.4726591,514.4785801,510.8537001,548.7968883,542.3156024,533.7244641,542.3156024,494.3745485,532.1438388,552.4649898,512.7763473,517.161062,531.8927199,517.6360764,562.2610903,569.4662549,524.6453665,542.1496043,543.4089806,496.2742385,534.7373114,543.0995357,552.8098494,541.4866271,549.088543,539.4839136,549.6727833,550.6982012,532.9902545,530.617962,548.0206551,514.8203837,560.4311938,515.6554359,531.4139686,552.8344986,543.6710941,524.6897715,544.7938879,521.1828703,529.8922686,528.6045321,541.9837079,529.3492999,531.2773408,516.3641373,546.1618123,534.0233149,567.095975,548.7483093,585.4939224,538.827436,520.1770212,534.3685588,565.0799554,556.2074066,597.456597,526.1816959,574.2401603,520.0024872,534.7142494,492.1960818,553.3279467,562.3120913,517.2905249,526.2710345,511.4015551,574.0540467,561.166801,531.4139686,533.4718515,576.9927076,579.8531148,486.4605211,509.6567313,542.4342346,491.3573218,518.9794601,512.5219834,496.4133288,572.1467144,558.5125141,579.6633457,553.3526422,571.6982202,547.7059372,502.5910779,529.0556561,576.0008967,561.9298088,576.0811867,543.4327987,527.0092366,543.7426235,545.6810572,556.2323599,542.1258986,511.2961071,574.2401603,535.6382815,537.8923775,491.2989103,521.2266911,533.0819203,537.3096122,516.5147184,524.1352484,532.8070177,544.0289294,552.8344986,604.712447,560.8621777,544.8417693,508.569642,515.9773316,501.4527523,535.5226029,609.49854,687.6168433,573.4964291,521.7531162,532.0981632,534.4376612,548.0933337,552.6373658,567.7451828,551.0408578,530.617962,533.1277649,515.5267901,558.2610339,543.7187783,567.095975,577.2613512,572.913419,547.1983097,562.3120913,585.7705424,512.6067433,577.1807319,562.0571785,501.3108241,556.5819403,490.2304892,589.5867279,547.7059372,551.5311077,482.5789857,566.422372,576.9927076,654.9268027,590.9355751,548.0448792,634.5148056,544.3633343,594.4488326,635.1974641,572.6223583,579.6633457,557.7838448,584.39005,515.2268659,564.1799828,630.5777287,571.1188586,590.9637417,530.3455942,599.1890248,568.2135335,563.231695,556.7568953,573.7352754,501.3716406,586.9352065,568.2656202,572.5694699,568.2656202,567.4853214,625.6771953,589.5306596,640.8776647,543.1233267,532.2580622,530.6633839,551.7029013,513.4558869,591.5276384,594.9908485,543.1709148,634.5148056,537.5891819,488.1267441,650.7331812,726.0728099,584.39005,522.4346579,565.9828039,532.6467887,585.7705424,788.5530307,696.2665975,553.3526422,573.4964291,600.9606564
run43,568.2656202,550.6982012,550.0629681,531.4139686,579.6633457,533.0819203,521.2266911,527.5923107,491.2989103,543.9573247,516.2566331,532.1438388,486.4605211,528.6045321,517.2905249,556.2323599,518.393582,515.9773316,529.8922686,535.5226029,536.6119585,541.9837079,565.9828039,531.3911924,520.0024872,543.4327987,562.2610903,529.3492999,521.1828703,512.7763473,518.9794601,599.1890248,510.8537001,548.7483093,531.8927199,533.7244641,567.095975,569.4662549,534.8757248,635.1974641,526.248697,534.7373114,537.2397652,520.8325688,528.8525551,549.2588181,517.161062,524.6453665,543.4089806,542.1496043,503.8164615,546.715729,530.3455942,590.9355751,539.4839136,542.3156024,502.5910779,542.3156024,508.569642,513.4558869,599.1890248,540.3774103,532.4866561,549.6727833,523.9801919,549.088543,576.9927076,501.3716406,591.5276384,543.6710941,531.9840085,519.5884377,514.4785801,507.3418161,552.8098494,515.6554359,534.7142494,552.8344986,541.4866271,494.2760047,513.2433374,509.572944,566.422372,549.0399124,517.7441559,546.1618123,558.6886852,525.0675179,567.9532433,520.7013272,552.4649898,532.9902545,539.6013101,537.4726591,516.3641373,514.8203837,503.0601031,533.013168,542.8379729,497.409103,556.2074066,494.3745485,492.1960818,491.3573218,542.4342346,533.4718515,512.5219834,496.4133288,576.0811867,594.4488326,537.0768595,552.2189249,640.8776647,530.617962,548.0206551,531.2773408,553.3279467,509.6567313,550.3804014,474.4535168,515.4196342,524.6897715,548.1660315,534.0233149,572.1467144,539.6717725,545.6810572,527.0092366,531.0270388,562.3120913,558.5125141,634.5148056,501.4527523,544.7938879,557.7838448,563.231695,561.166801,544.8417693,564.1799828,579.8531148,560.4311938,565.337618,526.1816959,548.0933337,597.456597,561.9298088,511.4015551,604.712447,515.5267901,543.7187783,558.2610339,573.4168579,577.1807319,530.617962,567.7451828,511.2961071,571.6982202,533.1277649,526.2710345,560.8621777,576.0008967,532.0981632,521.7531162,552.6373658,534.4376612,535.6382815,543.0995357,508.2360853,496.2742385,529.0556561,572.913419,574.2401603,487.1103328,537.8923775,567.095975,544.3633343,539.225821,609.49854,562.3120913,577.2613512,516.5147184,524.1352484,532.8070177,544.0289294,574.0540467,512.6067433,547.1983097,562.0571785,501.3108241,542.1258986,543.7426235,517.6360764,553.3526422,496.0756732,547.7059372,589.5867279,543.1709148,547.7059372,571.1188586,556.5819403,482.5789857,726.0728099,576.9927076,654.9268027,520.1770212,534.3685588,600.9606564,565.0799554,574.2401603,490.2304892,548.0448792,572.6223583,584.39005,530.6633839,551.0408578,687.6168433,573.4964291,551.7029013,538.827436,585.7705424,585.4939224,532.2580622,515.2268659,551.5311077,548.7968883,586.9352065,630.5777287,573.7352754,568.2135335,568.2656202,589.5306596,556.7568953,572.5694699,543.1233267,567.4853214,531.4139686,625.6771953,594.9908485,634.5148056,650.7331812,584.39005,537.5891819,726.0728099,522.4346579,532.6467887,585.7705424,788.5530307,696.2665975,553.3526422,573.4964291,579.6633457
run44,558.2610339,568.2135335,515.5267901,567.4853214,567.095975,549.6727833,545.6810572,521.1828703,508.569642,535.5226029,496.2742385,530.617962,501.3108241,534.7373114,561.166801,494.3745485,501.4527523,542.3156024,515.9773316,536.6119585,528.8525551,516.2566331,491.2989103,531.3911924,543.9573247,518.9794601,502.5910779,520.8325688,548.7483093,507.3418161,532.4866561,552.8098494,549.2588181,530.3455942,543.4327987,531.8927199,529.8922686,634.5148056,521.2266911,533.0819203,526.248697,512.7763473,517.161062,542.1496043,539.4839136,532.1438388,532.9902545,514.4785801,531.9840085,535.6382815,543.4089806,527.5923107,517.2905249,542.3156024,599.1890248,524.6453665,516.3641373,563.231695,523.9801919,562.2610903,546.715729,534.8757248,537.2397652,503.0601031,511.2961071,517.7441559,550.0629681,574.2401603,492.1960818,512.5219834,567.9532433,630.5777287,553.3279467,537.4726591,533.013168,541.4866271,494.2760047,529.3492999,525.0675179,491.3573218,533.4718515,530.617962,520.7013272,572.913419,550.6982012,537.0768595,576.9927076,577.2613512,573.4168579,590.9355751,514.8203837,549.0399124,515.2268659,541.9837079,576.0811867,528.6045321,486.4605211,533.1277649,552.4649898,519.5884377,542.4342346,540.3774103,513.2433374,509.572944,542.8379729,566.422372,520.0024872,497.409103,556.2074066,526.1816959,565.337618,526.2710345,604.712447,562.3120913,544.7938879,561.9298088,474.4535168,569.4662549,548.1660315,534.3455286,539.6717725,534.0233149,550.3804014,549.088543,513.4558869,515.4196342,524.6897715,531.4139686,538.827436,534.3685588,597.456597,591.5276384,517.6360764,531.0270388,533.7244641,548.0206551,534.7142494,509.6567313,537.8923775,553.3526422,574.2401603,567.095975,531.2773408,496.4133288,558.6886852,594.4488326,543.7426235,529.0556561,576.0008967,552.8344986,558.5125141,546.1618123,510.8537001,599.1890248,544.8417693,542.1258986,585.4939224,552.2189249,490.2304892,539.6013101,518.393582,539.225821,560.4311938,579.6633457,571.6982202,521.7531162,532.0981632,534.4376612,552.6373658,548.0933337,567.7451828,543.0995357,537.3096122,560.8621777,556.2323599,508.2360853,577.1807319,487.1103328,516.5147184,524.1352484,532.8070177,544.0289294,553.3526422,503.8164615,556.5819403,512.6067433,562.3120913,527.0092366,562.0571785,543.1709148,531.4139686,552.8344986,547.1983097,547.7059372,551.0408578,532.2580622,530.6633839,551.5311077,574.0540467,496.0756732,572.1467144,687.6168433,547.7059372,548.0448792,482.5789857,576.9927076,572.6223583,634.5148056,654.9268027,589.5867279,573.4964291,585.7705424,548.7968883,625.6771953,579.8531148,557.7838448,635.1974641,564.1799828,579.6633457,590.9637417,556.7568953,544.3633343,571.1188586,551.7029013,532.6467887,586.9352065,726.0728099,568.2656202,573.4964291,568.2656202,640.8776647,543.1233267,501.3716406,589.5306596,511.4015551,584.39005,594.9908485,572.5694699,488.1267441,650.7331812,537.5891819,726.0728099,584.39005,522.4346579,565.9828039,585.7705424,788.5530307,696.2665975,520.1770212,573.7352754,600.9606564
run45,520.0024872,531.0270388,531.4139686,536.6119585,531.8927199,510.8537001,529.8922686,564.1799828,528.8525551,560.4311938,503.8164615,520.8325688,534.8757248,549.2588181,517.161062,542.1496043,542.8379729,543.0995357,524.6897715,515.4196342,576.9927076,507.3418161,532.4866561,502.5910779,518.9794601,609.49854,552.8344986,515.9773316,525.0675179,508.2360853,511.4015551,541.4866271,517.7441559,604.712447,494.3745485,532.1438388,516.2566331,634.5148056,561.166801,486.4605211,549.6727833,516.3641373,526.248697,534.7373114,542.3156024,520.7013272,494.2760047,513.2433374,509.572944,537.0768595,550.6982012,549.0399124,543.9573247,503.0601031,533.013168,537.2397652,514.4785801,532.9902545,491.2989103,521.2266911,533.0819203,530.617962,515.5267901,558.2610339,501.4527523,552.4649898,572.913419,529.0556561,544.8417693,521.7531162,551.0408578,535.6382815,534.0233149,558.5125141,543.6710941,530.3455942,513.4558869,547.1983097,599.1890248,597.456597,501.3716406,524.6453665,543.4089806,546.715729,577.2613512,573.4168579,541.9837079,531.3911924,562.2610903,512.7763473,591.5276384,540.3774103,474.4535168,548.1660315,569.4662549,543.4327987,528.6045321,549.088543,523.9801919,497.409103,550.3804014,556.2074066,519.5884377,534.4376612,565.337618,532.0981632,521.1828703,548.0206551,552.8098494,514.8203837,529.3492999,537.3096122,539.4839136,567.095975,558.6886852,539.6717725,567.9532433,562.3120913,508.569642,552.6373658,567.095975,517.6360764,550.0629681,576.0008967,526.2710345,542.3156024,544.7938879,534.3455286,533.7244641,548.0933337,537.4726591,492.1960818,533.4718515,491.3573218,576.0811867,543.7426235,542.4342346,594.4488326,530.617962,517.2905249,516.5147184,552.8344986,561.9298088,524.1352484,532.8070177,544.0289294,560.8621777,544.3633343,509.6567313,533.1277649,640.8776647,547.7059372,515.6554359,534.7142494,553.3279467,599.1890248,512.5219834,573.4964291,552.2189249,545.6810572,590.9355751,539.225821,542.1258986,567.7451828,527.5923107,548.7483093,496.4133288,546.1618123,571.6982202,553.3526422,496.2742385,511.2961071,574.2401603,566.422372,490.2304892,539.6013101,518.393582,574.2401603,574.0540467,547.7059372,532.2580622,515.2268659,530.6633839,537.8923775,562.0571785,487.1103328,579.8531148,579.6633457,551.5311077,527.0092366,512.6067433,562.3120913,572.1467144,501.3108241,556.5819403,496.0756732,543.1709148,577.1807319,589.5867279,548.7968883,531.4139686,482.5789857,635.1974641,551.7029013,520.1770212,534.3685588,579.6633457,565.0799554,634.5148056,585.7705424,654.9268027,576.9927076,543.7187783,625.6771953,538.827436,572.6223583,557.7838448,548.0448792,630.5777287,590.9637417,573.7352754,556.7568953,565.9828039,594.9908485,585.4939224,532.6467887,586.9352065,726.0728099,568.2656202,568.2135335,563.231695,589.5306596,568.2656202,687.6168433,571.1188586,543.1233267,584.39005,572.5694699,567.4853214,488.1267441,650.7331812,726.0728099,584.39005,537.5891819,522.4346579,585.7705424,788.5530307,696.2665975,553.3526422,600.9606564,573.4964291
run46,530.617962,599.1890248,585.7705424,532.4866561,550.0629681,532.0981632,474.4535168,515.4196342,531.4139686,526.1816959,520.1770212,527.5923107,634.5148056,524.6897715,539.4839136,537.3096122,549.0399124,548.1660315,569.4662549,511.4015551,604.712447,542.8379729,534.3685588,538.827436,526.2710345,531.4139686,565.337618,577.2613512,507.3418161,496.0756732,543.0995357,548.7483093,533.013168,534.7142494,561.9298088,488.1267441,539.225821,533.0819203,552.8344986,543.6710941,532.1438388,543.9573247,558.5125141,487.1103328,549.2588181,576.9927076,482.5789857,519.5884377,520.0024872,501.3108241,534.7373114,518.393582,516.2566331,514.4785801,517.161062,536.6119585,561.166801,531.9840085,503.8164615,528.8525551,546.715729,543.4327987,512.7763473,517.7441559,537.4726591,546.1618123,531.3911924,562.2610903,540.3774103,525.0675179,520.7013272,494.2760047,529.3492999,513.2433374,558.6886852,552.4649898,508.2360853,549.088543,531.8927199,509.572944,544.7938879,534.0233149,524.6453665,542.1496043,541.4866271,541.9837079,542.3156024,567.9532433,543.4089806,590.9355751,526.248697,534.8757248,530.617962,565.0799554,542.3156024,520.8325688,497.409103,567.095975,528.6045321,556.2074066,548.0206551,550.6982012,502.5910779,548.0933337,496.2742385,563.231695,517.6360764,585.4939224,492.1960818,491.3573218,496.4133288,533.4718515,542.4342346,576.0811867,640.8776647,552.2189249,509.6567313,594.4488326,609.49854,549.6727833,562.3120913,517.2905249,552.8098494,529.0556561,576.0008967,521.7531162,503.0601031,512.5219834,579.6633457,544.8417693,537.0768595,571.6982202,521.2266911,508.569642,515.9773316,521.1828703,529.8922686,516.3641373,535.5226029,539.6013101,510.8537001,531.0270388,514.8203837,494.3745485,491.2989103,597.456597,556.2323599,486.4605211,534.4376612,552.6373658,567.7451828,530.3455942,513.4558869,550.3804014,533.7244641,534.3455286,591.5276384,565.9828039,564.1799828,518.9794601,634.5148056,527.0092366,545.6810572,548.0448792,515.2268659,515.5267901,573.4168579,558.2610339,567.095975,516.5147184,552.8344986,544.3633343,515.6554359,553.3279467,531.2773408,524.1352484,560.8621777,560.4311938,635.1974641,532.8070177,544.0289294,511.2961071,574.2401603,532.2580622,530.6633839,537.8923775,547.7059372,533.1277649,572.913419,501.4527523,574.0540467,579.8531148,574.2401603,599.1890248,579.6633457,562.3120913,551.5311077,542.1258986,543.7426235,562.0571785,577.1807319,490.2304892,547.7059372,572.1467144,566.422372,589.5867279,556.5819403,576.9927076,547.1983097,553.3526422,687.6168433,573.4964291,512.6067433,654.9268027,572.6223583,557.7838448,543.7187783,625.6771953,548.7968883,590.9637417,551.0408578,630.5777287,573.7352754,551.7029013,556.7568953,532.6467887,568.2656202,586.9352065,568.2135335,568.2656202,726.0728099,589.5306596,571.1188586,543.1233267,584.39005,501.3716406,594.9908485,572.5694699,567.4853214,650.7331812,726.0728099,584.39005,537.5891819,543.1709148,522.4346579,585.7705424,788.5530307,696.2665975,553.3526422,600.9606564,573.4964291
run47,543.9573247,496.0756732,509.6567313,515.2268659,518.393582,524.6453665,558.2610339,552.4649898,532.1438388,520.0024872,514.4785801,530.617962,536.6119585,543.4327987,599.1890248,519.5884377,539.4839136,540.3774103,521.1828703,507.3418161,552.8098494,516.2566331,533.013168,508.569642,515.9773316,510.8537001,515.6554359,511.2961071,490.2304892,539.6013101,542.3156024,558.6886852,546.715729,574.2401603,517.7441559,517.6360764,549.6727833,522.4346579,542.1496043,532.4866561,531.9840085,529.8922686,534.7373114,517.161062,491.2989103,542.3156024,543.6710941,512.7763473,535.6382815,533.0819203,530.3455942,531.3911924,599.1890248,560.4311938,543.7426235,537.4726591,585.4939224,521.2266911,542.1258986,531.2773408,549.2588181,528.8525551,567.9532433,543.4089806,503.0601031,526.248697,534.8757248,532.9902545,515.4196342,539.225821,548.1660315,494.3745485,531.8927199,492.1960818,553.3279467,576.9927076,523.9801919,542.8379729,563.231695,520.8325688,550.6982012,537.0768595,528.6045321,562.3120913,516.3641373,525.0675179,541.4866271,517.2905249,549.088543,534.0233149,474.4535168,569.4662549,549.0399124,513.4558869,548.0933337,531.4139686,552.8344986,562.2610903,524.6897715,509.572944,511.4015551,526.2710345,544.0289294,544.3633343,526.1816959,574.2401603,577.2613512,497.409103,550.3804014,604.712447,552.2189249,548.0206551,556.2074066,503.8164615,565.337618,537.3096122,558.5125141,486.4605211,513.2433374,573.4168579,591.5276384,546.1618123,520.7013272,534.7142494,556.2323599,553.3526422,533.4718515,543.1233267,567.095975,539.6717725,491.3573218,542.4342346,512.5219834,496.4133288,572.1467144,594.4488326,634.5148056,501.4527523,561.166801,530.617962,518.9794601,550.0629681,590.9355751,531.4139686,534.3685588,538.827436,532.0981632,502.5910779,531.0270388,564.1799828,571.6982202,597.456597,527.5923107,529.3492999,527.0092366,572.913419,496.2742385,533.7244641,534.3455286,545.6810572,535.5226029,544.7938879,560.8621777,640.8776647,521.7531162,534.4376612,552.6373658,529.0556561,576.0008967,516.5147184,552.8344986,515.5267901,561.9298088,543.0995357,524.1352484,547.7059372,567.7451828,532.8070177,579.6633457,553.3526422,547.7059372,532.2580622,530.6633839,537.8923775,533.1277649,574.0540467,494.2760047,541.9837079,609.49854,579.8531148,567.095975,508.2360853,566.422372,551.5311077,512.6067433,579.6633457,562.0571785,543.1709148,487.1103328,547.1983097,562.3120913,551.0408578,501.3108241,556.5819403,577.1807319,482.5789857,565.0799554,635.1974641,589.5867279,576.9927076,548.7968883,585.7705424,573.4964291,551.7029013,634.5148056,654.9268027,543.7187783,625.6771953,572.6223583,557.7838448,548.0448792,630.5777287,556.7568953,590.9637417,501.3716406,571.1188586,532.6467887,586.9352065,594.9908485,726.0728099,565.9828039,568.2135335,568.2656202,573.4964291,687.6168433,568.2656202,589.5306596,584.39005,572.5694699,567.4853214,488.1267441,650.7331812,584.39005,537.5891819,726.0728099,585.7705424,788.5530307,696.2665975,520.1770212,573.7352754,600.9606564
run48,568.2656202,635.1974641,534.7373114,526.248697,520.8325688,509.6567313,501.3108241,516.2566331,528.8525551,491.2989103,521.2266911,486.4605211,562.2610903,543.4327987,599.1890248,510.8537001,534.8757248,491.3573218,542.4342346,528.6045321,556.2323599,531.3911924,542.3156024,546.715729,536.6119585,508.569642,503.8164615,512.7763473,515.9773316,535.6382815,687.6168433,507.3418161,542.3156024,540.3774103,534.0233149,590.9355751,549.2588181,531.8927199,502.5910779,533.0819203,520.0024872,542.8379729,514.4785801,515.6554359,530.3455942,517.161062,524.6453665,542.1496043,543.4089806,521.1828703,576.9927076,532.1438388,539.4839136,599.1890248,530.617962,537.0768595,552.8098494,549.6727833,532.4866561,523.9801919,518.393582,548.0206551,532.9902545,503.0601031,529.8922686,492.1960818,537.4726591,512.5219834,553.3279467,567.9532433,533.013168,549.0399124,543.0995357,563.231695,561.166801,544.8417693,561.9298088,496.2742385,496.4133288,541.9837079,531.2773408,609.49854,537.3096122,576.0811867,531.0270388,543.6710941,567.7451828,533.4718515,519.5884377,531.9840085,550.6982012,529.3492999,562.3120913,518.9794601,521.7531162,597.456597,577.1807319,560.4311938,535.5226029,552.4649898,533.7244641,482.5789857,573.4168579,537.2397652,514.8203837,517.6360764,585.4939224,513.4558869,726.0728099,515.4196342,558.6886852,509.572944,534.3455286,474.4535168,548.1660315,539.6717725,552.8344986,525.0675179,527.5923107,543.9573247,517.2905249,517.7441559,513.2433374,511.2961071,543.1233267,550.0629681,531.4139686,552.8344986,524.6897715,520.7013272,494.2760047,541.4866271,539.6013101,546.1618123,534.7142494,516.3641373,497.409103,567.095975,494.3745485,544.7938879,552.2189249,527.0092366,545.6810572,556.2074066,558.5125141,543.7426235,542.1258986,547.7059372,572.6223583,553.3526422,548.7483093,534.4376612,532.0981632,565.337618,548.0933337,552.6373658,526.1816959,526.2710345,576.0008967,574.2401603,508.2360853,515.2268659,560.8621777,562.0571785,572.1467144,537.8923775,548.7968883,496.0756732,585.7705424,550.3804014,579.8531148,571.6982202,572.913419,487.1103328,579.6633457,547.1983097,539.225821,562.3120913,501.4527523,530.617962,533.1277649,634.5148056,515.5267901,558.2610339,543.7187783,576.9927076,573.4964291,654.9268027,594.4488326,551.7029013,490.2304892,553.3526422,534.3685588,579.6633457,547.7059372,556.5819403,566.422372,577.2613512,524.1352484,516.5147184,544.0289294,532.8070177,567.095975,604.712447,565.0799554,640.8776647,548.0448792,530.6633839,589.5867279,512.6067433,551.0408578,501.3716406,584.39005,538.827436,557.7838448,532.2580622,551.5311077,564.1799828,571.1188586,590.9637417,549.088543,630.5777287,568.2135335,586.9352065,556.7568953,544.3633343,573.4964291,568.2656202,572.5694699,591.5276384,625.6771953,589.5306596,511.4015551,567.4853214,594.9908485,543.1709148,531.4139686,634.5148056,537.5891819,650.7331812,726.0728099,584.39005,522.4346579,565.9828039,532.6467887,585.7705424,788.5530307,696.2665975,573.7352754,520.1770212,600.9606564
run49,521.1828703,531.0270388,561.9298088,526.248697,534.8757248,520.8325688,549.2588181,496.2742385,534.7373114,528.8525551,520.0024872,536.6119585,539.4839136,509.6567313,501.3108241,561.166801,494.3745485,546.715729,516.2566331,532.4866561,508.569642,515.9773316,531.9840085,486.4605211,519.5884377,548.7483093,549.6727833,523.9801919,517.161062,542.1496043,524.6453665,532.1438388,535.5226029,531.8927199,516.3641373,543.4089806,512.7763473,531.3911924,542.3156024,491.2989103,535.6382815,530.3455942,541.9837079,562.2610903,533.0819203,540.3774103,528.6045321,558.2610339,521.2266911,599.1890248,550.6982012,556.2323599,507.3418161,533.013168,537.2397652,552.8098494,562.3120913,573.4964291,524.6897715,539.225821,514.4785801,537.4726591,532.9902545,515.6554359,531.2773408,572.1467144,548.0206551,530.617962,527.5923107,543.9573247,514.8203837,508.2360853,517.2905249,494.2760047,529.3492999,517.7441559,541.4866271,539.6013101,492.1960818,553.3279467,496.4133288,512.5219834,491.3573218,537.0768595,558.6886852,542.4342346,525.0675179,576.9927076,533.4718515,518.9794601,520.7013272,552.4649898,530.617962,546.1618123,510.8537001,590.9355751,513.2433374,509.572944,549.0399124,552.2189249,567.9532433,533.7244641,534.3455286,539.6717725,549.088543,594.4488326,573.4168579,576.0811867,543.4327987,515.2268659,503.0601031,474.4535168,569.4662549,548.1660315,542.8379729,515.4196342,550.0629681,513.4558869,551.7029013,517.6360764,640.8776647,534.0233149,550.3804014,531.4139686,552.8344986,534.7142494,558.5125141,527.0092366,545.6810572,547.7059372,537.8923775,567.095975,526.2710345,544.0289294,511.4015551,604.712447,531.4139686,565.337618,579.8531148,497.409103,544.7938879,538.827436,534.3685588,520.1770212,597.456597,556.2074066,576.0008967,526.1816959,600.9606564,542.1258986,542.3156024,512.6067433,574.2401603,533.1277649,565.0799554,511.2961071,571.6982202,572.913419,502.5910779,553.3526422,591.5276384,518.393582,609.49854,537.3096122,501.4527523,544.3633343,565.9828039,532.0981632,521.7531162,534.4376612,548.0933337,552.8344986,544.8417693,515.5267901,543.7187783,552.6373658,516.5147184,524.1352484,529.0556561,532.8070177,560.8621777,567.095975,567.7451828,560.4311938,543.7426235,543.0995357,585.7705424,487.1103328,547.7059372,574.0540467,547.1983097,577.1807319,551.0408578,589.5867279,503.8164615,562.0571785,579.6633457,543.1709148,634.5148056,562.3120913,577.2613512,490.2304892,532.2580622,530.6633839,551.5311077,566.422372,556.5819403,634.5148056,482.5789857,654.9268027,576.9927076,488.1267441,635.1974641,687.6168433,548.0448792,572.6223583,557.7838448,548.7968883,584.39005,564.1799828,630.5777287,573.4964291,568.2656202,585.4939224,590.9637417,563.231695,532.6467887,726.0728099,586.9352065,568.2135335,568.2656202,571.1188586,572.5694699,556.7568953,589.5306596,567.4853214,543.1233267,501.3716406,625.6771953,594.9908485,650.7331812,726.0728099,584.39005,537.5891819,522.4346579,585.7705424,788.5530307,696.2665975,553.3526422,573.7352754,579.6633457
run50,589.5867279,510.8537001,482.5789857,487.1103328,496.0756732,520.8325688,520.0024872,503.8164615,528.8525551,532.4866561,534.7373114,515.9773316,529.8922686,516.2566331,518.393582,531.9840085,536.6119585,526.248697,531.0270388,532.1438388,517.161062,535.5226029,549.6727833,548.7483093,543.0995357,501.3716406,524.6453665,534.8757248,546.715729,537.2397652,523.9801919,540.3774103,561.166801,552.4649898,543.7187783,558.2610339,577.2613512,560.4311938,542.1496043,549.2588181,521.1828703,543.4089806,539.4839136,516.3641373,544.8417693,531.8927199,509.6567313,491.2989103,521.2266911,512.7763473,542.3156024,531.3911924,543.6710941,535.6382815,542.3156024,533.0819203,547.1983097,599.1890248,528.6045321,518.9794601,542.4342346,634.5148056,527.5923107,543.9573247,517.2905249,573.4964291,502.5910779,542.8379729,549.0399124,529.3492999,474.4535168,534.0233149,569.4662549,534.3455286,533.7244641,513.2433374,497.409103,565.337618,509.572944,525.0675179,537.0768595,550.3804014,556.2074066,574.0540467,550.6982012,538.827436,526.2710345,526.1816959,534.3685588,553.3526422,574.2401603,531.4139686,494.2760047,520.7013272,548.7968883,552.8344986,541.4866271,550.0629681,539.6013101,561.9298088,514.8203837,597.456597,494.3745485,486.4605211,527.0092366,545.6810572,544.7938879,541.9837079,576.0008967,573.4168579,508.569642,552.2189249,539.6717725,530.617962,517.7441559,514.4785801,567.9532433,532.9902545,515.4196342,524.6897715,507.3418161,503.0601031,533.013168,548.1660315,539.225821,562.2610903,537.4726591,515.6554359,511.2961071,599.1890248,531.2773408,530.617962,517.6360764,531.4139686,552.8344986,566.422372,534.7142494,558.5125141,558.6886852,547.7059372,532.2580622,551.5311077,515.2268659,551.0408578,490.2304892,542.1258986,572.913419,537.8923775,533.1277649,565.0799554,532.0981632,521.7531162,534.4376612,552.6373658,552.8098494,548.0933337,537.3096122,567.7451828,529.0556561,508.2360853,553.3526422,516.5147184,544.0289294,567.095975,532.8070177,524.1352484,560.8621777,512.6067433,556.2323599,576.9927076,567.095975,572.6223583,572.1467144,562.3120913,556.5819403,501.4527523,530.3455942,513.4558869,551.7029013,590.9355751,543.1709148,585.4939224,546.1618123,591.5276384,562.0571785,604.712447,562.3120913,548.0206551,574.2401603,634.5148056,547.7059372,543.7426235,492.1960818,491.3573218,533.4718515,553.3279467,576.0811867,594.4488326,549.088543,543.4327987,579.6633457,576.9927076,512.5219834,501.3108241,548.0448792,564.1799828,585.7705424,579.8531148,496.2742385,584.39005,557.7838448,579.6633457,594.9908485,635.1974641,556.7568953,568.2135335,571.1188586,544.3633343,530.6633839,625.6771953,543.1233267,563.231695,726.0728099,573.4964291,609.49854,568.2656202,586.9352065,511.4015551,589.5306596,532.6467887,726.0728099,572.5694699,565.9828039,584.39005,496.4133288,568.2656202,640.8776647,571.6982202,654.9268027,537.5891819,630.5777287,522.4346579,590.9637417,488.1267441,650.7331812,585.7705424,687.6168433,696.2665975,520.1770212,573.7352754,600.9606564
